artists,spotify_id,monthly_listeners
Gen Hoshino,1S2S00lgLYLGHWA44qGEUs,2800000
Ben Woodward,142VT1MtWzaD13CnOiKFDn,194100
Ingrid Michaelson,2vm8GdHyrJh2O2MfbQFYG0,1800000
ZAYN,5ZsFI1h6hIdQRw2ti0hz81,25800000
Kina Grannis,7h4j9YTJJuAHzLCc3KCvYu,1700000
Chord Overstreet,5D3muNJhYYunbRkh3FKgX0,4500000
Tyrone Wells,5zeCSgiRyezbfLiGOpKAsR,511100
A Great Big World,5xKp3UyavIBUsGy3DQdXeF,3000000
Christina Aguilera,1l7ZsJRRS8wlW3WfJfPfNS,33000000
Jason Mraz,4phGZZrJZRo4ElhRtViYdl,19900000
Colbie Caillat,6aZyMrc4doVtZyKNilOmwu,8600000
Ross Copperman,5nHR37FDSU4I0QQta0AZ1C,287300
Zack Tabudlo,67IN4cLJ7798gUapyZlmac,4600000
Dan Berk,2kfmnXYxa9yh0RkUBPjSwZ,184100
Anna Hamilton,4M3M107IjDKjUYtXBWLvb4,23
Deepend,0uGApGjjFXKwUOAqYBeX7B,4500000
Landon Pigg,1whjlG0NSaQytgDIWz10GS,201600
Andrew Foy,65vC7eduMeu5MYUXVqIhyg,145100
Renee Foy,4vXLV26Szecr2zx6St7Ppz,124800
Boyce Avenue,7CQwac16i1W5ej8YpuL3dv,2800000
Bea Miller,1o2NpYGqHiCq7FoiYdyd1x,4000000
Jennel Garcia,1Ff1cuzx8IrADaKnclXscN,320700
Brandi Carlile,2sG4zTOLvjKG1PSoOyf5Ej,3400000
Sam Smith,2wY79sveU1sp5g7SokKOiI,54400000
KT Tunstall,5zzrJD2jXrE9dZ1AklRFcL,5900000
Eddie Vedder,0mXTJETA4XUa12MmmXxZJh,3100000
Lucius,1WrqUPWlHN5FXCRcQgrkas,887500
Highland Peak,1J8P3Xd19imC48x8qnxxFV,81600
Motohiro Hata,706WzkJEacBrtkHKRpBU2q,2200000
Andrew Belle,3UAk61T8PItbpgEi9u7ofY,1100000
Ron Pope,6CmXhyslohOFRJMtPpRm4O,1100000
Adam Christopher,22QkuOmdRnasuuVgUjhrVw,344700
Aron Wright,4MKVLp1MAwYFqaXhe1g8dA,269100
Sara Bareilles,2Sqr0DXoaYABbjBo9HaMkM,4800000
Kurt Cobain,6pAuTi6FXi6qFQJ1dzMXQs,521700
Tim Halperin,3nVeK8gQChVtVCCjGreal2,634800
Canyon City,6TdfKQvrdHZdr4DIzjuWOr,301600
Aaron Espe,11nbBcaBk8uXBPQsc3Sq9p,179000
Tyler Ward,5Hc9oDGvStNGmnj44m8sHg,622400
Five For Fighting,7FgMLbnZVrEnir95O0YujA,2200000
Bailey Jehl,3HX0wFvwBn3wbxrtHuEUus,246400
Nusrat Fateh Ali Khan,5HcunTidTUrOaf8V0iJcvl,13300000
Drew Holcomb & The Neighbors,4RwbDag6jWIYJnEGH6Wte9,1600000
Gabrielle Aplin,3w6zswp5THsSKYLICUbDTZ,1200000
The Civil Wars,6J7rw7NELJUCThPbAfyLIE,811200
Callum J Wright,47KiS7rrEXolpFicX0aTGe,381400
Fifth Harmony,1l8Fu6IkuTP0U5QetQJ5Xt,15400000
JP Cooper,4kYGAK2zu9EAomwj3hXkXy,7400000
Mone Kamishiraishi,68TWc4rraWK3C522KFdt0b,200200
John Adams,35OhI7DSls022v9Bz9r0VZ,110200
Kitri,2i9CbxfaMspiPMCYZgvgPW,47500
Augustana,61YE3whKiuRr83j1yOm5M7,481300
Matthew Perryman Jones,68524z8sd176IRenNb1Fjy,356700
Ray LaMontagne,6DoH7ywD5BcQvjloe9OcIj,3700000
Sierra Ferrell,3oVcF3VdpMuvMvLLyHPT4t,3000000
Meg Birch,3LB7FvgVlOipXr9itiGxGY,83600
Catherine Feeny,2PKUc5LXsZNjqOpAZKcFgz,158500
Joshua Hyslop,1I7oHjCjMrMUz66v67yJJu,340400
JJ Heller,7dq8KEwf0kQXJhM79iwcPh,475500
Howie Day,0ekbDNE2eOq8QiaXM34wer,1700000
Ben Rector,4AapPt7H6bGH4i7chTulpI,1200000
Matt Nathanson,4NGiEU3Pkd8ASRyQR30jcA,1100000
Rachael Yamagata,7w0qj2HiAPIeUcoPogvOZ6,230000
Parachute,2PCUhxD40qlMqsKHjTZD2e,608100
Susie Suh,6zDFhpdu4WUVVGTz0JSLMh,171900
Robot Koch,47V6nyjOrUR98qv6gkYssI,433600
Lindsey Stirling,378dH6EszOLFShpRzAQkVM,3000000
Eden Elf,0S9wI9ZGeEwgNmVC61utdR,211900
Ren Avel,0G60ExqaVqj0ap0Sysa8AJ,131500
Rachel Grae,0ekCwZGQUkAISV1h48jlHn,1100000
Cary Brothers,21R50WhyQI5HxWOTr6MyY1,204900
The Mayries,38SWPOPO1YqxUPnT4AAoID,533500
Joseph Sullinger,6mNAxWgMw0EjVXUNhHpRpM,208400
Yonnyboii,13rJ1RvOkiAEQnvbt9SlXR,331200
Tobey Rosen,7xW6v5mmwGhWtoZ0x2AhLN,228000
Aqualung,3uT7nEkZwWc2GBiqUZGoOe,349100
Karis,1lhlB2y3qsT4o94Ti3h5V6,39
Ray Lorraine,4lf5sycK82JMzmkebi1Kic,45600
Agustín Amigó,3hUFjtgMr2bvq6E6tY7yQB,116500
Nylonwings,2FLK3ubX0vLLfbU5ViuJTN,276900
Amy Stroup,3dVt88018sQikXFlIocj3X,122100
Connie Talbot,6v6kEdFKqKZ2T7XjjBD9um,552200
Caleb Santos,3XEHRbR9NMWfNzQ6TQMS9M,1400000
Viva Music Publishing Inc.,1d1BeULLUX4HWNVypEUMfy,1300000
Priscilla Ahn,5oU0tZlItLctcLOQPS3mCy,226300
Jon Bryant,2gzH4rGNFJeNg13yv2uI4L,423300
Donovan Woods,4SOtk3HtPYKqxnVuxNBMti,536200
Angelina Cruz,4RUeoFWpDZ3IxGR7LYPoYN,47800
Stephen Speaks,0AvtzKTYleNqdJXoZasQWG,3300000
The Weepies,6pwHWKweuoCyx3OoFaD0Q5,342100
Deb Talan,7tFFagB7kjwoCTP3QMlzJD,355100
Steve Tannen,6vvDymlJBME7J2SPsyY3td,341600
Freddie King,5dCuFngSPyOOnTAvrC7v2s,650000
Taj Mahal,1aTDTChWWyiJH3SEnYrdVp,803400
Keb' Mo',6iDaoPZVgxrTkndDCisX8F,737500
Gerald Albright,3bhckpkRmz8mqONUceSutp,161300
Thomas Daniel,6szSMqKKwkFqJoK3MxK3Hk,187700
Masayoshi Yamazaki,6gvedX0HcRQYMD5IhY8KKt,542100
Todd Carey,0LCLu0eCcX5xembxDadUbz,61300
Ariza,4hfAjEKTAFTmJvGQCGTED5,203300
Chuck Leavell,3Dj8QpO2yUyElSCfiatKI9,9800
YUZU,38f5pUehPkMW3H5u7cGtE4,13
Jonah Baker,6cpVjPOo5Ozn28hUfYBXqm,827400
Billkin,2a727ekkPaUHk0bMifk7fj,1700000
Anna Nalick,4LoM3lMauQ540MW9QiyIcR,756800
Us The Duo,3QGKsAfhZdldQCLuLjk6zl,606700
Tenille Townes,3TyeX0lk4B7k56ukfzEE0z,564900
Megan Davies,09kCHZp9iFO2FJNb9lR6G5,356400
Megan Nicole,3OiVNeHkjQfnikmcBXbplT,140100
Amos Lee,0QrowybipCKUDnq5y10PD2,1500000
Meghan Trainor,6JL8zeS1NmiOftqZTRgdTz,20300000
Days N Daze,3wRGr9z5I5xmmVc21fIvC6,129500
Mindy Gledhill,24gJ2GCq5zx1Mh08ZpmiSo,81200
Dave Barnes,7hbH1qupmU6HxVBjWJItlq,203300
Get Dead,3V70UC5ftw2Rt78ctlaQdz,62200
Albert King,5aygfDCEaX5KTZOxSCpT9o,673500
Aoi Teshima,4FrFdi2hHpulQOxDihRIQD,763200
Emma Heesters,3898xesz6JuQkpz7Kiu4uM,1200000
Jae Hall,1rxN6Kd4PGaLmhhW8ktW3d,274700
A Fine Frenzy,5dTYaRzOn4rXGBLH052EeQ,237000
Roses & Frey,2FyfsZmatt8gWR3LKnQIwE,232400
Aidan Hawken,2v7uKtvs8C3LSxEUXB0rva,52100
The Rescues,28xUSGD80Bh3CuLlg0GVqf,43000
Ivan & Alyosha,3D1IyJznpDnWnnFrzjuWnh,80500
Austin Plaine,6AMV5iw09ZrX1h3o4x7uVN,66400
Plamina,7x6A8huMVnPZ5wAzlw6HSp,513299
Imaginary Future,470WlqN9HSRDGNaMufeHHF,654200
Phillip LaRue,7gIDHAJ0iFOGSMTiqsNUZT,120200
krissy & ericka,09DdQEMQaaq0f99vqqub3V,1400000
Takehara Pistol,0IRFQcZbbHHpFY5EUNA2XA,114600
Allman Brown,239Y6QdFqVFfdsw6moqSEN,477800
Liz Lawrence,5v4XGACPGcMZs2ANXBzVmC,67500
Eddy Tyler,7KT0K9Jyst149sFJoP4s3D,64900
Joy Williams,4TCXgdDPm10ensLNCVnIYa,993400
Lusaint,35v2YILQxee0yatdWj6Kg7,437600
Sarah Hyland,7icfzHg2AhHxy65PU58rCP,6200
Mother's Daughter,09AgPKJAS5Muco3pU4xh7k,191000
Beck Pete,4eumHUk8mIV3mQWfGWt5GN,0
The Perishers,511NdtFxUgN1HgraPcUotf,77400
Madysyn,6fg51LVMgKxGjpIR9ihl9k,170100
Matt Johnson,5gFCOJYoKgxTx0KUXISEAS,41200
Jaclyn Davies,5MKHjGZGjZ7mZV0JPs9iot,161100
Greg Laswell,2Mf99N2VcDEcVuocyBLhyC,254200
Sara Phillips,0IYTdG3kSqaozW2xSPA6GL,296100
Joe Brooks,6Z8D437D8u4IdirS4Jc58d,64500
Masaharu Fukuyama,5FGlhIQqewJRV8fx24toG0,1100000
James TW,0B3N0ZINFWvizfa8bKiz4v,2100000
Ciaran Lavery,7zOuMHqRJ6YOMnCGpLfuTU,85900
John Frusciante,7rN3Agir6FaZNfhf5V7mfN,550100
Sara Farell,39S7Y72G0tdDPy2INGFicV,472500
AJR,6s22t5Y3prQHyaHWUN1R1C,7600000
Rodrigo y Gabriela,7vX3cMVyW8gtDA4y855ynF,438300
Front Porch Step,4UXiNDHAiv8DOSLkp0GbSm,166400
Eric Hutchinson,39x8gyJjTHiBQklFgVJSV4,490500
Brett Dennen,0FC1LIeQXKib0jOwZqeIwT,496300
Rail Yard Ghosts,53Etexqw6ntkNvjb9avkEQ,21900
The Bridge City Sinners,67koLjNJIwd3at8sM8EAkt,234000
Frank Turner,27M9shmwhIjRo7WntpT9Rp,354300
Matt Costa,0EghvcisxKybq4CVO7rB5t,106400
Ichiko Aoba,6ignRjbPmLvKdtMLj9a5Xs,1700000
Meiko,2IkmuwBBKvBWsJjzyUsvhp,97900
Erin McCarley,6Y4bCmUNPDKqc7dHkVvgim,82800
Isabella Celander,6sQYT9B066RITdelCECQuE,86200
Amber Leigh Irish,1uuV1avDy9Eup5gYHXVG05,538500
Jess Penner,4jiFEtepbK56gnPNxxeDhs,25700
Daniel Robinson,1tlNtqr5jF7Z8pR9i4RWsa,370700
Yosui Inoue,4BQT8wAPy5SGtRnfstMzbA,712400
Tamio Okuda,3ZWE1TnryM03rfzVin17K0,445600
Celine,5ZheOSzgxKh55R5LlDApTq,44700
Blame Jones,4FCvYJ06Q8c4AScPG501KY,194400
Matt White,5nrKbDQoztn1qIZAwXvGUq,111500
Madi Diaz,7E1o9IcnpiFQDlAUk2H7Az,194100
Tristan Prettyman,49RRjdOtssOA73G9NnVeUM,80700
Mark Oblea,3Selnc0BwhaX4HX9781VgP,4700
Hanare Gumi,2nyUb9foGvK7AlESn5DCte,107500
Benedict Cumberbatch,46S69U7PXsn0Byc7nJhJOd,4400
RENT STRIKE,1IfEVZHYxDJMQJKd4IH9Hd,18200
Mischief Brew,73U1Zb71I5JwgC1qVqZ8NO,74500
Grace George,5twhJoJJtAOsHl6KQjji8Z,488000
Jack Savoretti,7nC05zmJukRGYObQeRgg3x,763100
Richard Walters,3rUqgY188kWz0hKkqnpk9F,248300
Kaiak,3ib0ROvqntFv8PPQ2CIlso,335600
Viktoria Tolstoy,7blyuo5sQPRB2tmtUf2SpZ,99300
Bailey Rushlow,1tTQcokfKcsCxZaHF2pIhw,451000
Wayne Mack,62eR2vdahhu9BuJesGEQCI,29400
Aimyon,5kVZa4lFUmAQlBogl1fkd6,5200000
Sungha Jung,3OpWOvjJnk86geCHrAxkHA,101400
Zee Avi,6zGcYBjlNOMSVVrl7ZoGsH,114500
Joshua Radin,7omzannyG2lfDqP5xyZo34,464100
Bailey Pelkman,6Yf66b8yGM70EPGmoPvN0s,88200
Randy Rektor,0W0CgVReXLV2PQ0zQADjCC,66200
Tres Hermanas,3rXT3DX9OeNMfH8Thivxrk,131500
Dave Van Ronk,6QmHysWvckkQR74oxmLmtz,124400
Josh Klinghoffer,3nByCLLgBS3VGDmDvtdyLl,1700
Freddie Boatright,4QnIbY1Ic9d8ngmOCk2HeB,0
AcousticTrench,7FtIwSBEj9k7ANhBpnqxsX,22400
Lee DeWyze,1KNNZV9twnpQBqyUoGvWA6,172200
Clementine Duo,4s6YWKUwngB7oxE6CPWsW2,184900
Brandon Chase,3qXWWITvZcTD1M2QmXszJK,647200
Austin Basham,3Dd1WVQvZUgyi9XEqOIPhA,143400
Eastmountainsouth,4H7QVpyCHkaUeEOpCPzZQk,18000
Peter Bradley Adams,0CdbG1eHVjqjkQsGoH2u1V,345500
Suy Galvez,3eCn1jNrQSk0aE1cgkArZz,26600
Howlin' Wolf,0Wxy5Qka8BN9crcFkiAxSR,735500
Buddy Guy,2gCsNOpiBaMNh20jQ5prf0,766100
Bonnie Raitt,4KDyYWR7IpxZ7xrdYbKrqY,2300000
Mance Lipscomb,7jmGjfkkVOjBdjf54YHhwg,10900
Violent Femmes,0rpMdBzQXf7aYRnu5fDBJy,2400000
Drei Rana,,
Selena Marie,3Fry4pa5Q3xXItdaW73pno,1300
Harley Poe,6lqmbDjxe5rhvXIyfNl23o,97500
Trevor Hall,3RMHexittaAZkf8zukkZB8,1700000
Marieme,2GcthSTguQ2Xbbq03jb1fP,9300
Colin & Caroline,2Y4125mDrgQyPD7dt76Rtm,335200
Ysabelle Cuevas,323nxrsc0C5JSsmlN2srN8,66000
Ethan Loukas,5KaNWaFGm1LSNLO7eEOsNW,22000
Janine Teñoso,79xQzxFHnfg9PfnicQ2JiK,1300
Penny and Sparrow,65o6y7GtoXzchyiJB3r9Ur,311300
Sonny Boy Williamson II,69VgCcXFV59QuQWEXSTxfK,365100
Shannon & Keast,48hHNfz4xNPbsKEZOkNfmN,97300
Mia Rollo,3GIa8pG4XaVNJ6vptOiDIG,87900
AJJ,4IDpDJIDfK96HMLD4Tphyl,304200
SANNA NORTH,1TGsAa2Jc0sAhpfK3wunw9,3900
Pigeon Pit,4Bmvzoo0CzEGV4EczcG9rv,104500
Kris Allen,2zwHaEmXxX6DTv4i8ajNCM,273300
Lúc,0C7P4ox94jj7mYQnjwO7nX,64000
Edy Hafler,6i9IwqxrIrIQZKJbBOBc3T,183000
Mat Kearney,2NQEwAVHBNcI0tGMLlWwF1,772700
Simon Samaeng,7n4yZSvg16XY22sxvZzKfw,263200
Sakura Fujiwara,5tvnQkP9zNAqYW2YKYk1Et,198200
Eddie van der Meer,08WRjJPbPqSEOkFuc99ymW,123400
Maris Racal,4bOVj4CTZ1WzSIiWRG9b3n,111600
Apes of the State,4HemfSCDgnPiHQh8Z6iyd6,75800
Gail Blanco,3GCjJuW39MAe4vieRj9ZyB,111100
Emilie Mover,4dx2QFru02KbFFNYgwourF,13500
William Fitzsimmons,41FEVJCBGidsJwbjq0KfgM,256500
Vivid Color,4qXCADLD9pMWPUkOBCLQ9H,35000
Albert Collins,1uFixbBAduJkFAeRKznkvW,546400
Jon McLaughlin,6z29S0IoiBJpSMP8plyCj7,286700
EJ De Perio,0EsbqfoNiHI0u1OaQUYDlI,16000
Beyond The Guitar,4S5AtlCYMKonu1l2G9ZIFp,87300
Hannah's Yard,08qkAEn1wetskAwcPrcOPf,333200
Vendredi,728y8xDi9WMeYqKeuYgDF0,111500
Son&Dad,51ko40AiZIUn6oTSUS9NQb,49700
Chris Cresswell,1P8j4elxsyd9hIky8RRy6b,13300
Chuck Ragan,6iU0naWn1UgiTReoiXqPXI,74500
Tim Vantol,1a1kfqTA5XiOHLhDFgZhSd,34700
Chad Hates George,6nZs04GLkNYMWY2WMHfEpz,8700
Acoustic Guitar Collective,4uUpWtX0o0EM3p4P5L5X6n,41200
Jules Larson,66fOsZEHm1oSOEGov5KxxW,22000
Rosi Golan,1eggYygEtBl6TJv5CtkYn7,88600
Cat Power,6G7OerKc3eBO9sVkRNopFC,1000000
Will Moore,6XnR821CI0nzD4XFQ2ZFDo,48000
C.W. Stoneking,6FfC7T2cxMj6H7Q5mmqAYe,255000
Johnnyswim,4igDSX1kgfWbVTDCywcBGm,267000
Drew Holcomb,0Obcl00RkSejk0z0m4vUwT,221900
Ellie Holcomb,5hNiAUVPCTgcpy8vljCxzs,972900
Marc Broussard,4cEwEednPwWCdYT7ZhROZe,547400
Juicy Karkass,2aKKEnS80G2Fa8AsGkooLf,232
Mindy Smith,4QGC11o7gQR7MBEJ5cUMSv,70000
Anya Marina,6xYBLeSMu1AqPsnUzEvx5n,146500
SafetySuit,3V8Gdws52TzoL8WLZHvpzc,161300
Hannah Trigwell,7AEPFGsBBHqMtHGiYDFVQy,232600
Futuristic,5Z5jUyiNvFaqp0EVyLNf0p,567200
Filip Nordin,1bOdLrsbjrSDXbbeTB30X5,36800
John Legend,5y2Xq6xcjJb2jVM54GHK3t,21600000
Melvin Taylor,2JBKZGnF8j5nadn67i5B10,286900
Lucky Peterson,3OxsMm9KHw2FRJLGHtILl5,65900
Titus Williams,2K0crC4ekOyAs8pjqS8dKB,373
"Ray ""Killer"" Allison",3Q0HOgwnPIW7zk7YGkohc2,0
Luther Allison,7EynH3keqfKUmauyaeZoxv,160600
We The Heathens,4U3TCX8zNcabb8tDtIMdgp,11800
Ramshackle Glory,0qdblxxVBeNzq1LFwzjN9g,50100
Eric Lumiere,4TSqSBlGY1wV5qhnX6vVwB,151000
Carly Lyman,0JTSOm4WqfTPZVzKpl5b9K,0
Jason Lux,6LZMT40ot82WlrWyYQmwyB,127400
Michelle Featherstone,1Y50jSAGSM3NnuzqB8yTsk,24300
Big Mama Thornton,6bR0cgMtkCVpm0I5yrDNzO,234800
Neulore,6SLbaDa56f1CZlUNuF0gk3,26600
Nathan Angelo,2SqgsdjQfoeGLl8Zq2O5aE,123600
Andrew Ripp,7oAskcd3mX9ZzxMPFHYqoN,923200
Covers Culture,5WqAC2eKe7UnQifadzN9r7,10
Acoustic Covers Culture,6YjLcNee0zYri4IbAnsC2D,0
Lounge Covers Culture Of Popular Songs,6jqJtgQMxwzgdxaJX2Jw3B,1400
Keisha White,2mmqVFK5tacUQOfldCNeaX,139100
Beans on Toast,6fVeXD7D2RpFoR6bzNEDPo,54500
Not Half Bad,3oOlOS93V6ex5t5lrvZ7s7,20000
"Defiance, Ohio",275dFoyS7o1g1O4rFgy3Ix,87100
NORMANDY,31AyAonR1hLJW6fJclSukV,9800
Lynn Miller,7t16j0VcCmlGamciil7QwK,0
Parker Jenkins,7tWORed2e6L4nzFezvRPOI,2800
Sunset & Highland,11gRZ3XWWyqrY8LUdV5EZT,43700
Shikao Suga,3sddhwNhGabYSvzYKhB7qj,232800
Guus Dielissen,2lBxgKTiYd4kpfnAnFyI1P,463300
Naotaro Moriyama,31VPfrPEa86aKpD2LT3Ued,525300
Postcards & Polaroids,5ccCHLpAxCdSMFHeeLUPrw,26400
Sad Boy,1DBadVuL4ksSfQbWi0GiNd,3100
Yu Takahashi,4aDG4r8Fb7lNdMtETDIB4t,853100
Unkle Bob,3Bf4u6r96pGx1eIbaGqfvf,44100
The Cameron Collective,30CTCeWTcfn1YhUcRmxinO,63400
Kurei,4vhBj1tAmj0jreQyGM7s9W,6800
Little Walter,22JuR9OeENcP54XN5TlNWS,300100
Matt Pless,3yQ3jD3d0ytK5DdnsiM2e5,26500
Jay Filson,7uRzmsDR6QQL4zYgHv2O6p,100200
Ankle Grease,6rv1Ew6Q4UXmIOsTkO528y,8700
John Elliott,656sXNLrPYauWAmwrV2ySw,1800
Taylor Manns,008yUYD9avjHlXXmT47dz9,18300
Zak Manley,7lPHtt1VkCRiYgDji7FCq2,121700
Linn Brikell,0PNyNiPpI6zQnbQyXDPQzu,90200
Rosie Thomas,5Tw6OSRLoU7IHTO8kHGRQr,48700
The Shins,4LG4Bs1Gadht7TCrMytQUO,2900000
Sufjan Stevens,4MXUO7sVCaFgFjoTI5ox5c,15300000
Josh Ottum,0HuUZip4HsqYsjkq4qZ6NB,122
Celestial Conscience,0UG5sCzTJoQXp7RvjoypkI,25900
Erato,72T7KgrFiMTgXRWxfuDn5o,408600
Charlotte Almgren,0XlZ7ymNRBhsLCUpX8fBua,1400
Caj Morgan,6Xvy1uxkv35sodFf8FfpNw,40400
Kazuyoshi Saito,7sl3PZyhzAqUpL3M6WVD8G,1100000
Brendan James,2aIPQyKrN3oVev1kHudiai,69600
Calibretto 13,3KKiTDneH2x2sLtVPnTSOh,2500
Laura Jane Grace,4yfPiAauSgUfyc4k4WtwM9,62700
Derek Trucks,1xJPYI7GXasA3ariMSftPq,488300
Grace Petrie,4bFdVUzXSr2unwjEoOe5dY,12400
Salty Snacks,5rXaOEzB1J3SPGCwb6yVcG,6700
Alex Goot,66Fb5gJ9SX2WGlqDLUpjux,334800
Michael Logen,7KaasLUJvHN32JTeXBmowR,26800
Ice Seguerra,19X3R5eJguNYE8lwDZZWV9,56900
Jimmy Rogers,20k4RFKXyboeDSz9bjumx0,92600
Steve Pulvers,4EIHPmsZkohwAGfn46iNmq,44500
Stephan Baulig,7gAbIQOGMoPh5J2VtRF5Ks,19900
Rory Block,6hkNj3GAqFbkEUCs3R1dY3,88300
Bobbylene,4jVjfrQxk5Ume1XLK0UdxM,44100
Joey Cape,47LEGQCc9FShxKmbod8u7e,25600
Cannon's Jug Stompers,65oBffOa88Yjia8B9FTLAS,3200
ELLE,69CkCxLxcVNFW6k252bWA0,23
J.J. Grey,2uAduWnHf7kmOLazXpsGl1,5300
Chrissy Dave,0mJ6L6PN7PcoqUBSw0zAmy,18800
J-Que Beenz,0acIWCh2fgq3vfr2D1P1XS,124200
Roberto Diana,1ADT5n2ddD6Pawz2Ufjik4,9600
Muniesa,3ZQonINCoqeD0Fe8FzeZ8v,15500
Bootstraps,0x5TKpXlF0dsnMNB2xOYXz,58400
Graham Colton,3bCmhyXqTr9ZNGlHNYNTFA,144200
Stephanie Briggs,50jBlZgEf9BJOkTuzWpkG5,24
Correatown,2GJQXrUXTv7KbTFnUp2ZKJ,15600
Aberola,0i3cbCgMSQS3tXMVFXoaTC,40200
She/Her/hers,4VfY7XPH7M1nahvlNluxTg,18400
Corporate Hearts,2OLdp1MFO8NLtcRpE0e76m,10100
Dan Andriano in the Emergency Room,6PzNEcjhgM7tQ9FfrPEPrc,14000
Limoblaze,0liXA3xwx6pncxYQA30ahT,985300
Lecrae,1CFCsEqKrCyvAFKOATQHiW,2500000
Happi,0YbBm6H6QlKoGl7igoxB34,6500
Criolo,37ZflmHTdxkSLQuT8w9NBs,1800000
Rael,0GWNKI3VPEcJsOIEhUjmxd,1400000
BaianaSystem,5JHYuwE2n7bleXMUsmtCW5,801200
Plastilina Mosh,4PtVXWSOmF4Tox1jj6ctSq,1300000
BNegão,3wYrCJWf6iI5vuUDOnZdUw,99600
MC Hariel,0pcoadNMmvrUyab1RxWBoV,8300000
Liniker,2O6q06oNcmOIPg1qidSU3C,2800000
Maria Vilani,3t7oGsQ0d8tswRxZVNdM8G,0
Jaques Morelenbaum,5QdS83aNvQzKgj43VTdY8d,538200
Jorge Drexler,4ssUf5gLb1GBLxi1BhPrVt,2500000
Sebastián Prada,3sKZkGBDzeqXtOzKGzMaS6,11100
Emicida,2d9LRvQJnAXRijqIJDDs2K,2100000
Mano Brown,0fMjaafeNhHPA6mJ5ZglAJ,608300
Liz Reis,4gxxqKQABZVa6qOxSVcXEC,0
Evandro Fióti,0mXdPvdqQete31NQDPBlT4,28600
Juanafé,5CE7PcyVcEKMSuQA4IHF7d,135500
Milton Nascimento,3Bnq7jiU506HcPjRgQ43TM,2500000
Samuca e a Selva,3xRsjZtEO4W7Y4Wgr4wSLD,84200
Jackie Mittoo,6UTUjmko5raD927Hbx960a,154500
Pompi,1Rkz7wbIgGz8wBCN8TsfKU,111100
Menahan Street Band,1PryMSya1JnSAlcwYawCxp,798500
Los Pirañas,1TWdamQsAiOgB0szQsMSeq,15100
Orquestra Afrosinfônica,5L28JP0Fiegz0AJe2Cy2ly,27200
Makavelli,3GKyBNSYZ6aufV6Bij30U4,0
Jaymitta,2FjtiARjBsSIR7diQtYeAT,0
Buguinha Dub,2XEe5tiTUJbMnBQbaFWguL,12700
Curumin,1W1k6LUPDR0l4zwvKR4YLI,234300
Edgar,0ZeTpaHiNCZFAuQ7v1fZ7Z,14300
Los Amigos Invisibles,5x3mrCTZmkoTXURN7pWdGN,2600000
Gal Costa,1b8kpp4DUwt1hWaxTiWQhD,3200000
Metá Metá,2JmW0VFQ6nJ8eMc3HKPeiF,65700
Cássia Eller,10naVTwNjE50daQVrN0bXh,4000000
Samba de Lata de Tijuaçú,0XncfxE1QfxyHrFDvrXMWc,0
VANDAL,5h4q1RQZ3TrsU4fImHo11r,83300
Mandrill,6RWnslEkqboHbDg0OUabe5,112700
Luedji Luna,0sWTkzCrdEvuX7Du6MFLzc,2000000
As Ganhadeiras de Itapuã,6RvtIoZAX7XyMEdd5WlG2L,18400
Hugh Masekela,1b3F5FI7TX4IWTNA4P1kWp,405200
Manu Dibango,30UIjoCGuL3Fa5BOc3ayNW,335800
Ernest Ranglin,6RTCb5pWKinqlUyG2qacit,209000
Calle 13,0yNSzH5nZmHzeE2xn6Xshb,8600000
El Michels Affair,0cLrgpG3pW4MX4nD8h6qCc,821500
Ali Farka Touré,3mNygoyrEKLgo6sx0MzwOL,512799
Toumani Diabaté,2nCACYdIndYchzX4bxLcTW,750500
Antonio Carlos & Jocafi,6we2u0wHu4S9H6A1LVZ6LA,328600
Ferraz,01VsXNrszWERedrdHgRVH2,309900
Afrocidade,1kbDI5eg73ftGzwOf4OKZL,32600
OQuadro,4VTl5tjAkjNTiiIwqfH6Wq,9100
Dimak,7iEikKLHjwwpLEaNvolFnB,0
Nomade Orquestra,0empAFasxmO94e7zJOurTf,21300
Russo Passapusso,4Rgs2uEA4ZPVrfSGTcFvVm,114600
Nação Zumbi,4Va55p3P2P96lIgzntievo,704600
Romperayo,1Ey12Gi2P3PNPBsz39cncu,16800
William Onyeabor,755pQSGUy6rtPrUCbnJTvi,226700
Carolaine,74xOEeQrskQLkzcn0upDue,0
Bixiga 70,6rUeHFntOV8tgpoUJvEthU,53200
Orquestra Brasileira de Música Jamaicana,28RBIZhnFFXuj6ST2ELsMS,14400
Tony Allen,6JpZEemWmunccsrHXFUOgi,230000
Gugu Shezi,6ERuzJ5niL7hoKwYzqVBfp,0
CalledOut Music,3VY7IlU2547DIC1ca88lRH,466800
Bang Data,1z0s3ikCPDZcV6ppW7ER6b,43000
QUITAPENAS,64NFwIwtxjxfrmg8Fro1HD,4000
Morbo y Mambo,5BQDGBWMoSYmYQuABh7JP1,17900
Letta Mbulu,7iwwcDXXToUdUoDYP70EA0,261300
Damon Albarn,0O98jlCaPzvsoei6U5jfEL,213900
Subhira,08Gqx6zasvaeENYIGcJyDC,1600
La Misa Negra,0Q6BYEUIIzKDzxFd4sRD8h,4600
Demian Rodríguez,5rJG5I7ZC5C51fXEyV5E6V,22400
Newen Afrobeat,0PTJ848ulShbjTx2yqaAlb,26400
C-Funk,4W818VxLQukD34t6dFjoRO,121700
Mcklopedia,1PNgAcUW6UgN59okEaTpvG,1600000
El Hijo De La Cumbia,1upPNitgKmsdBSirf7eDER,21700
Bule Bule,2uVdlaZlNsyBeTofx5UwC7,229
Rapadura,4A1cX2TiUVTIaJMdWgpm4j,89300
The Budos Band,5q4eLKmqFVP0xII8087PHz,350500
Roberto Mendes,4vxTGeI4eFlHrekGPKgL8V,46200
Claudia Manzo,3CMX8YNfpVGTCUudvZPDpg,13400
The New Mastersounds,1DJVvIcjKhdedkuGRzW7PG,322700
Spellbinder,7orRQM9F0Q0GehGc3JY3VV,379
Moses Bliss,79MTG7HPurBgQ0ilwJ4AgM,1300000
Emandiong,5Vvh5iDYvPE6EHhUZbgpBs,122900
Mulatu Astatke,7HGFXtBhRq3g1Ma3nH4Rgv,657400
TJ Cream,1TZefNFtUjTfi595whCyi0,9500
Caê,2kXEw2HoJKXcvvYvZ7XKye,32500
Jor'dan Armstrong,2s0Vf0XkLyHCQfyvFDnTi8,83000
Sarah Téibo,2TiTzlqsBiRzHXSHQIIabT,9200
Sigag Lauren,0CYHsfVyqOajHaAn2uqZzA,15700
Paola Carla,0pD33OcFUmNfYfg1EHoVU6,96000
Timoneki,1dcxpEMRhnUon25kF78fQW,4100
Silvana Estrada,72VywtXEoONiBLNu3ibGI7,1600000
Becca Folkes,6gNm3KPTOr2uiejwae6rHb,75300
Thiago França,3GVMJbhuozmJd74QTpxP1O,47900
Money Chicha,3fsyG1yskjAgNCPPfIUBcE,10100
Breakestra,0Jq39W2ruHAA8hGsheXIYG,88900
Africania,7mXmnmU0zOTtbaRTNm2O07,4100
Superthriller,1suSC2hPcHUIevXltmiCbR,180
Abayomy Afrobeat Orquestra,4W4o1hLeSM7vPjsZtxkAnv,9400
Tonho Matéria,3Gvd4jaWihN7nNBoffneNp,37400
Céu,2eFVsaX3yHLPeWpiqvmeFn,587000
Prinx Emmanuel,4HzpHfHz3EznjI4icnTvRz,340300
Grace Lokwa,1ShPOU9aA4b68tOHBSz7sW,175800
Cymande,0alWaCI5Sz0pGHrrXdjgdO,17
Monophonics,6LXZac7iBIZgnNrywTkQRw,644400
Kelly Finnigan,0gdEDrF1Fve7FIBYcmX7W4,604000
Amplexos,6P3CxjR8rnGz085BFoTgjo,245
Digitaldubs,4RtFBCvZqovRXr8Y60CP22,8500
Leão Etíope do Méier,3NuielObHNNSXe0V6MhV9m,106
Lenine,4YLBdrR3DVSMncm785NH6C,4500000
Choklate,5LdWEVbA1btfMyR7FMEjO3,21800
The Bongo Hop,0vIM6xovGnCeWUNYR42Zsk,438700
Dafuniks,04Sif7zzcEJZhYZy5BW3gZ,329300
La Cumbia Chicharra,5DT5ozQExex14fHR7KtrEr,10600
Emilie Rambaud,6zSjAU2RuN3iBx8dcqcBgG,1
Fela Kuti,5CG9X521RDFWCuAhlo6QoR,456900
Orgone,4WmMnGO1nLIsE85XwcBAZE,150000
Grupo Fantasma,1EJ0KSMkpoQJHChu5AyTHE,47100
Maikcel,7ztqGuOjym3CJ0pYlFHLaK,6900
La Flor del Recuerdo,3tWvay3ptxY5kOmd8SlaAL,19100
Carmen Lienqueo,3PN1SYp2N3RVacxJQcMvYj,443
Lack Of Afro,5e3Z7HYpiVcP3TlU0a4yap,297500
Wax,36kzCQhGfJzrLuZzrHweNV,375200
Herbal T,14Re45nZLhVUv0Jl6RyAmf,79900
Illy,6NFyaN9PMCDZ3LKxGwHAXt,586700
Eddie Roberts,7oitwuUO5J1Bd9ItTsc3bI,29400
Lamar Williams Jr.,1ArGVCjCLeHMHzUK4MUkD4,12400
Jay Mitta,3IsLmcVQQz0mojIXUnxREm,7600
Kinky,4WOIfFwyvx22jM0eg2fpKv,696800
Los Auténticos Decadentes,3HrbmsYpKjWH1lzhad7alj,9100000
Tropkillaz,5bzWtCkjIAMgN93gLt56SO,2400000
The Bamboos,1QVWN3ebl1dVgVbMgQPG8K,713500
Kutiman,0sDJfnuudhMaEmFPvALK2e,172500
Doctor Flake,5DZr9dQj9KPd62WuMeIPqK,110200
Saundra Williams,4EmnyCHnD8NmDRWckXctDk,427
Ozoro,5ruHLEZWgbxTMLo2I1ts0F,0
Nathanael,51A0nSOeTdS9Z0fVtDNFEs,8500
Voilaaa,6MQoRoLtsUg7Fzi5nJGmC1,398000
Pat Kalla,3qOrdMiR9VBKS6MIlDH4Aj,69300
Big Ty,45VKnFAF0MdITJH6dfuMm0,6
Markis,4m1912E02pZ71m0bO9ZEMf,65000
The Poets Of Rhythm,1i4iT0Sw4OUeMp7egnsbxR,233400
Fred Hammond,2ndyVAdV9UqF1XjyTJt484,528200
Andres Nusser,6uXBoIeHFP5FNkQQ9y7OfH,116
Hawa,4uwPFI3T6gpmf9VAmy8aSY,4400
Fouley Badiaga,5BJAFTRskBevT5NSmFvMql,951
Son Palenque,3VyjbWEHPjc9JEXsk6Tk2w,29800
Cerrero,5cVZnnikhcTwPENYemDKF6,29200
El León Pardo,1GWsnvoiuPEfBxKLkznKUu,9300
Washington,45xrKOcbwZy1VX41T2o7lX,0
Ikebe Shakedown,5ABBZoXY5r0UL1txACjinb,353200
Nosa,1yiTO5VCQNBGaLcAZYlGD5,1500
The Mighty Imperials,4t4OELbO9tgM518T5jAvRF,19200
Nidia Gongora,5Ln6VxkwRDdAH40Lel6Yj8,177100
Otto,089s22k5bYkeheTOfvbjRm,887
Wganda Kenya,6svnFatzuDJZKCWIK6edka,76600
Ada Ehi,27aJyju2K5sLLiCgZKemnt,560000
Osibisa,12X85dtebfc7JTZ8iMBT2o,52400
Nero X,2gDeY5oG7BcmCI0LkggFXC,85000
Marko,3ZgKjRocEczVCcOiWKDkOZ,29000
Angeloh,16b0fWgIHXMM87ZaHe4ERg,80000
S.O,6nELoJ6eMXfYHX5xocKf33,79900
Lijadu Sisters,1iElGdidl4zFXOpaaem4wZ,224600
Brownout,75ITBSKqlC5hlS4PZ2XP1S,35400
Orlando Julius,5nmP3vKUqynlECpm2ura7L,72500
Speedometer,20ztaBo1Ap1UXnF0HpOX44,84900
Eddie Neblett,0QpmjiTNZkUsu3rAXklFOx,17500
Jorge Du Peixe,2yS2oUDkJ9M5xdCZLjnzL8,45900
São Paulo Ska Jazz,6szvZFFvR9L526toDkoCvq,1600
Ken Stewart,03E4ermonfAv5E9m3gICn6,48
Lafayette Afro Rock Band,5EgMMveFcSL3rq87Wkyw4s,213100
Femi Kuti,6kgrtA0dlnVpWB6zjpXrRb,67300
Michael Masser,1tSvvqyxCY30xnBaCzGtnl,2400
Oscar D'León,1c84wItoiAe1pEbpJMqUmQ,5200000
Marizu,4rwolwLHj97rPwbhyNSeU9,206100
ATR,4l4EjHjmOJyDgzN9Vqukn0,9300
Orchestra Baobab,7xT0arvCDupDU1YYy0BNv9,340900
ST-Saint,1Ibt48HCzHnDbkZYstwnTw,2800
Mark Asari,3hBW7j4MAd33oB1Pe3eQ9g,4900
Reblah,7EHtFdWeBK26GJ5lKt02SV,24900
678NATH,6GbJj21JT9bkzYnu5FGscf,22100
Raptist & Marko,7bJVXSmvc3Sk53gvmbIMgX,0
Leslie Skye,5AZX66LDF11JZi7fGkGzun,61
Zelijah & Konola,1BsRvli0ObZKCIymB9V1Zl,0
Gtay,7GC5G06QgzcmoPBEnqjYvG,62
Nizzy Nath,1L69i4b89yBjgZZKWrDWNr,0
JL Poleon,4JOa2hjv8Q3aJfK0SPw0Qf,6700
A Mose,01bQLjy2Y6N10bDEJsQGEb,144
TBabz,2EmUjaYdA6kGxwZXzAGq7V,152200
Sir Jean,4SkHS4kCrdABhw4KLVrOz0,9200
Les Mamans du Congo,7i6SYXEQQzBMOlb4M9hE1I,31000
RROBIN,2xPaqV5LOTeUjSsMGaLVmY,31600
João Selva,4RLh1owxLqSCGyVgm875AG,139300
Ocote Soul Sounds,4khzV3qBWcUKdc50QOv8Tc,110600
Oba Reengy,2p8Rrwmp4CLigLFsClVDVC,75000
Yoski,3YaqvFjoNP0OYAqaitkLZN,1600
Orquestra Voadora,7yESRvEEjqOTuBgItxH14j,2400
Ada Betsabe,7uNB59gDx8XVl1rTJDL1KT,8700
Principal,28rYOx7FeY733u2sCbT4eF,296
Tneek,2Lo9EEYxcAUka4O41E9YrG,88
Star Feminine Band,3dy8kIwzqBk3FvlJkfhVjy,3200
Rehmahz,2n4Cjxgsst568zKdsmsEnY,62400
Asha Elia,60CbU4u8dlhoHzRCNhTA1S,59600
Victor Rice,4U5EfF2PUDRP0TVvgsePQ5,16800
The Souljazz Orchestra,0MiCOT2cVYso39XSskiUUo,279400
Ondatrópica,00E0xvoM67oRJk8a5iTyEh,400700
Thee Commons,11YxOehcb8m03SbdW3Xc9l,196
Kiko Dinucci e Bando Afro Macarrônico,,
Gyedu-Blay Ambolley,3K7G8Czqv2acbaWlxFfjbj,104200
Onã,44phALa8kYqCc9vHuQyuRl,124
Roxie Ray,6ZbBl2PqUW7wMAU2DnsDCG,161
Ebo Taylor,2gR0iQTVBPHDKiNn1Kq8HI,371300
Greyboy,4vMKAb6dOcNt1b5ocMdBCm,179600
Nino Moschella,2t2sOC1zFZpj0Li5YZmXAp,2800
Rex Williams,5KSFuLEiUvKeFg1tssgfuV,19800
Akalé Wubé,2jjVw1rNPydSwqfJc5uSdn,155800
Ilover,1u1HBGn11005EI15yP3FTq,1500
Dj Horphuray,0VQxKhG5uvT0gIDqAuyl4L,25100
Jason Nicholson-Porter,0J41vFW1jyQEmCDNALvGHS,129
Tehillah Daniels,1LBlWJ8gIB1B8DVMS2omuQ,0
Naffymar,31XHZpkBidKYdb27RBePrr,54500
Jaron Nurse,6bcoa1KigylsUcALv48BAM,21600
Bantunagojeje,,
The Sound Stylistics,104foQZN65b6NnTR40dwOO,11900
The Soul Snatchers,7DssAVUkBP2JAMLRvfrg20,11600
Vaudou Game,7MEH1SUDgj0NU6gDjDXokz,41200
Greatman Takit,5Z1poN2WggG90ye1X7E1hd,0
Euforquestra,6I1e3IQkbI45U7kX9ucCfJ,2800
Kyle Hollingsworth,0fzfdKzpTTZIywU3CKRgog,2300
Eben,02J7bo06ZZ1XmSGochlWak,2300000
The Dynamics,1mYvu9huHeR7ho3iGAgCsn,172400
Piya Malik,3WjeCzWHSOzMZI2vWXgFZU,51600
Matata,7imj8fIllhgGJqvKUVrdgV,227200
Jungle Fire,4fN32efNcPfJXVJ151noby,51200
Buyepongo,1HmiqLEbQr8UGX7aEMM3c0,10200
Lass,5lo0kRRetvEfkimf1sJxuX,211800
Wayne Gidden,611Q7uHgz8ZahPV9r2GHTi,34
Ricardo Lemvo,6RskO9Oq9NRBf0FkSP9CD2,27200
Foli Griô Orquestra,5LzjkRAGnEbfmZkt2CAiNl,3400
DJ Vinimax,5uMKFTFvnOR5hatoip2DD6,2500
Cebolinha do Passinho,6yq7cPOhlJGa8PD2NO3ZUZ,2500
Makina Loca,2jE9RlL5UD1eoYEHVNDH73,2700
Brown Sabbath,4atu9XT3qsjIMqgTywM2mn,7900
Aaron Behrens,14JrP665DYK1bGsuYj10C5,106
The Heliocentrics,6Gujb3D3UJuIBtTCCK2Hnv,125400
Lowell Pye,2XW1OHjJi2amPXgF7iw7PU,2000
Mulú,4jsA7x5v8Xg3L4FGwyhGaQ,602900
Le Super Mojo,5gS8DfFU8NYsqLiuZ96bHd,58500
Bosq,2tpbLTmBZZcGvcCHX6uw1U,434200
Rubén Blades,5BwMgvRwlq61SmknvsVIQj,4700000
La Chilinga,7J2YL38BFK6fxvA6p6NNfx,1200
Julian Assange,3XxzHHIiMghllmMO6cGypW,0
Tom Morello,74NBPbyyftqJ4SpDZ4c1Ed,4000000
Kamilya Jubran,0ZV2R4aq7rkX0pWXLGa42d,940
Edz,7IygeyfV9gDpsvyFc0vwQC,2
Iconili,6LpIhb1p1EklKKaPQu3VCz,5900
Hektombe,1IJq0H8jAxPSeGSh2q0jPK,502
Sharyn,3Q4LCCA4pELbkozdmAZtKS,23700
Qyubi,1yDHLz4ENiMdtHO1BJ91n2,8500
Totó La Momposina,26BL0aeVS96sje8JfCNfUk,959500
Susana Baca,1DiaZsjdOzFCdk7Dw9KIs0,103500
Maria Rita,1C8UBSZs5rOPfxuxTMS6OI,2200000
BANTU,6tt0iYnpHERj05WATWRiom,368000
Megaloh,7M6ItqYUMPQRQQ5q54tl7G,210400
Ghanaian Stallion,1rrYX4LEdujuVhl43MTpZF,28200
Soothsayers,4iJspDSUsyFWGNada2wdVx,12600
Renaud Bilombo,4s384HfYA94lFRYb9pjorr,0
Patchworks,5Qq1R0T5ZL6U0H8zerwFdo,144000
Nildes Bomfim,4obk4qYmEdtMoq1LzmG9Wq,195
Alan Evans,2MateezM65hguehwZGUCGU,16
Cuarteto Patria,4Ui5j0V10gw9x6KF7yiGSG,190600
La Dame Blanche,6u4VjE5cKZRnY451pcfhbG,159300
Warsaw Afrobeat Orchestra,7ajNbPxripp31FoOwgTxSb,2100
Höröyá,44uBo27f1a1nDZplTWeqxT,2800
Lee Fields,3MAzDpqE01xyUmzNsc0Ee0,323600
The Shacks,6vqxTQz5ZOfRSQZWfes7mR,343600
Hot Chip,37uLId6Z5ZXCx19vuruvv5,930300
Lefties Soul Connection,404uYs9bhCcDYAmlT3p67y,19300
Sambabook,2FW6Zt8gyIF7Fb7O3TGxnE,1900000
J Prince,35tol0lvaN9w6KWOUIM5oh,5000
Alogte Oho & His Sounds of Joy,4rGa6nIVxUyi8xWSwkHDE1,33500
Bacao Rhythm & Steel Band,0sjhSgEkyVa8QRmkkuckJ0,261100
Village Cuts,1a3m42fKHHR2MsiBQK3GVU,6800
Felipe Gordon,7rQKvsWUOJgXmInx2JuaXj,115900
Pacific Express,5zUYeKreM9Lo7fCqxM60Bv,9000
Jonathan Bulter,1PQxSbYThsQ8jXoxUUQOMW,0
Nolly,1qDxmgIV0aTR4QGRL4zXWM,60400
The Vaccines,0Ak6DLKHtpR6TEEnmcorKA,1000000
John Hill,7FFISpih28BCUClBnvGgIs,2800
Rich Costey,6lGobbUm1o5rF1IOpRFxTL,1600
The Sorcerers,2eTKPnPlLHpFi8QH5aIVYA,62500
Cyril Neville,7gZpdFerSL21Z6544jJIzI,7400
King Sunny Ade,0eatcjNWvGuDEPNnjgPNn1,156700
Silvio Rodríguez,4rUyBlggM5tZUH5QZn9ZuO,3800000
La BOA,5xV6jbPKovZme2AkqDN3qZ,19800
IFÁ,4y5KJ2i1IlXxRfYy2mVEtp,79
Okwei V. Odili,7eAsGkJpYRgpHVXzW64YLn,4
Whitefield Brothers,1ynl48Y4KflTXf1alW9g1L,68400
Mateus Aleluia,5a4ZtVIIv7tXhpSniKoUdv,211200
Black Coffee,6wMr4zKPrrR0UVz08WtUWc,3600000
Mahal Pita,13KepZHhR84vbrcLPVtmEF,30200
Tim Bowman Jr.,5A8ZfGPAh4EUTmOJ0Fck3l,65400
The Shaolin Afronauts,5zcJp5jvssOgZXcxI1wuWe,14700
Manoel Cordeiro,6HzvXr26SGdRx96ntGpH0B,23700
Jeff Franca,2pIZKxSJCijxZ7F46PrFkQ,0
Dekel,4WUjnhS0CHDhjdm9ei8pj7,28400
Johnny Drille,4f8vvLN5Rt3WszqOqVR9e9,2100000
First Fire,51vxmfr1DSnk27fLcbeirD,0
Elikem Kofi,2C7IIt1lmxuWOGnzJ9bFkl,22600
Dos Santos,5MCNh315T9Mi2yQTD4bYkn,206300
Zé Bigode Orquestra,2RCbMquWXxRBH51bcHf7Ay,4400
Carlos Malta,6hgc7sw0C6FY4Mq2ntZoDE,0
Dofono de Omulu,7g4b0S6ViQmIQqnKWIRyKE,21600
Ekedi Nicinha,2u4KMP0rfnoyw5EgWyNegh,6500
Chief Checker,6Jh2j83pQx6U91TJfYg6fu,0
Lo'Jo,3U9HMtqg5oztf8GAh3gosw,5700
Vincent Ségal,1DM0tMCA5GRAgG3qLCy67F,76500
Robert Wyatt,5iksmHDN2qZQcgFfXqIXtT,64700
The Mauskovic Dance Band,02riqGdWw4EdqKJzOeWRZS,115800
ÀTTØØXXÁ,43jyzP3h86XvtC8FQm4ow3,192700
Nathaniel Bassey,1ukmGETCwXTbgrTrkRDnmn,1600000
Chico Mann,2Wt6Q6ZHygCPVtMO3uxLGB,51400
Quantic,5ZMwoAjeDtLJ0XRwRTgaK8,2400000
Beloved Music,6zZJfrWCq3o5OvmNAXbCLP,2000
Triple O,5XcUqQbaEWVFP2PU6HAnDT,6000
Maga Bo,5LVpFfblbOVmGnrgTEnN4Q,15100
The Sugarman 3,4yGIAU59dDaVaXMDkicnlF,40700
Joseph Henry,1XjnwtJNpsFzLTsnitlz5Z,1100
Emma Noble,0wKTCSORBOl42BQBahvy6g,11200
Guinu,5ofL9KZec6IUhmMT7uSmXl,3600
Uhuru-Yenzu,01COhV6E3zLbPa5IJ27XkL,39400
TB1,79nV5xcc87fTQ2T527OqAG,17400
Louis Pascal,2XftZv39x5JTEBmKZFDuvg,29200
Oneness Of Juju,4ALwsFQJ7K7X4CowneIqsc,15900
Mestre Camaleão,3QAxSpwiLvWWN1VR8peFn4,0
Jlyricz,4cubKpeUAFDsrOnFRs9DGi,2500
Monomono,3d1fTZstX7Dj7qit96gjmD,934
Tony Allen With Africa 70,,
Girma Bèyènè,3Ju4igVmFdATTU3dZdaHqj,92100
Niña Dioz,7G4N4GY4l0qHm1yflRvsQ0,30000
Shigeto,48C2RLG6w7o4jAJjCJKZM8,57200
Geraldo Pino,6aUmoNP3dS6an1wvsfK7vg,7400
The Heartbeats,12InvBNZTKboiU2xT663oK,681
Ty,,
El Rego,01621nzFzHPae66HU5dTRT,37200
Kill Emil,3y9hQYlwNKqhdybIJTFzTr,138500
Antibalas,2KGF6IKZfVGCKfyqcNVGfh,82600
Lara George,6BMYlvYYyC0VxN6vV9y9KZ,416400
Nomo,4uWvboDVb3UDhPJPKRx4CB,9200
Assagai,4FEwj4yy2gs0sq4K2FmtJM,9
Rama Traore,5svF1iWgtWNLShOoj4AcOf,0
JKriv,1E7Z1EQlB22dXWNzsAxY0K,239900
The Funkees,6dqBherxR2n5xMfqAI0L2J,125100
Pat Thomas,6bDPzH0ZXkaMcXYlcQ2yoy,181300
Henrik Schwarz,1ooAqaFu4Ac3BO2HpL4V2R,300900
Buena Onda Reggae Club,2fuv23bY4oSgxNKH7TdUZz,2800
The Daktaris,42ccKlw9sHnNr29o6gqnsv,8600
Alex Maas,0dBNMuLxOUm6BEU0IiD5Fe,58100
Camila Recchio,5qlw5cfkSmG1KDyg2ANJec,3200
DIXSON,61677A13kBwbTfqECI65p8,61500
Bola Johnson,7CfyXrIeIEd05s0nEPvjW1,33100
Afrika 70,5lhLOXDLaw0yjEXd6xTasV,63300
Azarel,4GXcox2WTkrUHQ8q4iuCC2,11700
Leor,2w4BiVzQ4AChparp8sSzdl,1400
Edem Evangelist,0PMnq7uQBuRGsQuhMmikYH,28800
Nkumba System,0loywJyQKHumjO5lKkQ8zJ,297
Mamani Keïta,5v8Qrpoya6Bf8Yaus5aVk6,51500
Captain Planet,1WfWKF1hFimJLzz6ix6aRi,306600
cacique'97,33t1sk0KBtX3FxfAyWsSkc,2600
Joshua Ali,5QHqbbZO5nvmuSnZWYo4Ae,8800
Zem Audu,582GlCxrqtj6gdb6RmLC31,242
Dele Ojo,0owid8LvMA4fIWVoA42JPN,4200
The Polyversal Souls,6ucByLJIHHN6HfdMyZylyi,8300
Sir Frank Karikari,7ooUPeumSe2dVxkPYD9xmS,0
T$unami811,6ixB1NKRGIqCNJepgzW3wV,0
Los Celestinos,7t1oSCkNlyCtwOVVku3iMy,2400
Kylie Auldist,3CSpwE5QPsrPT9KgtG3BF4,69600
Gil Joe,7wEZIbeR4EyyHKhMEvBo5h,42400
Elif Çağlar,4329Rqrv9R9wc832cqQCVv,6200
Bing Ji Ling,4sIafgKDXEcNYhttAcg9R3,7400
Elliott Cole,2Vdwj4EloSXfXc8R9QzguW,3
Ceci Bastida,7xKtg8mN9eQ8jBiLRnbq8U,12400
Lido Pimienta,1IdkKQ9CM1i0wygfxYV4Z3,347200
Gilles Peterson's Havana Cultura Band,4SoWhz7qApVfHCY5sy6Uq9,18300
Ria Currie,5MtcVLWEb8v7SSrzpjiVsZ,0
Meridian Brothers,08Y6RNx87Eolrcq1aLM6ow,78100
The Neighbourhood,77SW9BnxLY8rJ0RciFqkHh,45800000
MGMT,0SwO7SWeDHJijQ3XNS7xEE,22500000
Sam Tinnesz,70TsVY28EcEUYSGG5Yw7mp,4200000
Yacht Money,3p2tOUHPzDOVOW1hzSrgw8,1600000
Nirvana,6olE6TJLqED3rqDCT0FyPh,39200000
KALEO,7jdFEYD2LTYjfwxOdlVjmc,12200000
The Score,2q3GG88dVwuQPF4FmySr9I,3600000
grandson,4ZgQDCtRqZlhLswVS6MHN4,3600000
WALK THE MOON,6DIS6PRrLS3wbnZsf7vYic,16500000
Red Hot Chili Peppers,0L8ExT028jH3ddEcZwqJJ5,48100000
The Killers,0C0XlULifJtAgn6ZNCW2eu,37500000
Phoebe Bridgers,1r1uxoy19fzMxunt3ONAkG,12500000
Nickelback,6deZN1bslXzeGvOLaLMOIF,28600000
Weezer,3jOstUTkEu2JkjvRdBA5Gu,22800000
Armin van Buuren,0SfsnGyD8FpIN4U4WCkBZ5,15300000
Benno De Goeij,2mqIaYukHl8Zb7cvAHG0Y6,30600
Deftones,6Ghvu1VvMGScGpOUJBAHNH,17900000
Toni Halliday,1k92N0jplAxEijUxiecNDk,2400
Ryan Pardey,7ywLsMIT1NHbZS6hxGScvm,0
Julieta Venegas,2QWIScpFDNxmS6ZEMIUvgm,19100000
The Offspring,5LfGQac0EIXyAN8aUwmNAQ,22200000
Syd,3jk39CGeaaSO3FPKNx1RUx,2300000
The 1975,3mIj9lX2MWuHmhNCA7LSCW,19300000
Radiohead,4Z8W4fKeB5YxbusRsdQVPb,44600000
Hoobastank,2MqhkhX4npxDZ62ObR5ELO,15900000
The White Stripes,4F84IBURUo98rz4r61KF70,15400000
Thousand Foot Krutch,6GfiCQDFYANz5wUkSmb3Dr,4300000
Dominic Fike,6USv9qhCn6zfxlBQIYJ9qs,54800000
Zendaya,6sCbFbEjbYepqswM1vWjjs,14400000
R.E.M.,4KWTAlx2RvbpseOGMEmROg,22800000
Zoé,6IdtcAwaNVAggwd6sCKgTI,10900000
Skillet,49bzE5vRBRIota4qeHtQM8,11700000
The Smashing Pumpkins,40Yq4vzPs9VNUrIBG5Jr2i,15300000
Los Enanitos Verdes,4TK1gDgb7QKoPFlzRrBRgR,16300000
Korn,3RNrq3jvMZxD9ZyoOZbQOD,13900000
Fitz and The Tantrums,4AcHt3JxKy59IX7JNNlZn4,12400000
Ashes Remain,0fkTQEEyEyH71i9tDhS7CO,866500
3 Doors Down,2RTUTCvo6onsAnheUk3aL9,17700000
X Ambassadors,3NPpFNZtSTHheNBaWC82rB,9300000
Jensen McRae,11dABkjSoOjcP9p3TFSNRj,1000000
Counting Crows,0vEsuISMWAKNctLlUAhSZC,14000000
Andrés Calamaro,3tAICgiSR5PfYY4B8qsoAU,9700000
Alejandro Sanz,5sUrlPAHlS9NEirDB8SEbF,18600000
Sebastian Yatra,07YUOmWljBTXwIseAUd9TW,24300000
Leiva,5Hsv8dUHHOdnn72q4XIVz7,2100000
Ivan Ferreiro,3qUrABCNqnkb5gc2YmPVzP,768300
Vanessa Carlton,5ILrArfIV0tMURcHJN8Q07,11400000
Megadeth,1Yox196W7bzVNZI7RBaPnf,5100000
Volbeat,0L5fC7Ogm2YwgqVCRcF1bT,4500000
Julio Iglesias,4etuCZVdP8yiNPn4xf0ie5,6900000
Vicentico,25THA9HUHoxpCT4LBp7UsZ,3400000
The Black Keys,7mnBLXK823vNxN3UWB7Gfz,8800000
Queens of the Stone Age,4pejUc4iciQfgdX6OKulQn,8500000
Juanes,0UWZUmn7sybxMCqrw9tGa7,20400000
Niño Josele,7KPoRAFSOQXa0jX1Pad5wT,52400
Carlos Vives,4vhNDa5ycK0ST968ek7kRr,18800000
Hillsong UNITED,74cb3MG0x0BOnYNW1uXYnM,7000000
TAYA,3D04fb59z3ANxVaeHBfxtW,5300000
Yeah Yeah Yeahs,3TNt4aUIxgfy9aoaft5Jj2,12600000
A-Trak,3TaUSUXn41GixL7zbvrIDt,9300000
Duman,6RTC1abMgBC7Krg6qJQHJh,3000000
Marilyn Manson,2VYQTNDsvvKN9wmU5W7xpj,7200000
Blur,7MhMgCo0Bl0Kukl93PZbYS,14000000
Babasónicos,,
Grouplove,3kVUvbeRdcrqQ3oHk5hPdx,8700000
Shinsei Kamattechan,1ZnuqrjIR4q8zhgriUYsSo,924200
Neon Trees,0RpddSzUHfncUWNJXKOsjy,9200000
The Seige,6Cny0Wt5OKLct1rGOLmu80,489600
The Strokes,0epOFNiUfyON9EYx7Tpr6V,18700000
Creed,43sZBwHjahUvgbx1WNIkIz,16100000
Matt Redman,0bz9hDpUbAw5JElgEiuIYZ,2800000
The EverLove,1A8iUCho7LoGp81s6EREIx,259300
Charlie Brown Jr.,1on7ZQ2pvgeQF4vmIA09x5,8900000
Young the Giant,4j56EQDQu5XnL7R3E9iFJT,7600000
No Doubt,0cQbJU1aAzvbEmTuljWLlF,15300000
Jimmy Eat World,3Ayl7mCk0nScecqOzvNp6s,10900000
Pantera,14pVkFUHDL207LzLHtSA18,8600000
Dave Audé,1vWImodgVqIgTUkekGEfR9,719200
Bounty Killer,6UuT0BJZ9vF8Y1sxXnJl2s,580400
Soundgarden,5xUf6j4upBrXZPg6AI4MRK,10700000
Stone Temple Pilots,2UazAtjfzqBF0Nho2awK4z,9300000
Poets of the Fall,1AZ30JnvQU1pbX6sbRE0Yn,346300
Welshly Arms,1xKrH6GSh9CJh8nYwbqW7B,1000000
Willyecho,1X4SgQC4TgIGaLlEUnhxJw,394900
King Kavalier,2WHVbKysnJdhkB4VBWxC3v,630000
The Afters,1Q9nxD19emMUTTWtFi7jZc,855400
Smash Mouth,2iEvnFsWxR0Syqu2JNopAd,10700000
Godsmack,6gZq1Q6bdOxsUPUG1TaFbF,5900000
Detonautas Roque Clube,,
Rob Zombie,3HVdAiMNjYrQIKlOGxoGh5,7200000
Ozzy Osbourne,6ZLTlhejhndI4Rh53vYhrY,14400000
The Verve,2cGwlqi3k18jFpUyTrsR84,16700000
Pixies,6zvul52xwTWzilBZl6BUbT,10100000
Mazzy Star,37w38cCSGgKLdayTRjna4W,15900000
Franz Ferdinand,0XNa1vTidXlvJ2gHSsRi4A,11200000
Adam Jensen,7ymrIsmp4vE7vAtcS12J4D,634900
Bullet For My Valentine,7iWiAD5LLKyiox2grgfmUT,5200000
Royal Blood,2S5hlvw4CMtMGswFtfdK15,2800000
Chris Tomlin,6pRi6EIPXz4QJEOEsBaA0m,5000000
Lauren Daigle,40LHVA5BTQp9RxHOQ9JPYj,5500000
Audrey Assad,1GKYNY4rIPnOuTfC0J1IWw,669300
Los Prisioneros,2mSHY8JOR0nRi3mtHqVa04,5100000
Aleks Syntek,0r8toju2ecKaVtItkzAnNi,5700000
La Ley,1ZVoRDO29AlDXiMkRLMZSK,5600000
Fito Paez,1bZNv4q3OxYq7mmnLha7Tu,3800000
Molotov,27Owkm4TGlMqb0BqaEt3PW,4500000
You Me At Six,1kNQXvepPjaPgUfeDAF2h6,999800
lovelytheband,4KJ6jujcNPzOyhdNoiNftp,1900000
Papa Roach,4RddZ3iHvSpGV4dvATac9X,15500000
Porcupine Tree,5NXHXK6hOCotCF8lvGM1I0,524900
Layto,0MqXw0plXKIaJtM342hIag,821000
Neoni,38wxcfNEqMwuPniHvplin5,6500000
Rage Against The Machine,2d0hyoQ5ynDBnkvAbJKORj,11900000
Foo Fighters,7jy3rLJdDQY21OgRLCZ9sD,22800000
Arcane,57nPqD7z62gDdq37US9XJR,14700000
League of Legends,47mIJdHORyRerp4os813jD,14900000
The Phantoms,4jcPxHNUKTVOyD2AFPZdRQ,223400
Bishop Briggs,0yb46jwm7gqbZXVXZQ8Z1e,4300000
Lifehouse,5PokPZn11xzZXyXSfnvIM3,7400000
Staind,5KDIH2gF0VpelTqyQS7udb,11700000
Third Eye Blind,6TcnmlCSxihzWOQJ8k0rNS,11100000
Los Caligaris,13wFTN72PGSUxzEHJP5Ljs,3400000
Pato Fu,4NSbUIfUAkaedUIm8eJ631,264400
Bush,78SHxLdtysAXgywQ4vE0Oa,5300000
Barns Courtney,5tFRohaO5yEsuJxmMnlCO9,2600000
Lennon Stella,1cZQSpDsxgKIX2yW5OR9Ot,3000000
Joy Division,432R46LaYsJZV2Gmc4jUV5,4400000
TobyMac,5VX8hxrcfJWwaTLiqGUHG3,2500000
Charly García,3jO7X5KupvwmWTHGtHgcgo,2700000
Terrian,19TPpTWkgX13Qc2stbqVoP,1200000
Leigh Nash,0KaOODqnbHxMIZ3qUH5F5n,50200
O Rappa,1A5QJAC1vdhbhPE25Q0x0f,6700000
Declan McKenna,2D4FOOOtWycb3Aw9nY5n3c,7600000
Bohnes,4aN7T7NNFFMRJgVbRPne8q,1500000
Arrested Youth,4UhExRgMW9QR7oNmTI2lPG,880700
Leeland,6j1fmLreVuAay7k6Gudfa2,3400000
Casting Crowns,6eJqAWJdd8JhAN1pQGie4r,3200000
Sanctus Real,6QgOGgahvXBHEEzpjbDsOj,1500000
Os Paralamas Do Sucesso,7EM9m7HOXxVgP9oEpDDv70,4600000
Las Pastillas del Abuelo,0D5U7oXEE4dut2DPyUDLca,1600000
I DONT KNOW HOW BUT THEY FOUND ME,0Raaw7kr1Vzat4ZvHzjsJR,1300000
Moderatto,5XsWrYhwadPBjW20qYbdZg,3700000
Faith No More,6GbCJZrI318Ybm8mY36Of5,3400000
Jet,5ypxebeHEIXjMtJb17uJlI,8000000
Blind Melon,5sD1ZLf2dGQ9gQ3YJl1eAd,4400000
Live,6eoJpTIlcuxJNjV5fDzDJH,4099999
The Velvet Underground,1nJvji2KIlWSseXRSlNYsC,3100000
Ella Es Tan Cargosa,2fGM1BtKeCWjnriro6BaPS,379000
Danna Paola,5xSx2FM8mQnrfgM1QsHniB,1200000
KAROL G,790FomKkXshlbRYZFtlgla,56600000
Los Bunkers,3RTAXX6KGdljBsOIupyZgT,4099999
Manuel García,4LIR7XQRqn0CyXMYSjKoTX,559500
Empire of the Sun,67hb7towEyKvt5Z8Bx306c,40700000
BLUE ENCOUNT,1CWmF1EcrKoWIbZt9Ivfg2,823800
Survive Said The Prophet,7zyObVag8rUjItn71SkIrh,630700
Bryce Fox,6g878dtAhjegRHVe5X0ALf,653600
Matthew West,6e8OTLDQpaz1Tl2GEaxsNj,1600000
Flört,0ou1EkRCAJcfRv2P1qKVPo,604200
Los Tipitos,1SykQGBiBwkQ1fcGpJ1BJt,1500000
Esteman,3ZtIhDSOuRkpDyqjx53X1R,2700000
Tan Bionica,37MCoi4pcUf9EKsPXeuCqU,2900000
Highly Suspect,2pqd3HsfsvcBGtHvPOg6eg,1800000
Wolfmother,3yEnArbNHyTCwMRvD9SBy4,2700000
Hole,5SHQUMAmEK5KmuSb0aDvsn,4200000
Los Abuelos De La Nada,5R3NywPPOyhLfdvutgg0me,4900000
Creep Hyp,6POfB0fHdzXFLWL3RHxLv8,1400000
Paula Pera y el fin de los Tiempos,5zuGV6u9UobNW3KPGXui6o,26900
Bersuit Vergarabat,6MxyNXnnmwQwdW2PD0gXYO,3300000
La Vela Puerca,6nVcjUJemqpJjc1WevwTvL,1800000
La Mosca Tse-Tse,60nua3AsVSfADZtg5Hdz3W,9400000
La Renga,30fEdZPXgWfC4sNttcyB3C,1700000
The Technicolors,6hQS54VPpxunuwR0W7usuo,718800
Cidergirl,3hprFQEXS7glX1Jxxwv9Dn,278400
Alter Bridge,4DWX7u8BV0vZIQSpJQQDWU,2100000
Weathers,4OTFxPi5CtWyj1NThDe6z5,884800
MISSIO,2HOMW1liAxI3URnEq95SMS,1200000
Matt Maher,1dPl8axUL09mso0myZqPZW,1500000
Los Piojos,0SnyKkoyBaB2fG8IJH4xmU,2600000
Catupecu Machu,059ysTnWcrm4yFwTr0NDjc,1100000
Bandalos Chinos,0wn2qDKzeFlhjRUtJAwJjp,1700000
Adan Jodorowsky,5qUyJ52ARWXdUNECvFHBag,117100
Panteon Rococo,11mqrDSFRRz8g0Wb3syJj5,3600000
P.O.D.,6KO6G41BBLTDNYOLefWTMU,4300000
Sumo,68hlYvUTBm1WJXhpO6re7X,474
Enjambre,1ZdhAl62G6ZlEKqIwUAfZR,5100000
Everclear,694QW15WkebjcrWgQHzRYF,3400000
Gondwana,4nSgEvZncnC5oNPVrtwnLd,2200000
Tex Tex,22UoNzSexUEdL4mnuA8eD4,596700
Saint Motel,1dWEYMPtNmvSVaDNLgB6NV,5300000
Living Colour,6Uhp7WA6sjm5ZL6Xz561de,1400000
The Servant,679k99IJomQUuRMbhiohrY,128300
Drowning Pool,1E4r4z7ivGUcSAnCbINJ9v,7000000
Patricio Rey y sus Redonditos de Ricota,6byQKddO1b34lXC2ZEjehQ,3600000
Marcelo Nova,3iveSsIHvm1TAWhJRJ2z58,158800
Caifanes,1GImnM7WYVp95431ypofy9,9900000
Divididos,6ZIgPKHzpcswB8zh7sRIhx,1400000
Pitty,2dmQ0vMD3THLMcz7DsvfaT,3100000
Guasones,2wjmZuSHtRx96Qxb8HiP2o,888900
The Adams,0zuIBB0gRxp4i4E2gvrcoM,1200000
NX Zero,1A3dFCPF68vh5lyxzBqLUH,1800000
Fountains Of Wayne,1pgtr4nhBQjp9oCUBPyYWh,4400000
Pulp,36E7oYfz3LLRto6l2WmDcD,2800000
Los Rodriguez,3XkJyJgJDxnjdQgH0zfT8K,3200000
Interpuesto,2BbXMNKjkmAw56U7oXQDLB,1600000
Crazy Town,4iSKnRZAxkmqNok6tv10Se,7100000
RAC,4AGwPDdh1y8hochNzHy5HC,1700000
Louis The Child,7wg1qvie3KqDNQbAkTdbX0,2000000
Hinder,6BMhCQJYHxxKAeqYS1p5rY,5300000
Goodnight Fellows,6I59QnMxBRZcISsIze9KSc,6900
Watt White,6Os3fHAI2Fma2UzTD91RU8,408600
Audioslave,2ziB7fzrXBoh1HUPS6sVFn,15500000
Phil Wickham,5d1JhBfyb58upMXCZOdbQu,4700000
Kari Jobe,5XlSS9O4eHRiJ0hKzbaFQ2,2900000
Ne Jupiter,3mrOBDEpSUAYKDBq1nPnol,22400
Mancha De Rolando,4DuhYdfd2jHMdaqYVYZp04,1200000
RZO,1CQJtHMGhqvrSZiRTjSeOU,475700
Kapanga,2MLiASzGQHVMyORIApRGsp,552700
Atreyu,3LkSiHbjqOHCKCqBfEZOTv,1400000
Comisario Pantera,7eOGKFUwjDDem40BGPqnZR,524900
Luis Humberto Navejas,7KSYCds3IeHtit1aYZZR4A,123900
Callejeros,2osoVujXgV0PA8lhqDKYFw,2600000
Jeremy Camp,5wpEBloInversG3zp3CVAk,1700000
Semisonic,1TqQi97nqeiuOJrIFv5Sw0,5000000
LCD Soundsystem,066X20Nz7iquqkkCW6Jxy6,3000000
Soulwax,43mWhBXSflupNLuNjM5vff,835400
La 25,6UAMLsapd2AyfEAEVFaxmc,285700
Alejandro Vazquez,4wKoSUwlExjRfBm5XpTdmf,86
Phosphorescent,57kIMCLPgkzQlXjblX7XXP,855800
Pearl Jam,1w5Kfo2jwwIPruYS2UWh56,17900000
Zayde Wølf,7LIy7KinYq7a83dUH6kvxT,798300
Slank,4G5CLql8SVNoYzCpxizIJu,93
Machine Head,0lVlNsuGaOr9vMHCZIAKMt,1600000
Los Caballeros De La Quema,6Iv9dXeKX45ff7qe0LDuFW,875700
The Wallflowers,0jJNGWrpjGIHUdTTJiIYeB,4200000
Los Hermanos,755Bu9HVvEKyrAPHn6eRD1,7200
Eels,3zunDAtRDg7kflREzWAhxl,1500000
Steve Earle,2UBTfUoLI07iRqGeUrwhZh,3200000
Los Estramboticos,53nmySG01mYmqoUx3fKymx,917900
White Zombie,0CF71zaDOJWCynIkW9bSK8,1600000
Jane's Addiction,02NfyD6AlLA12crYzw5YcR,1600000
Rend Collective,11Y54BxlxC3UIAUkU2eadQ,1400000
We The Kingdom,5Ye2QWN2Wl9zTn947eaest,2700000
Clutch,161AC1AVRkIGIMxyj5djFQ,549400
blackbear,2cFrymmkijnjDg9SS92EPM,14500000
Incubus,3YcBF2ttyueytpXtEzn1Za,10900000
A Rocket To The Moon,1NU9Em6e8dDo36Js6nEo3t,774100
Lupa,58Y24OWJla2epBPf0toBTo,2200
Three Days Grace,2xiIXseIJcq3nG7C8fHeBj,19400000
Maria Rita / 1134893,,
Café Tacvba,09xj0S68Y1OU1vHMCZAIvz,8800000
Virus,6RhNIulWwVuYD8EPSYtByn,402
Bombay Bicycle Club,3pTE9iaJTkWns3mxpNQlJV,986800
Michael W. Smith,5aBxFPaaGk9204ssHUvXWN,1800000
Fuel,0EyuKHE1AeE9lWUF8mzKVp,3500000
Las Pelotas,1Qv4E1VgZOGnOYd99Kp5Bs,2000000
Type O Negative,0blJzvevdXrp21YeI2vbco,3600000
The Dandy Warhols,7siPLyFwRFYQkKgWKJ5Sod,1300000
No Te Va Gustar,4ZDoy7AWNgQVmX7T0u0B1j,4800000
Estelares,6Nm62oNQCdPxVoiQtFSksF,1700000
Serú Girán,6CrQKZeuSKNYgrE7PeYqJ1,1100000
Los Gardelitos,1WXAndtMSMymA6qMXyvoXV,469700
The Glitch Mob,3a9qv6NLHnsVxJUtKOMHvD,893900
Toploader,6xeFne1rkxMhKSW3ipvkdV,9100000
Erich Lee,6z859pa51KJ0XxDcpLCNaR,396800
Rammstein,6wWVKhxIU2cEi0K81v7HvP,13000000
Future Royalty,6lDL8J1jfaqyOc9fMIy0fL,204200
Black Veil Brides,6O7MpKrY91vlCd4Osi6XKs,2400000
Slayer,1IQ2e1buppatiN1bxUVkrk,3300000
Birileri,1JSlQod7y9LeC8hWvQqQtR,150600
La Portuaria,0Q7HmY08qjZ6SrCb9DYji7,306100
Jóvenes Pordioseros,6UYYp6Xo2NHP7AxNnR0rn4,570500
Lady Antebellum,61QuG9KlPAva1ttsPp6VMa,0
Siouxsie and the Banshees,1n65zfwYIj5kKEtNgxUlWb,1800000
El Cuarteto De Nos,13JJKrUewC1CJYmIDXQNoH,6000000
La Verbena Popular,3Ht1isc7k5xuQuNvb2K6yI,87000
Celso Piña,6PmfbeAL7jAauFPNyQ5UPi,2500000
Luis Alberto Spinetta,1MuQ2m2tg7naeRGAOxYZer,1600000
Fernando Ruiz Diaz,4DqWhVhkmy4QC5d32i591c,8700
Foreign Air,5ApQnMT6oR8eLguf24xb9S,611300
Jessie Reyez,3KedxarmBCyFBevnqQHy3P,6900000
Blonde Redhead,5isqImG0rLfAgBJSPMEVXF,558900
Young Saab,3koEtGT6SxcjRgwh6YwDx5,335200
Palaye Royale,0hAd6zwEgt9ILuMDY1prcI,1100000
Wolf Alice,3btzEQD6sugImIHPMRgkwV,3400000
Büyük Ev Ablukada,7pUjWNH0hKYpRzWDdNLzAi,353500
Ciro y los Persas,2Eo4Yaukt9d6dnZrY5hQKi,2200000
Conociendo Rusia,79R7PUc6T6j09G8mJzNml2,1200000
Efek Rumah Kaca,3uSvD31crYEsBLuiAFD02b,969300
Pedro Fernández,24dYJ8P3YuFihvMcElFUWh,3300000
La Franela,5P57GCRyvU7ln5GwNXU8ku,764400
Draco Rosa,4Vo7jk7sjpIFMk14dedex5,341100
Soda Stereo,7An4yvF7hDYDolN4m5zKBp,12800000
The Screaming Jets,3vgQA38yGGMvn4DHjsVre5,303400
Mastodon,1Dvfqq39HxvCJ3GvfeIFuT,1600000
Santa Fe Klan,4tm8CEdm4pkQsEh4jIr9Yp,11000000
Juan Ingaramo,2XVoz4hoXgQ3C2BTGxl9V2,308200
Saint Chaos,6OE6isNAneV3vtdxKih5fg,320000
The Struts,3lDpdwM8KILepMHqBWUhIA,3000000
Emmanuel Horvilleur,3Pc0Gebx1aAAJlZh3zysmI,839100
Zoe Gotusso,3XBw8ImFEo86mEB2dYh0vS,912500
División Minúscula,2Ky9mFKNApb9KpEcORXE3p,1200000
Skank,4C4kpaAdp6aKSkguw40SsU,6900000
Cuca,6jRC21ptMTI1ZNkmquLEK0,851
Los Fabulosos Cadillacs,2FS22haX3FYbyOsUAkuYqZ,5700000
Static-X,7JDSHlDdVTo7aZKdQZ53Vf,1900000
La Gusana Ciega,4bx914GWsNvshDzfYNSKjY,2000000
Newsboys,1SZMaiNHfdUuU0qZKZ6y62,1100000
Dorothy,5zw0l49MTj7HXg97vkj8Qd,6200
Pescado Rabioso,3q1NXsv9XypOUCJfEatXH9,811900
Fernando Delgadillo,3dzMXO1RxEyQnFemhMIvnc,401600
The Presidents Of The United States Of America,1jMiEttgAz9k4OZ6LqCLq4,0
Emiliano Brancciari,6Xdjhy4MawcCmBq5MYM5N8,378600
Seether,6B5c4sch27tWHAGdarpPaW,9600000
Amy Lee,0fGVuq5ed21pM7iWwTcMyk,1100000
Alice In Chains,64tNsm6TnZe2zpcMVMOoHL,12500000
XYLØ,6ioOEWNNGK40H8xrGj6XPW,352900
for KING & COUNTRY,3sDbKMebVH2VYcRSl7u1VC,3000000
Gece,6rGDR3wmkz5DKMrZxpO1mZ,154200
TOOL,4h0tAuXmAuznUCJp6xFT4j,76
Ratones Paranoicos,5fVtUielMhdztOA34ArB6c,857800
Inhaler,6lyMYewq2SuTFIXgiv7OxH,1100000
Yaşlı Amca,4Vr0nv4nM4aqWfj76zDTTp,1300000
Yüzyüzeyken Konuşuruz,7gobcoscOfsY0nOeqqFzvU,3300000
Ximena Sariñana,7plUpXSFcSJUZSiZAoXqr1,4400000
Los Daniels,6wAdcWMCHvamfged5FsKBD,773400
Marilina Bertoldi,1nm9PdmvzPXJmIlMOk5XLy,131000
Joe Vasconcellos,4sGC7K2rSpWrWudBgYPMce,990400
Anthrax,3JysSUOyfVs1UQ0UaESheP,1300000
Fidel Nadal,7l2wptrNdI4wEHxTlWa6SS,404500
Public Enemy,6Mo9PoU6svvhgEum7wh2Nd,1800000
half•alive,7sOR7gk6XUlGnxj3p9F54k,1100000
Peter Bjorn and John,6u11Qbko2N2hP4lTBYjX86,5900000
Chris Cornell,0XHiH53dHrvbwfjYM7en7I,2200000
LOUTA,5l4GdLELvdnXZVT5g947i3,599000
Brooke Ligertwood,7iETGaxJ4crz3qaljDPCKC,5500000
İnsan Mıyız,6rhzUB6lAmzEpEDVkBIi7T,24900
Sleeping Wolf,3XSZyY300hJOLVc9KQLlee,210500
Sick Puppies,7qAcXJgt1PWnxwUgxMdyuk,1700000
Batu Akdeniz,7lwjjMPB0a7AfbkwcDipfO,343300
Camilo Séptimo,6hQHiviB4JUWVmfykjYzcB,1300000
Samantha Barrón,0zfvfy9XlborSqXNRhi8Bk,2200000
Inspector,4OiCK9NnTWhakDIG57uBUA,5200000
Michael Fossenkemper,7JbnxPwULLxeR5eel5F3LF,389000
Sepultura,6JW8wliOEwaDZ231ZY7cf4,2100000
Skay Beilinson,4K8Mrjr9IvA8QU0Vjj4BED,314000
Lucybell,3rqpBcetrJVphNTRHDv9ht,387800
Amaarae,21UPYSRWFKwtqvSAnFnSvS,4900000
Kali Uchis,1U1el3k54VvEUzo3ybLPlM,34100000
Moliy,2hVWBpjLW4Q7fboYz2pVYK,11100000
GAYLE,2VSHKHBTiXWplO8lxcnUC9,5000000
THE ANXIETY,64H8UqGLbJFHwKtGxiV8OP,3200000
WILLOW,3rWZHrfrsPBxVy692yAIxF,16700000
Tyler Cole,1xoxekeb8jUVHKJB7m6bfg,3300000
Linkin Park,6XyY86QOPPrYVGvF9ch6wz,56100000
Bella Poarch,26cMerAxjx9GedFt0lMDjm,3200000
Oliver Tree,6TLwD7HPWuiOzvXEa3oCNe,20500000
Slipknot,05fG473iIaoy82BF1aGhL8,16300000
Gorillaz,3AA28KZvwAUcZuOKwyblJQ,38000000
Beck,3vbKDsSS70ZX9D2OcvbZmS,7400000
Robin Schulz,3t5xRXzsuZmMDkQzgOX35S,29900000
Florence + The Machine,1moxjboGR7GNWYIMWsRjgG,25100000
Avenged Sevenfold,0nmQIMXWTXfhgOBdNzhGOs,12100000
Mon Laferte,4boI7bJtmB1L3b1cuL75Zr,16300000
Guaynaa,0BqURncJM5B1BBu7UM51eq,7000000
Justine Skye,0jUQSUOcM7lxVn5eVGTkzQ,5100000
Tyga,5LHRHt1k9lMyONurDHEdrp,25500000
Evanescence,5nGIFgo0shDenQYSE0Sn7c,25800000
Disturbed,3TOqt5oJwL9BE2NG9MEwDa,18300000
Enrique Bunbury,170cTXuqu7GtSmViWNGJ3b,0
xxtristanxo,4kBCXTJBl1aY9pDHONsjfr,2800000
The Wild,74lRkEloOvori8dZJjNEjd,292300
DJ Shadow,5CE2IfdYZEQGIDsfiRm8SI,6600000
Mos Def,0Mz5XE0kb1GBnbLQm2VbcO,2200000
Kiiara,4u5smJBskI6Adzv08PuiUP,4600000
Qveen Herby,4o4tLTIJ3eWMFerz73atcT,909600
Higuchi Ai,0Dl9jU84mk5kaqvvY0RqiQ,0
Crystal Castles,7K3zpFXBvPcvzhj7zlGJdO,7800000
Royal & the Serpent,64EHXDoln95lnccszdPum0,2200000
MARINA,6CwfuxIqcltXDGjfZsMd9A,12400000
Freddie Gibbs,0Y4inQK6OespitzD6ijMwb,3600000
Moneybagg Yo,3tJoFztHeIJkJWMrx0td2f,11400000
Shinedown,70BYFdaZbEKbeauJ670ysI,8100000
Breaking Benjamin,5BtHciL0e0zOP7prIHn3pP,9100000
Tame Impala,5INjqkS1o8h1imAzPqGZBb,59700000
Bootie Brown,6GI3CJjT2bOnMfprCpjT1d,5200000
System Of A Down,5eAWCfyUhZtHHtBdNk56l1,26500000
Kavinsky,0UF7XLthtbSF2Eur7559oV,5900000
Princess Nokia,6lay1nwbE6hTx1jivysUAL,3100000
Chri$tian Gate$,0OEYE03fBF2VoTBxGuaUxL,1700000
Kid Rock,7dOBabd5O4CvKrg4iriHTM,7500000
Sheryl Crow,4TKTii6gnOnUXQHyuo9JaD,8500000
Bob Seger,485uL27bPomh29R4JmQehQ,10600000
Ice Nine Kills,52qKfVcIV4GS8A8Vay2xtt,2400000
Little Simz,6eXZu6O7nAUA5z6vLV8NKI,4600000
Snoh Aalegra,1A9o3Ljt67pFZ89YtPPL5X,5500000
Rico Nasty,2OaHYHb2XcFPvqL3VsyPzU,2200000
Flo Milli,08PvCOlef4xdOr20jFSTPd,12500000
Marshmello,64KEffDW9EtZ1y2vBYgq8T,54800000
Lamb of God,3JFsVIxOn7STeilPICkkB2,2100000
Genevieve Stokes,2uaMjmR0IE0K3oKTQrNZVQ,882400
Ruel,5xkAtLTf309LAGZTbvULBn,3200000
Cookiee Kawaii,0DbBBj0ScPumRqKXswGQH1,395800
Dear Silas,4C6vnglzmsWszcdp5WaX6O,310800
Baby Tate,3IJ21966TwNZI24MwZHMu4,2000000
Gatlin,1KGcdM5KxCVydaHe29QAj9,294100
Janelle Monáe,6ueGR6SWhUJfvEhqkvMsVs,2400000
Zoë Kravitz,4G4om3U7TKES0hDBQYYVy7,22900
Loyle Carner,4oDjh8wNW5vDHyFRrDYC4k,2100000
Jorja Smith,1CoZyIx7UvdxT5c8UkMzHd,12200000
La Roux,3K2zB87GZv1krx031en5VA,6600000
GAMPER & DADONI,6HQ6vf4AloXyVNdyJhrX1J,5200000
FKA twigs,6nB0iY1cjSY1KyhYyuIIKH,2900000
The Weeknd,1Xyo4u8uXC1ZmMpatF05PJ,114800000
The Knocks,2x7EATekOPhFGRx3syMGEC,2800000
Dragonette,4GLJPBj5Cdr9AgLKvLWM4n,3100000
Rivers Cuomo,4LAz9VRX8Nat9kvIzgkg2v,163300
Sevyn Streeter,6If57j6e3TXXk0HiLcIZca,3200000
Ol' Dirty Bastard,50NoVNy9GU1lCrDV8iGpyu,2600000
Halestorm,6om12Ev5ppgoMy3OYSoech,3500000
Vicente Garcia,2Otnykd696YidQYfEGVmNq,1800000
Kelis,0IF46mUS8NXjgHabxk2MCM,6200000
Rich Travali,0vjnkhhMwacKwkrJFE0TVH,843
Elaine,6mdqsUuZ7cHa8WbnsBCuSP,0
Gojira,0GDGKpJFhVpcjIGF8N6Ewt,2500000
Sturgill Simpson,3vDpQbGnzRbRVirXlfQagB,2800000
James Blake,53KwLdlmrlCelAZMaLVZqU,8700000
Travis Scott,0Y5tJX1MQlPlqiwlOH1tJY,59900000
Metro Boomin,0iEtIxbK0KxaSlF7G42ZOp,41100000
Lil' Kim,5tth2a3v0sWwV1C7bApBdX,6400000
Lil' Cease,6V4zyNV40Zyu5MGlhD0i8g,6400
The Notorious B.I.G.,5me0Irg2ANcsgc93uaYrpb,26900000
Chris Brown,7bXgB6jMjp9ATFy66eO08Z,58600000
Teyana Taylor,4ULO7IGI3M2bo0Ap7B9h8a,2900000
Limp Bizkit,165ZgPlLkK7bf5bDoFc6Sb,22800000
Mahalia,16rCzZOMQX7P8Kmn5YKexI,2400000
Curren$y,6X8WdFjrNhXATMDSs26aCc,1500000
August Alsina,19Fi1Rj7kk8kyiwxpXy3yM,3400000
Lil Wayne,55Aa2cqylxrFIXC767Z865,46000000
Octavian,5zfEatKLDdRkgbw6sdLBAQ,721200
Skepta,2p1fiYHYiXz9qi0JJyxBzN,13200000
JPEGMAFIA,6yJ6QQ3Y5l0s0tn7b0arrO,1500000
Tommy Genesis,2qDdxfKUpYg8wc49KIuT3b,1100000
The Chemical Brothers,1GhPHrq36VKCY3ucVaZCfo,8600000
Gaby Moreno,0K9pSmFx0kWESA9jqx8aCW,330900
AFI,19I4tYiChJoxEO5EuviXpz,2700000
Will Joseph Cook,3YO2a6i2cfdFbgxk2HDfPe,190200
chloe moriondo,3P4vW5tzQvmuoNaFQqzy9q,810200
Grimes,053q0ukIDRgzwTr4vNSwab,7300000
Duckwrth,6I3MElirhT5t6Kf7p0hGk9,1500000
Shaboozey,3y2cIKLjiOlp1Np37WiUdH,22000000
Holly Humberstone,0nnYdIpahs41QiZ9MWp5Wx,3100000
Jacob Collier,0QWrMNukfcVOmgEU0FEDyD,1200000
JoJo,5xuNBZoM7z1Vv8IQ6uM0p6,4600000
Tinashe,0NIIxcxNHmOoyBx03SfTCD,26400000
ScHoolboy Q,5IcR3N7QB1j6KBL8eImZ8m,9100000
Pharoahe Monch,5DKuVtlpDH0agZQUFDy8O7,1100000
Moonchild Sanelly,6aDX1jzNVAI9enlQzW0Pgw,535600
Juls,7BIkk865pwBrSZetA8Izic,780600
Mellissa,30OlnKlh10yCfIuAWBmBkW,176300
Dj Radix,1e1wEtfkiETX9bghMZnU4x,45100
P.Priime,5wqjeyQhV9mvu43Bv4wiLy,299200
Jesse,4as3khXWaPjfkFdCA0JWMo,287900
Oh No,5PA6iCCOkq14PpMWWlhJ5T,542300
Pusha T,0ONHkAv9pCAFxb0zJwDNTy,4600000
Stormzy,2SrSdSvpminqmStGELCSNd,8199999
BJ The Chicago Kid,07d5etnpjriczFBB8pxmRe,710500
Baby Queen,4VqlewwKZJoIcA88PYHUDd,508900
Tierra Whack,4lPl9gqgox3JDiaJ1yklKh,1300000
SuenaTron,52ux0FayVJTKOWSh87mGd4,2800
Los Retros,0qraFJK6boYSp4ZMMX4PzG,1800000
Bad Wolves,0eI3X5rAzHRZVe5FPk4MN1,4700000
Ravyn Lenae,5RTLRtXjbXI2lSXc6jxlAz,31700000
Doechii,4E2rKHVDssGJm2SCDOMMJB,24400000
Cigarettes After Sex,1QAJqy2dA3ihHBFIHRphZj,30700000
Apparat,40Ojab0UtVQFjA76qXr8Ot,571400
Soap&Skin,2mAYpnSe3g2Y22JcZ2ddku,3200000
Novo Amor,0rZp7G3gIH6WkyeXbrZnGi,9600000
Ed Tullett,5VGsR5wapeJIuRPX26IeGn,4700
Lowswimmer,7FW2qwsY0zLV9GppWatQ5P,2000000
Sleeping At Last,0MeLMJJcouYXCymQSHPn8g,5600000
Ludovico Einaudi,2uFUBdaVGtyMqckSeCl0Qj,7300000
Daniel Hope,59r5UU2HOytn9V5uMZ5Vur,4900000
I Virtuosi Italiani,1k1AM2ESRQseVAj6rvBdtx,3600000
Mohan,7EdTAVtoAnKfEoTFrl1BfS,458400
Marconi Union,3nZ3ed6p4CKc1McTLypr6H,910200
Ananya Bhat,4JczWHls9n9VpTHnqO2IG8,2900000
Santhosh Venky,1gpRRYfNURm0XJCyxUuH8Q,1800000
Sachin Basrur,6CdktQ3MYk5JwJHq1OajZG,672500
H. Shreenivas Moorthi,,
Puneeth Rudranag,6oLN9TELPauBfctYeWPtYP,535200
Vijy Aurs,,
Bicep,73A3bLnfnz5BoQjb4gNCga,3000000
Max Richter,2VZNmg4vCnew4Pavo8zDdW,4099999
Johannes Bornlöf,1yLIaxyVkZnLMXhfRSYEjV,493900
Air Lyndhurst Orchestra,3KQDhsxMmLvt8z8sfInWhL,0
Robert Ziegler,6c3mMiMnHQtu4mGWN87CFx,968200
Royal Philharmonic Orchestra,0MvSBMGRQJY3mRwIbJsqF1,5900000
Fabrizio Paterlini,0jrFMgW018F1XVnLtCXOKi,1400000
Mari Samuelsen,670EXb4x6t2MAvRvqCixyx,523600
Konzerthausorchester Berlin,5HxMHFsUWX0VqOlmsoGrTj,221800
Jonathan Stockhammer,2PIjtepywKZwGT0mZIumrW,349200
Brian Eno,7MSUfLeTdDEoZiJPDSBXgi,2400000
Konzerthaus Kammerorchester Berlin,19z3Is8jPDFmLphrQ2w2Du,1000000
Andre de Ridder,1pNP4idjNnhPXDLi0Jz12R,1000000
Seekae,4lCsf6uYTVnWSKm99eKkdY,636700
Flume,6nxWCVXbOlEVRexSbLsTer,11800000
Hildur Guðnadóttir,2lD1D6eEh7xQdBtnl2Ik7Y,321800
Jon Hopkins,7yxi31szvlbwvKq9dYOmFI,1800000
Grouper,31uyAcnY0kjjKKIQZMKX4i,1600000
Flower Face,0sYlth2PW1zWJMEU2vCukz,406000
Bethel Music,26T4yOaOoFJvUvxR87Y9HO,6800000
Jenn Johnson,0cuW2lF0YWb9VUyHOnvnsO,4900000
Murali,0jPQeAGUSTql3lVywdnget,525900
Chandiran,4e0761drGvR2YPiq8EN3rH,16700
Yann Tiersen,00sazWvoTLOqg5MFwC68Um,2600000
Louisa Fuller,557AjoqV9wVpa8vO2k4wuJ,1700000
Natalia Bonner,4d6eKLLJbe2ZeiL07Du7vB,1700000
John Metcalfe,6s8AUvcmf2fp0Kh7PctPnd,1600000
Philip Sheppard,6qzi6mPoJU4cBlO76U1Il1,1500000
Chris Worsey,33TpuAICGC2gekoZZDDZhE,1600000
Ana & Sven,0aErvNUfnB31frO8uGnYXF,5600
Chad Lawson,72uoxerTvAd7x3cbfYmNc8,683500
Dustin O'Halloran,6UEYawMcp2M4JFoXVOtZEq,824400
Bryan Senti,4QSmk1Bll3nbQfsjTe7vIR,63600
Joep Beving,2VKfXEWzhUi9siHBDTI02Y,1300000
Nils Frahm,5gqhueRUZEa7VDnQt4HODp,1100000
Ryuichi Sakamoto,1tcgfoMTT1szjUeaikxRjA,1800000
Lang Lang,1YZhNFBxkEB5UKTgMDvot4,3000000
Jóhann Jóhannsson,3IpQziA6YwD53PQ5xbwgLF,1600000
Joan La Barbara,2607FVBVmA8KsoekiODeYe,1400
Dmitri Shostakovich,6s1pCNXcbdtQJlsnM1hRIA,2800000
Ares Trio,7LXgqEGOhcEfMfsxCQAW2l,0
Stephan Moccio,25s9H1JQmTu3iuFzpXWUIg,1400000
Philip Glass,69lxxQvsfAIoQbB20bEPFC,1400000
Chie Peters,5uJjb4BD81Pd85hLX54Y4z,23400
Deutsches Kammerorchester Berlin,6MOokA8GHsPYpyNGc8Rz2f,63700
Rundfunkchor Berlin,4DqlvoyKHnvnT4lvFmTSkG,97500
Víkingur Ólafsson,0iqgjl0OG3z53PZVIB7ZyD,1600000
Byron Nelson High School Symphony Orchestra,3OCKCnpka1d8maunAkcNYF,286
Gary Keller,3UYO4EkiyjnugWh8e2Uwxe,1400
Erwan Keravec,1Qto0oUw1wEzQlgkGA9dcY,312
aswekeepsearching,3K1oloNu09kQTV0Idz378q,18200
Maxence Cyrin,3NcPjvA2rp9FPj1JBAXwOS,624500
Mercuzio Pianist,0x4BXhEratZdyW3l6wmkd1,301000
Gustavo Santaolalla,4W3fa7tiXGVXl3KilbACqt,1900000
Roger Eno,7JCthCuu5Wmxv2avqVFolo,424100
Scoring Berlin,5aVO01MTGf8SFlZvNm98ke,246600
Leo Abrahams,6g4q7DPLaVqWGnfMpAb2Yd,157700
Steffany Gretzinger,2akNRvGNB400IDDUMr1PHW,1100000
Kristene DiMarco,0uWNGisbRTdz6E5O3V3Sc8,725200
Jonathan David Helser,7vKyyJZVFb16NTWrUV1fGp,2300000
Melissa Helser,0cng44S55pPu1nDrtFFy7r,2300000
Carlos Cipa,23Yv6j1axUmPPo5M6u6erO,265700
Akira Kosemura,4n1lW38WKgyPEIZowQ3AND,358200
Luke Howard,3duTXsC49HoPt4f4EySDKf,360000
Brett Kelly,0GvGAUPvlSXEAgZFwH4mOc,3300
Hania Rani,14YzutUdMwS9yTnI0IFBaD,778400
Dobrawa Czocher,7A5EBB4tls8HDFroU2Cm5p,102500
Jess Gillam,41OHse5xHr1E6wceODGrPB,334700
Jess Gillam Ensemble,6W0o59oeiRlY0XSViV604c,217100
Chilly Gonzales,0qudezVgvl4Chd9BgNFB83,1100000
The Saxophones,36quEhAYqOGJgWM9KTwczK,122300
Aphex Twin,6kBDZFXuLrZgHnvmPu9NsG,3300000
Christian Löffler,3tSvlEzeDnVbQJBTkIA6nO,870900
Michael Brook,5NTEVDdw1KuWN3cUX3kZ1y,160900
Abel Korzeniowski,5RGAUCWFZyymaMSAZJeice,900900
Gia Margaret,7fnMav7xXJwwjbyWbSjF4C,788000
Peter Sandberg,3LtlJprzuq0Ii8p8YFZXai,1000000
Praveen,5YCEHjtKf4jnGjXK8eLPn6,219600
Shankar,6DmKvvaXUkECvkUozzpuQb,2100000
Srinivas,3K9qRRRqtuxgBRLxRCxpDl,6300000
Clinton Cerejo,2j9QVMZlqIj4Cb9UISBrXK,7100000
DJ Aftab,3wvQy7sgegrM0ZEW3N0vI3,504900
Project AER,0iMWUBpWAGKAenBVePrZFP,248700
WYS,2CiO7xWdwPMDlVwlt9qa1f,668500
Tony Anderson,3aRscMJRah0QrvGE5rkvZl,1000000
Random Forest,2FIKDET7MkO9hQgSyIW9ia,33200
Simon Wester,2qUycRIHExBVUPIoq6RUkO,457500
Balmorhea,1U0FaHAc4fcwQcYEJFgkm9,426500
Dario Marianelli,0s1ec6aPpRZ4DCj15w1EFg,1300000
Jean-Yves Thibaudet,1Dot4uMsJMx8n1Xi7gAdV6,1800000
Message To Bears,6MmQrV24zUeieNf027zkh3,583800
Peter Gregson,71tFaKKy6x1inyCFHjpzUE,866200
Daniel Pioro,4ZrHyIxtzxZC1yIot7S7qM,57900
Grace Davidson,1J87mxfzE58rZLrRIOx5I5,317200
Clara Sanabras,7JSlUh5jRvx5GuK7uTYDeU,4800
Hannah Cooke,6yLIcugwC2Yap95tgMEUg6,13
Michael Nyman,2LvhyFvUCDJ7gFuEBOcrM8,509900
Ahn Trio,30pbA4VKv3CuflgeJ8Diq0,5200
Michael Nyman Band,7zejo99XCAwPzycPCCaoM8,25400
Kyson,1ysHnRqLx1sIFxUlahQftx,551100
Ólafur Arnalds,7E3BRXV9ZbCt5lQTCXMTia,2300000
Arnór Dan,6LnEuWyi5kVOZ4aLqnD1Qo,65200
Bibio,0qzzGu8qpbXYpzgV52wOFT,944200
Shankuraj Konwar,2sTO4BkutHILz6xXwbbar9,224400
Alan Umstead,6dwp73sWeoHMobWygzWYDP,0
Clara La San,3u65Tx20y4WqxO7W7khEhj,7800000
Clint Mansell,01xiB0IlXMXy3wrrotgDnU,913600
Kronos Quartet,0M6xcJTswOl2qvExCJhiS3,855100
Mree,3K8cGxW088HVyhFSGWJJcX,143700
This Will Destroy You,0MG4LXIw7n4x0wjDc6WYXk,174200
Tom Day,74yueOpxONIcPCjGyF84jG,175600
Erik Nieder,5LfJyJ9ZnWxRWawuGFIMMh,202400
Olivia Belli,3JU9NLB27wyGhbwbApR9uy,579900
Elea,6luV2lwWVCl6XUaJBb4bpW,48700
Bahramji,1TRLkR7OoXzEwUckYwHt5B,385500
cxlt.,1TFqjcoVis5TzVQxrHMSfA,1000000
Bethany Wohrle,26opZlzcsx1NhaN5QELG4e,998600
Kelly Lee Owens,5eitAUlYmlha3LLWg7aBn5,228000
Sultan + Shepard,14Tg9FvbNismPR1PJHxRau,1400000
Jerro,1WHFu22zN1C6F11Z1rt12K,701800
Dante Bowe,60JjUCBeLsuJ95WFvqFiFz,1200000
Everton Nelson,3uirG8XMhBhvbdb9adqYMf,367200
Gavin Luke,2bqAlaRiT91dCQ7KMGnP8i,405100
kalley,1VfUR2Su5Ags5Im3mZGnPo,413500
Khatia Buniatishvili,0bouHpX4JiuPnIfP2jFxRi,1100000
Otnicka,3tSmEw5WMGAZ6sxt9Dt3Nt,559300
LUCHS,5YNgVaI5vgMjBLel7QShBe,226600
Patrik Berg Almkvisth,0K5Ns1UkBlmyx8clOiEUbo,204500
GÅEL,3IDwktZCJFdN7oBKwLOZX5,183600
Pulse Mandala,2aD4tPvrEtBG5CUwddFGLX,21700
Suseti,5AqkJp9VX0p9QeBMrdWrv2,6700
James Heather,7GMpkbegUlL4UvUe5w47zu,505000
Hugar,0bdJp8l3a1uJRKe2YaAcE9,41700
Four Tet,7Eu1txygG6nJttLHbZdQOh,3200000
Alexis Ffrench,58R31AvN8JMHM7xkNpVLjX,1100000
Marika Hackman,5DGJC3n9DS0Y9eY5ul9y0O,246900
De Moi,1DCmbXFQ1MufTW5IZG3etK,104200
The American Dollar,5r4OqYJL7JrtZlffx7FJlb,55600
Air,1c0wlIJWID8ghPnKsqJDSu,1900
Gordon Tracks,4DWl8U58uYeeTtlvbrLEY6,0
Lucy Rose,2uvY5pgdD9t1CZ5zMNw1rl,653800
Hammock,0VOR7Ie9xUSb45fzIIVJQ1,235400
Greta Svabo Bech,3roqeGESPvLgyx6ZmHQTXY,207000
Brian Johnson,0TJOVQKoS7sbGVn8RkkvPI,86400
Little Symphony,4SCWiQbJCMTHK737aNUqBJ,709900
Mary Lattimore,38MKhZmMRHAZRz8LqtKIBw,191200
alva noto,1zrqDVuh55auIRthalFdXp,160600
Poemme,4Uqu4U6hhDMODyzSCtNDzG,21000
Gabríel Ólafs,1vYrIm6O7VtBGszIWe75mB,954400
Reykjavík Recording Orchestra,,
Diego Luna,5rSlhtcAytdvAnlZXcKLjE,820500
aspidistrafly,4ze7HHThfzYo15SuunBKhd,182900
From Overseas,31PP2XORcCMGHAa8vzJEUV,6000
Helios,592TFYwu9Qb0RC1hKDbX2w,185200
Matooma,7MWB4y39Fn6YnVIyxdv77K,21800
Tripswitch,2IqtS42vE5AfagYUt1IjL3,55400
Ajja,20BBrnJzaERqpssVV8uOdm,122700
Jobim Ffrench,2AToteRrIWDjK7akp8XDEG,22300
Richard Harwood,6qc7jg6OMExVkMu2Uzril9,215500
Reinoud Ford,5fVIkYGFnKyKO5CTphBoKO,184700
Tim Lowe,4c6Gwxq0m60hm6dx4dnAqB,185200
Ben Chappell,5Bcr5JYvl4wiO9jvoDvH8F,185100
Katherine Jenkinson,3GD1m7RLwgmITy17vj8Ht6,176900
Erland Cooper,636k3cBTCgdZfXzCj7Cuaa,352500
A Winged Victory for the Sullen,13CMfEeq8AC6ryGOPODqE1,195700
Adam Bryanbaum Wiltzie,3pv7Yo0bBHl6jyOXU1NnWf,1
Julien Baker,12zbUHbPHL5DGuJtiUfsip,278800
Lucy Dacus,07D1Bjaof0NFlU32KXiqUP,1300000
Amsterdam Sinfonietta,2qx7K1T3gw9J0JTQnaGnBD,245500
Elena Urioste,1PMibp1HV8tdZaib2DXOdH,156400
Chineke! Orchestra,7FKUsKktgY7Zf8iAL6wOls,355000
Raphael Alpermann,23Z0TsB54gPf1Zo2KLeak9,212900
Mohna,3azqDB8c8zEOTBscxif1gU,2600
Cliff Martinez,2OVqg3lxC8ZIf0vHcEqaCf,155600
Odina,2D0wm8aDnVrcljPwg2GM75,6800
Sophie Hutchings,54MsweggxTxlfYUbhZNIQ0,253600
Eydís Evensen,2SMBaAG61s9mtyJ0eeXSWx,112700
Foreign Fields,74l5kLfO33c4T39eAROuEL,122500
Paul Leonard-Morgan,0360rTDeUjEyBXaz2Ki00a,270900
Clem Leek,5FbBZ9ZLIoVdgbbnGmsKNk,189400
Boards of Canada,2VAvhf61GgLYmC6C8anyX1,1000000
Gautier Capuçon,57ziOSBD3x0PhVbl7MXTgI,1600000
Jerome Ducros,21fQySiU5oXJndnmB15Nrq,12200
Cory Asbury,2gXmjQIxCO8lMnSncluZaU,3400000
Jack Liebeck,4PwrerouUXvowe3ynAOWSP,4400
Benjamin Wallfisch,2xOp0rCDPAmYqnL2UFbaDY,764400
Michaela Gentile,1YxxxADeTdoTeS633H5lCQ,224
Beth Hirsch,7a1nGgiWVcRP4PV6xkXQ96,1300000
Russian State Symphony Orchestra,0DJZPK3nRWESIS0yexi6Qi,982700
Dmitry Yablonsky,6jKsnWXyWgE3jyC0Cs0Cdb,1000000
William Matthews,6xzvt1VigDuN3Qt39YozYA,230300
Kim Walker-Smith,4leTWyczsXYGlzUh8sFGSz,479400
Steve Reich,1aVONoJ0EM97BB26etc1vo,141100
Simos Papanas,2m4dF4QKawkCyzk9R7kiF9,15600
Kammerorchester Basel,1fY6hh9OH6MirLiogDiwPU,77200
Erik Reno,4QL7rtAbYIAQ3sIsffoIz0,85800
Davis John Patton,4BXF9pCPS864m8VMjuR4Pl,117200
Ilya Beshevli,4TbQ2MpPMZfOWTcm6c5RaA,73500
Jesse Brown,5ou3jxRm9LFgxvuZij5LBT,263200
Goldmund,0R5BzePlbvG8xTXw0QF3uw,365200
The Native,6c3Jb6rRod9x4pGtiizwzT,48600
You'll Never Get to Heaven,1tHzhv6nGl2i5ZaSSFiwK7,1300000
Emmy Rose,16f4gB92qCHbrYWixnzDGo,182500
Leeland Mooring,2ylW0JAtYmQpymRkrvWnJb,439100
Keaton Henson,6GFfu1alUSrL7qazImC160,330800
Josh Baldwin,2cB6hX2LI14KUTAevpaYn2,2500000
David Sylvian,2oyWkw7sq99yqj12hVUHtw,131000
Library Tapes,2ojlS7imGFiZ8A8tXXGEt7,101300
Ishome,0yyaMSLZPLTbtS2ifp0HTq,90900
Elskavon,5vDfVxwAH8ANpuIKKxfOeq,134300
Aquilo,26GHRG8x1F4AzbCKzUaIbw,574900
Air Lyndhurst String Orchestra,72UK8pq1vewvVNs0mGCoH8,1800
Anthony Weeden,3Sn9qNHNBzGuMW3b4V6o98,234800
Alice Sara Ott,0d6alfZHUx3xoRnPjkTL7Q,1600000
Illuminine,2JgcaYYHEGDqrKKJzuVda5,326200
Dominique Charpentier,2BDEX7NzONc6kAxVXu9lBa,216700
Mattia Vlad Morleo,2VBeBMU2ZBdmqnsBZ45CXE,479600
Brambles,0sNXk2NCcF4VpqvJ0KRffX,198100
WhoMadeWho,50Lr1puweM1hFsF1LpIZLM,2300000
Carbon Based Lifeforms,38DX4hQVvPBs3PThDIAK11,166300
Valentina Lisitsa,0gOrXuu1vCBXe3pwTyb5Ca,1000000
Kaitlyn Aurelia Smith,6P86FLVAK4sxu8OhyQJBvH,143300
Jeremy Riddle,6jZbQXvNtDjnj18yoHMuvi,1100000
Lauge,72Syhg4FIEracKDa3yumQY,318900
Baba Gnohm,2emlnsOgKrMMwXqpgpBMLF,46900
yutaka hirasaka,0stmdx2IonUUUIlWQ9bLYZ,173200
Matthew Harvey,30LkldJYxQgtaQBIGwzgMQ,2200
Dear Gravity,28MEj0HGdwvJYdbMAVpXU6,156700
Rasmus H Thomsen,42jjk371b9jW9zsmrMls10,560100
Henry Green,0VbDAlm2KUlKI5UhXRBKWp,595400
Aukai,2AyLrA3GFbgbrjOjVnGcny,593300
The Echelon Effect,20lGLFmdtadbUYmqzFRcA2,41500
Lights & Motion,3ff1CmU6qfTqRAmdrq8EEG,57800
English Chamber Orchestra,2DO4p3CPDnInsJfg0jFfaF,1200000
Carducci String Quartet,4cKOYjPLQGb79166NxfeyI,228500
Amanda Cook,53Gnd3lGlcL8ua9Yyu9xDP,509400
Frida Sundemo,5vuIOnOp6NI06rjLgTpYiY,26200
PMCE Parco Della Musica Contempornea Ensemble,1UFmOYPOSfBvvAylO0zDZb,16100
Sebastian Plano,7epYP6gVqTvHaKG7iSMAzr,613300
Perlo,7HoyQiwbj67vedZeOSFQSJ,52500
The Secret Place,4EYyT00pKTaCdjySZXZutM,187500
Oskar Schuster,06n2rDm62tW55l6cZEL15r,175600
Líom,1cB3Rx6pGBifTruhYgnMuS,14100
David Funk,5Bj9jhPkLNyIDxkHOf2fpc,1200000
Miloš Karadaglić,7jQSqBxct7Aa8b3GsZFkO4,442400
Franco Feruglio,3e1kd1A7mKQmTs7fqX3GPI,160000
Mauro Loguercio,21oSJUaw7ESADBnS8I93yK,181100
Gabriele Baffero,7eqjIlpFqiZ9iPfIz9LmgX,160000
Antonello Leofreddi,1FuRHwvPUBrBnCHF3hzm8y,105900
Marco Decimo,11IgISNFApjwaLP6Y64tEz,308200
Mark & Sarah Tillman,4GdeUL15baI90obDfYOvqX,188700
Tracey Chattaway,7pTS4RiG0sM9TijxQJz8f6,4500
Naomi Raine,4rc8nzClXj7sUjvsHVg6AD,1500000
Gabriel Yared,6quKdQHmx2x7FBJwLhmpmB,242800
Solar Fields,7GyhmlEy51sGUE09A5AWzc,128699
Royal Concertgebouw Orchestra,2HqNckz4bPVT37fWkhugTZ,496500
Riccardo Chailly,4Kjr1MPMUfuH3QKXtAljNy,511000
Eashwar Subramanian,5hmltn4HmYFNVXM9TuvGK7,327
Jean-Michel Blais,2uHlq6ERoXk8dqRZmq2OEr,378500
Mike Lazarev,5GHe2wbHyPb5RZbES8coHc,79300
Hauschka,6fTuDQJqqMDrrEXSFmgyJt,37300
Niklas Paschburg,4dTw5svKFBPnfijbi3H9eI,396700
Andy Barlow,6TC2SpVp20fhwV7SAVr56o,152900
Scott Moore,3k5d36mzom5r3bYb2ZBI3E,27800
Emily Pisaturo,2s0fOzYaGHBDTbKTmY1rLm,25600
Biosphere,2rcnAZ6DvORQ365X3zVYpr,95000
Slow Meadow,1X93CiijNCFQa4o17hLwI3,212300
Mercan Dede,1rwDpyhfCIGcutXf9kmLkY,84300
Nicolas Hodges,5PPOJqHiUMVMcn7YLWemGB,65200
Rolf Hind,3O3c1yLD7Wcjx0oiXqDjXq,63900
Fejká,0VWvUvjaHaW1OeXtcVISu9,465300
Sylvain Chauveau,0IfkFoyLbsgahVvNfPnV2y,72000
Lambert,6pSQcy8935ABNiK2qOpOlK,263100
Roedelius,7v5E9zviGMsOGHRdMVmhDc,79300
Arnold Kasar,700im8kgUAWwcvUOAqrTWm,43500
Sebastián Escofet,4YufEYOotwxOrZxtzdPgS3,29300
Phoria,0HDxlFsXwyrpufs4YgTNMm,158800
Federico Albanese,75DsjkCdxGmvitG1tqqBkL,333600
Gable Price,2X5RuQR8hFFPlPjMPLzrKa,159500
Morten Myklebust,7zFc6IlzgDwyXojYH1GIkI,4900
Roberto Cacciapaglia,359LKbZWLk6u3IpyNE2CQG,279400
Fous De La Mer,5PAI0Th0mxH8yNdQQwRlI3,7000
Clair Dietrich,2WnFqeQMgfaPgP4ggyu8kN,0
J.C. Fous de la mer,7BToTMKvtVQlABT8zaosc8,3700
Sueño Latino,3E8tZZM4XEt5CBNcXDryTQ,23500
Valeria Vix,656cRBmIQevcYvL7rOxKXX,9800
Vix,75wnmUfl54n1xtyxEEp53f,293
AL-90,5Um9iF4JwwEyx5K5TW4uE8,125600
FMSAO,6Zn5oumrPxS3fq3oxvOjzJ,42100
Bonobo,0cmWgDlu9CwTgxPhf403hb,3200000
Sleep Surgeon,5Miv6SXEFSeNVMot3CQPoq,10000
Marie Angerer,2wmIk1ZCLki9V96uIqbvMY,24
Murcof,0liG9qD19eWrt5Ur4cnsYd,140100
Vanessa Wagner,5Dw4dHIo9XEpwPGFuTZFn0,121200
Tom Ashbrook,481U7FXn2fSb0YXFqKdYtO,115000
Lavinia Meijer,1QpDFI4PxPwdv2E3iS6pCp,337700
Dirk Maassen,758yIKdhJhWL6oTuTSFVV6,173800
Brandon Lake,1bdnGJxkbIIys5Jhk1T74v,6800000
Jasper Randall,4SRa1GAIUaHyIewJTmBs03,339
The Hollywood Studio Symphony,7EDsxqvVACibUGGHfMNjyK,55800
Actress,3bg5rmICvmA8dmYVAdKGYH,132800
Peter Broderick,3haVJx9TUcufYl1rPyH0iv,242800
Jonny Greenwood,0z9s3P5vCzKcUBSxgBDyLU,450000
Boris Giltburg,6DJ974Gf11OtDblQklBHPX,240100
Royal Liverpool Philharmonic Orchestra,6I6fmQU7HGrUsCm4B5Nlk3,901200
Vasily Petrenko,6H9eOWeGZkU9alBUYqNR7Q,254900
Benoît Pioulard,77SQlBEZyyJ7neYnlp0cDl,56600
Chris Coleman,4oxiHzFly0vvnEZNzvBRjZ,51600
Grandbrothers,62Jwsvqi7hW8TR9rAcfBXY,283700
Blurstem,0FXk0xKcMcLfLjkGduqGkn,42000
Christian Badzura,4o4c7wie7O9R8ju7JWtHsQ,189000
Leon Vynehall,2o7L9DNcmzocYll1o0GGTU,297000
Mitch Wong,0NmuD3IXcEGYAEX5hZxu39,727100
Nicolas Horvath,6EyYsJlQEb3uHINVS5EIsB,185200
Myleene Klass,63L6NSMY7isrNaziNX2YXX,14900
Karen Dalton,5O5V29YvM6AzAQ0rNt59fy,296600
Bonnie Brooksbank,2kxs2iIIQTBvlIQs6tm42g,12100
Ceeys,6K8BBZapSLE6XGXF4htbIT,87700
Meitei,5TS4DIOBGgEE6ysYh7yuii,155500
Nibana,01nFu4fAUjWLTZX3OPpFJx,13000
Rökkurró,3H5JhEkJ3IKuNT1elqCxQ4,3900
Alessandro Simonetto,0xFkYOINLkXFgPAAAa9Pwk,36700
Michiru Aoyama,75cLQlfceOKJMop2LqS4Fu,86300
Marty Hicks,3lMBgTGa2GgISh4zdFaisy,1400
Borodin Quartet,1PsknnitlKhm7SOszdGWB1,85800
Paul McClure,7Dl8usoHibuYnDVT5PRVnz,961500
Entheogenic,7xjpPNWngnYl57VxpnbakE,27000
Stars Of The Lid,36pCa1JHc6hlGbfEmLzJQc,101400
Burzum,7L6u6TyhjuwubrcojPeNgf,247500
Young & Sick,3pQXFWbvLit77NpvNmOo3k,216400
Spacecraft,02ji6dT9gN9LUtNlMUB74C,45600
Ian Burdge,0cs87q4mrkIUnMqHVAf4eL,307700
Don Markese,5GBrdYO6HLPO0orNmJnac1,39100
Braulio Barrera,1IdXWAKUCloVBDohCswWEz,36200
Javier Casalla,2LzLXJNPrHvw62NE5vKIHo,36800
Anibal Kerpel,1tkoCroEpHe2UexqTAd8Wh,36500
David Helpling,7l02i7AcAhAkAgpxJp9E1n,40
Dine,61Qij0FWfhIWshpwmRSBEZ,0
René Aubry,1dyZDfHcTtUJjx0DFBcOvc,392300
Constance Demby,5s35MWEbQRtTObpESta73a,30900
Wim Mertens,7zW6wPmVLv4JDJM271gbFc,134800
Felix Rösch,5DN6qP3OzoKVYXF3o2KCXp,354400
Maksym Rzemiński,1Tu9rC3IB2HkhbZZkCOarp,224400
Radom Chamber Orchestra,5ut8GupLRrhRvMQdTJAd7U,35400
Dawid Runtz,7itjfoeGpfkS2DgbBrW16G,35400
yeule,1WZarnZpWEv7dDtjAETt4X,908000
Ben Lukas Boysen,0lYoJnsYMVaAitj1pZVqER,173200
Armand Amar,2fJb06JRcuBWypwj46TQZj,221100
Lévon Minassian,36fU1D7VBlwnCf293gMzhT,73000
Czech National Symphony Orchestra,4QwB1zntRnSrgqcqqnDwAX,263800
U137,5Js8zUcr9OCEyoWjw3joxY,38900
Yuki Numata Resnick,2TVn6PQxnrxlIq4F2Vz3Qs,214100
Tarn Travers,78PSEAPRjcRID297AMMPJC,156800
Ben Russell,5BG0gerrHZFHPaIEi43FHB,282900
Clarice Jensen,1B25oHGZdWQzQJCajIwA3a,279700
David Byrne,20vuBdFblWUo2FCOvUzusB,1000000
Giacomo Baldelli,62o9suXHrxkOYBpT4Kw077,412
Virginia Astley,0Cc6v6tsUT1FktqPQYXME3,10100
The Orb,5HAtRoEPUvGSA7ziTGB1cF,266700
Mansij,5HJY6bwnId2sOzXwlcdRY5,19900
Max B Groove,5Ldj6fF0WK0aGDrInhnMry,0
Dhamika,6GdfSGzmlvRsMtSwMjQqYP,14400
Desolate Horizons,5y4oIz8eUC013rOK3AldFN,13800
v i v,3Zieh1I7GDWSW8MGSDGApX,45800
Colours in Context,4CHVFfmgOpcOMB3d3B0uwO,9200
Rival Consoles,05lIUgmmsmTX2N9dCKc8rC,355200
Igneous Flame,5GEB1Yi5wlNSNHbOXoGOnI,5900
Tim Story,6S7EbdcNj5pWjBdeNU0FWc,13500
Liquid Mind,2mvZFsiQR3yWcHAroduCTF,57000
美波,,
KANA-BOON,3PWp9R5HvbQgxI5KBx5kVd,3400000
Kenshi Yonezu,1snhtMLeb2DYoMOcVbb8iB,9900000
TK from Ling tosite sigure,3B9O5mYYw89fFXkwKh7jCS,2000000
Yoko Takahashi,2RSmBT9gH02j53dMSw982t,1600000
Eve,58oPVy7oihAEXE0Ott6JOf,3500000
ENHYPEN,5t5FqBwTcgKTaWmfEbwQY9,8700000
Hiroyuki Sawano,0lsun4rtzwXMDgLvnANzkS,11600
Ikimonogakari,5YneEA2nLtAhkD5t2769lZ,3900000
渕上 舞,2FS1GkRyHcBhVGfo40uZQE,41200
BURNOUT SYNDROMES,0Oazwl71qoHvXnbSxv0wOT,1200000
LiSA,0blbVefuxOGltDBa00dspv,4300000
Vickeblanka,,
MUSASHI PROJECT,1HNngbrg0LENVuq56iQo0m,449100
Official HIGE DANdism,5Vo1hnCRmCM6M4thZCInCj,5100000
Apollo Fresh,3ivDFy7UfjLbyIGzepJ5hJ,203900
FLOW,4yKxcUntWQvr4x0TFFeqFF,2200
Yugo Kanno,56DDzGJXY0xndL9wu9aHUD,1200000
Aimer,0bAsR2unSRpn6BQPEnNlZm,3400000
KOHTA YAMAMOTO,2hE2ofc7IKD1iQ39HYU5N4,430100
Kiko Blac,6i21U0Ff1BD6aTlmZX3LTm,3500
majiko,6HX4Jrnb0WhEv9goeGoh6p,465300
Linked Horizon,3eNYrVLcWfjJ9JdH9kiPJO,2000000
ZAQ,56TyClNQ0oVZLhK2V9KhA6,381500
Khantrast,1MOetFIO4hBem9p9FVP9Jo,2700000
Louis Capone,29zXTjItl1yrV99QZQxECu,62500
Mrs. GREEN APPLE,4QvgGvpgzgyUOo8Yp8LDm9,7800000
Samuel Kim,2bdcBjvuI9worc472GbeU0,2400000
SEKAI NO OWARI,7HwzlRPa9Ad0I8rK0FPzzK,3000000
Yuko Ando,12dhEcVUnJVnIQLt91VdA3,212900
Taeko Onuki,5QeCklzEEYSSLWeUxuWeBy,1200000
7!!,3rJbSZv98yyWLNOvD6MsAV,781900
Cö Shu Nie,0LlH6J1tj2TPq7AlwXAkY5,965600
Hikaru Utada,7lbSsjYACZHn1MSDXPxNF2,6400000
Hiroaki Tsutsumi,4uXJgaCc1GtHWtFq8CmPmQ,569700
Toft Willingham,4cxcb1EnVZwWbGHy2kJNfr,78100
Chez,3QPkiE4U7jN0j6oAy1QJLo,29000
Jessica Gelinas,25f1T8ftal0wbUsAYgP8ng,66600
FantasticYouth,5XnMEOCzuW5XCsqgqEek16,288100
Kato,1udruffum7CorOphFUMB9A,6700000
the peggies,3imCOAQnI4fF5dsncQqLBW,497800
Kensuke Ushio,4L0gz16xuM1as1OgYzh1SR,1800000
Yuki Hayashi,3oGVQWQy7lgTMuTnKUZZNZ,1300000
KANKAKU PIERO,0y7gVi2MozEY4IyyDWKWqQ,584900
THE ORAL CIGARETTES,4rqJz9fE9prZvQd8WsQv6q,1400000
Fery,4x2E9oO3JL0LUIDTX1F8pq,20900
Yasuharu Takanashi,64mecceQewFCKwCK6JBW0o,833700
Shiki-TMNS,433MAtNbNMBD9ErZQBBnXb,457600
Kodama Boy,542qOMfLPhJ3DloJQTNmLv,43400
Big Gay,0mP5VQ2zCheycZ8DgVL7r6,28700
Hideki Taniuchi,6DombnzcEPvwvwBWPsMKwE,333100
Rustage,6cd3XfCAc3e596RQW8P94H,364200
[Alexandros],1luOe8HkZQ7zwuaO2wuJqI,1500000
Yutaka Yamada,0G8iubd5gKv5vdPnmHRaxT,451400
QUEEN BEE,6whFEcaV75AmQMiwlfaxvc,1000000
小畑貴裕,1ts9YsGOQHW0vzUrhG4ZpH,248900
Ken Arai,5zGGIlGJXnwLcbniSyoc7w,49400
NSZX,2DvKwWmzK5CPUBSRCWtZCy,85600
ASIAN KUNG-FU GENERATION,0MK8l3nURwwQIjafvXoJJt,2100000
Joe Hisaishi,7nzSoJISlVJsn7O0yTeMOB,4000000
sumika,0ySFZq3Wd0SQUyJUzmJAeb,1800000
JAM Project,0CPdwFVMsHZWpNgKuLaTuU,471000
SawanoHiroyuki[nZk],2EWXgN0xWOnbqJOxa9pWNO,1500000
mizuki,0Pt3k7cpeOysqGGiw3tQcS,460
Uta,4pkAI4ZpW8IhBWEEbjHq81,8300
Hentai Dude,1NAa2BVvxNafOX5E931u6y,27300
FictionJunction,5Q08YLH6CfTdmvhvRJ3iyz,208900
CHiCO with HoneyWorks,7qpGWSiolU9E5WbkvTaMDd,780300
白銀御行(CV:古川慎),0oTiO95sHpwUlOp7RZ2mPp,30200
藤原千花(CV:小原好美),7t7FUKBOnPW89gJPyQgBXD,89900
Otaku,7aPPTyIdePdRoN5DGhEqfI,249
LoFi Waiter,6N1zMZfSIop84vp0gW1GsE,0
Animelmack,45b70w0HEIshoMZiGvFN61,352400
DizzyEight,3qpVZqXttPUYEmt53UYDGV,163600
Dreaded Yasuke,1XajNFo2Td3LtQy9sAfSXA,470
Savvy Hyuga,1RyrjR46nDW54ik6rQ7tWm,0
Connor Rapper,59unwXJLdSuY0StcEvGyJV,4100
GameboyJones,1FDAJKaPzIzRHJrl3Smitm,1200000
None Like Joshua,13rNJ8sWbjGYIUjqtHZvL2,134500
UVERworld,6m14xgA0m3w92UM7ujJgky,1300000
McGwire,411VUMJLq5DVLoU7OaBwk7,173700
TOPHAMHAT-KYO,2QGB8HqesnKeA5gcLJ0hiZ,65099
Kiro Akiyama,0JROVv4P85ZVPFbaJIqAty,325700
Berioska,47bagukDdx1Oqq6aL9JlwE,164200
Hello Sleepwalkers,12CmFAwzxYnVtJgnzIysvm,286600
Belle,1m9ZvxLFfX9avls54a0y40,372500
frad,1XLYJ9VzlgEpBdlkC4MhOL,424000
SPYAIR,7gRg6C2qgQ1F01k3sgyEVt,1700000
桶狭間ありさ,4hvJ6gJeIAfiPDEoqqbZnQ,397700
eill,3AiES4wyTOfJvNgqz9baDn,721800
Kijugo,7HjVvgY9p57LOIrGyulrVU,101200
Sunday Vibes,7JKSeskk0pavgHwIGtAV8H,40000
ACN Music.,21uIYuekO1alWINGMj9Cz7,110100
MindaRyn,7MSns7VCEysJJhcp67gvtZ,175700
Pharozen,6rhhylzloJVDD6FqMNxVKj,1100000
Shofu,6Mt5Jv5qiHPyCmnaLbr6Rz,54000
Jhbboss,4muVDw8tfKAEi9fVHmB1TZ,15900
conscience,1Utgl9TSoEPpnli6lnGGRI,342
Syndrome,0aoTIxQJvGyH2vLza8yOe5,160400
ReoNa,2SIBY7Jwq1kYng12Zguo3C,626100
YAIBA,11J6wtGIMBv3bT0m2kW6m4,338500
Sayuri,1YLxQZIGsaZq9rvFu8zeRz,676700
amazarashi,6T4K8YuFc0JPDrYgABbxao,662700
sasanomaly,09KNMqVn02ntZA70RA1xyZ,215100
Feora,1CrlOWdMRMmEkDbivpWVxn,29600
Yoshihisa Hirano,496DwthDgbHUwWycngajrJ,977000
たかはしほのか,6iNGcEg7r3hBC7K5VtRBEc,0
Evan Call,0nMGbTpPx4b3h5fMG9CpWJ,748000
Chewie Melodies,2dbjQX4XbIMrb5kayolqSZ,259000
Centimillimental,0aRqEPPTtQd3pGuB4tJxVw,238400
Raimu,4PMAJlYIlc9EafX6z8lwZ3,134600
Akari Kito,5PFOljHpjdOGpyP34FGr8S,109200
GoldenEMP,0clJFz1sWGIfknhiEaaPaa,16900
Konomi Suzuki,3O0kLS5sLZ41XZRxjBKmLF,1000000
Johnald,1z9yUqEQzZ4I2JPKgiyI56,59600
Eir Aoi,18moNotPmBWa2YZtRnIoZ3,664200
YEONJUN,2Mo2yHjmrDRZW7yRuJwR2w,4300000
Kaoru Wada,4zbQfESCpBlXi1XlpnlG95,120100
SID,24b231EnCM3BkpiuWs5VBE,1000000
NICO Touches the Walls,16FpDRuy5xMHpuLYZV0Hkt,869900
スピラ・スピカ,3ncARjIEl4SrcrnpOIV5CO,221100
いとうかなこ,2d12dVIZQZk9CKhEsezaoN,267100
KM,,
Broken,2Fbe1SWffO4l4mhzuPISrg,78
中野家の五つ子,28ile6AlnprjyeQzy4F0SB,433900
TRUE,0UwVT0iMLLAa9SUNENg4te,367200
EGOIST,0k7JZhYS35IewiKNHW7KMj,515100
Or3o,3Tqz477C42DxC4UT7rk3yx,1600000
Bastiancortesxv,1eblCqMA3mIIguIKAVd0Cj,440600
wacci,7jCHrVGjeHUYP2pHv8FOJ3,1000000
Masato(coldrain),4f9hD6gIbmsHoQw9MFMnP8,73100
coladrain,4qLXYL3mOJD057YL4puyU4,0
はてな,3HueoTIeJ7XZYpiu8eadUM,66100
茅原実里,2BVUhHYQGZDr1YOQuySRuZ,266600
SCREEN mode,44CA4qMx5IOMDQOTg7G6KN,123400
ASCA,5pjjlQXYjoMFWdjdKOre9s,283800
halca,2xOEM6pRUsLhlx2PzaQuK2,156600
MAN WITH A MISSION,3NTbOmzlj2cL86XFuDVFvZ,1600000
Kenzie Smith Piano,3UX79kbvgAEhCSbA8HVv7W,144000
OzzaWorld,6zCz3rSTB4q509qIMQaL3r,1500
Musicality,3jbwoqhl1GhkvC5rNBvHH3,238500
mellowthemanic,7ACxJVOmc8inO8lpKGlxAh,3900
Fabvl,48bqPGhLPTuS8gKg3UTtf9,319800
Macaroni Empitsu,1t17z3vfuc82cxSDMrvryJ,3000000
Ricardo Silva,2lCmsUtLSxA7esbqH1bUW7,303400
Nana Mizuki,0W2x7650Lt2CEIIcLHXmsE,340000
miwa,3R3WEsfL1WC1zLiz3XG9K5,1200000
PELICAN FANCLUB,2eKvpW2lCmgqTJHRNrbbIn,194200
伊藤美来,4IcWgtz5hpMVQ8ZFEXUSAD,38000
Aqua Timez,2XhA8BOHxO5NwbY6q3W8mD,1000000
Destly,1yhdBcKmHy6dqnxmdoaeiH,10400
MADKID,6hSqYnAsAf8NI2mA6mF3d7,707
Kupla,7daSp9zXk1dmqNxwKFkL35,668900
Uru,6le80R1opKnTlP4o3KvA2k,1600000
Lenny code fiction,6nvlfxR3ZRCNzw39ZTcGSR,203200
Megumi Hayashibara,53e5Lp1qdqsYgfGL9YuW5p,365300
Zarcort,3ljuRRLVJKgXJKO0xNqzi6,886400
MegaR,5U4BJPDAfeUWRh5BRkAWo1,359100
Kballero Rap,5UqluPuA0JSWGajQDwEKxC,238800
Ejsu Multimedia,5vsdpp7oTYwaawHCk7kRPX,22600
Fallo,57PGHhglW3z79hfvE4aYna,0
Karu,2Nm0teiQ4CTjzDz4GAII7A,415
PianoDeuss,3PAedjyX7ckOhAdlhW5BmG,182300
Myuk,7oVNI7cJUA5f1Qvu8vQlq9,175500
大原ゆい子,3FDDeKHEecoQUOBHCgExUy,299900
Hayne,2OuXA3zTqSBjchwV4jD5gL,131900
Milky Day,7FIqXqYZHMomTAcTXF4UHu,189200
DISH//,0jJmZHZHNe8n24Y33z5Nil,1600000
μ's,2hYjPkmTry3LYVVSymws5i,177400
Laco,7yEsBM3bZnkNfKyB9XGyyd,670
Kainbeats,4n9z9czt00gzw36hdoVU3G,1000000
BigRicePiano,6NZehyzoXBTOmvFzJyp6RV,214800
HYDE,0ZXSQd2JNOfwJcLNbX0jpN,1200000
Taku Iwasaki,4E0I7rDFoLnOLb76hcdJ0v,1200000
supercell,0DqUPxSLHsvWyh2q4ZSUuE,29
ClariS,5htVtReJ3NAwcAdxdHpim3,486700
ACE COLLECTION,6p3G10bi9yrw3me7CDrCta,284800
Nyako,6i3EjHb3M5pFQpo2nqP6ry,31200
Galileo Galilei,7p2S6p9yYGhJTtbTQFnsYZ,293800
Asami Tachibana,0F4ybIPzwLfT5xzZQlYBXP,60700
STEREO DIVE FOUNDATION,6yLTrq59HxfE6aTq8r4gVP,180200
Naeleck,2DYDFBqoaBP2i9XrTGpOgF,6100000
Minijau,0w2uiiLdkZUh8KfgKtC9cO,13000
Tokumei,27BXqhI0wTrkmqrD8Lv2fp,0
Rockit Music,0pPN4tp51uXAhkDux1Mmn4,696500
Shwabadi,7CCLirH6tIf750hgYn1Y4X,103600
Deaded Yasuke,7iQNntHqjuRkmfOSrW4sQV,0
Eddie Rath,0HEAqFUled7OyqMxEATI1Q,5300
DaisyBanaisy,47Mvwx0WCLiJc5KfU2GDoA,0
Masaki Suda,,
Celestial Alignment,7lGQNJ5Ypof1wZrM0ysNIU,101500
Frazer,2A5x5tMvZvgiyVcAmuwwRI,0
Adrian Barba,5KK1FO30lzYPqnPYyS9bu5,527900
TM NETWORK,6aXIcqTy3R1dqSml9HQZUB,498200
もっさ,7a7uhcdZvYg4IGcD9tUB3g,0
SoulBeatz,6qSZBpbx8xgmJYnAVaaoqb,28900
EMPiRE,1APhKAeROy02DedkHnbrXb,121400
物語シリーズ,0NT8fqhPoKJrd038u1Qumz,1000000
DOES,0q8dSWwDu2GVZuHKquv4uZ,11
ヴィヴィ(Vo.八木海莉),0yJlj2EYshHk9BWkEAR15k,73900
Reol,7rpKUJ0AnklJ8q9nIPVSpZ,812500
syudou,43XkWaoCS0wKjuMJrWFgoa,673700
Sonoko Inoue,71hQB5jxdNiHk5gzZRhicQ,268900
Maretu,7p1fL0cAuCPDMG6oBswFhM,1700000
Keyblade,4G1BCZELZpXCRufRlKIJl0,368900
Darckstar,1NpLRjcgOerJz6JEPhqZcN,0
スカートとPUNPEE,2c1PTv8do7xhzgK6rKBf5A,62700
スカート,1rOnNKoQhifOY4rIH4wMtk,85700
PUNPEE,0mP8A1qIoufScrsxq18Cw6,308500
Marika Takeuchi,0lsDi98XEKVkgN2kdZWBHT,86800
Sukima Switch,0wRzWf3I4lUl9hdFF5uL0m,3000000
Fairlane,3L7JnVovGbYSUmRyqhXMYO,416200
Haruka Tomatsu,17Xrh1jox4g1VQcUcIcgra,264400
HalcyonMusic,3D757MfyLeaUnx9BpDD3Zl,108600
Mika Kobayashi,2PszAsvg6kdXh0D2bMC8Yz,97600
Daddyphatsnaps,6xini6REf0CP8muuVvDa91,243100
Delta Deez,585kMNUhwkZ4fpLWxBDVmu,10800
畠中 祐,0TaoRyKuOZG8BUcWKfcPIp,52200
Zius Lit,5xwBlvGOQJf2MC1KZrBCP7,22700
The Covers Duo,0vlbXMsO1PRqmfJv5tAJ8G,72600
Doblecero,3sfUuKDT0MixrEHUqCx3Fw,0
Theishter,2Hqn367geFndjn7SaFNn49,74700
SUPER BEAVER,0SMhG4gXGD4gzLMMz08cQU,1400000
tills chills,2epKTMNUfHzX5xhzF2DHa4,25300
TrackGonEat,5OZmoa7GmuNKCfLqEv0Kqb,12000
Chelly,7IYp1PwnGxaoNmljusPO8Z,0
Satoshi Takebe,0pWDwAU3grBQc9GAIQOP2N,365300
LulunaRina,6ljlWPpiLmsJd7e5J2qjwp,0
Luna Haruna,4eL15GpHSLAAvv5sT00c5i,197200
Fonzi M,6b7F9Fnlc9n8PvM3EEaMNB,128900
Louverture,60Utw3CGxdt08eHHZGJNON,37200
The Kevin Bennett,1Z3g8HAK8kBx837hlZ1z5j,58900
shirobeats,6ikl2mKOYsek2fUhMj2CTW,1500000
Trap Music Now,1cQnHsdUqpQ1z8D5uZyXPP,463600
JOEHDAH,7pZPHbnazpBvpdAG51TuxQ,99
Eva Ruiz,0u2TFlIJZJiir8Oi7YkbwV,187200
神崎エルザ,3EzK2WRDfjAtTAVRHW8HWR,54500
Bynmc,0idPuBSXaahb3PG6AsRGmP,199800
SoulRap,3iUbHN74NuLCrXsMiNZDMX,1
Bastián Cortés,1CURVWeiVLHJdi3ZkoyEDD,0
Inheres,7p6m8Q7UiG0rhOrropU6wr,147300
ZerØ,4X0wkHFRCALIvIprXD5YsK,0
Adlomusic,0HpH2nTZ8Y34yg5mLK2Ysk,79300
SCANDAL,3RFGnJaDVOyxL9YcFaKatu,271200
ChouCho,5t7eQ2d1UmzfIr9oWQ538Y,161600
GRANRODEO,3LnMh597QKlMqWqqXz7woc,412700
kobasolo,4n2W84plMrq8WttT18Npwi,330900
七穂,,
WEAVER,0r2CfjmaWc0FMbbmsb4zgD,126500
HalaCG,0Tbadays3Z2K3BxmvjL34J,1600000
Fandubs Jose,7GFv168T5JAspDLdp3b4l0,175000
PurpleTheBlue,2hSStfe1PrGRSrlceum1Bo,174500
Kronno Zomber,53eKxFVMTRxQnsWe8v77Jy,389200
WANDS,4iaPh4BzUKBQuunyMKVxU7,948200
kurochuu.,6ulybcblAgAFRoQelPnLVi,39500
suis from Yorushika,4UOdwKkaWHJ5k6UqnfC2w0,824500
anifi,0vRazpIdmFDM9Yay606Ntj,24200
Kano,24HASvYQG1OvEFRWVWmOfx,141100
LucasPianoRoom,0WjkD5UxFarW9bQ7kIsLD2,54400
えみい,4hRR0f2huuaMrixf51I8bA,0
Sumire Uesaka,4hRg5l2hXQl3lAzffFF8P8,87900
Hikaru Shirosu,3WJfB0QSAWAO283H19gL5a,600400
PE$O PETE,5B6civtd7qkaJGy3W5Q4M9,41400
Lex Bratcher,72bCjI953sBXUcEccj0SWf,198300
Connor Quest!,5tfUDXWoTlmDZldF5YxLFH,47300
Aizen,0ewCE9C8NyspDMtwZNwBhA,499
UNISON SQUARE GARDEN,449AEgfeOxqAuRn0uX6l3u,1000000
Divide Music,50iN4QFD9Z9S1KAzDLvAju,250700
梶浦 由記,0BLHMPWOZ2aTI0ZCCbtZem,681500
Hachioji P,4TtpMS8RsX8vW64WOivJrb,266800
Giga,73agKiU7x2AtIEH2IAK2iS,825700
Hatsune Miku,62JPmrxvrpV2JW4afWbHR9,0
Kagamine Rin,7wZ6E8iVwjGYRGwSfkIAjP,381700
omar1up,6yRTrYEUwdJRYZNUpxyytL,1700
Amatsuki,5WbJGPIGG5oCaVgMsfXZgu,162300
Shiro Sagisu,5k3NfhEeZHpouIGDpjKOPo,2000000
Rayden,0ZdVtYuFFwLAMBXc3KxDME,516
Katsu Hoshi,2B5mYImShgfHqzyoroFr0w,199900
iBringDaLULZ,1qU2lVKYZV15Je4ZoYLUt2,0
Cdawgva,1iszxUoKCyiXD5c2c8fuxq,808
Zach Boucher,4Q5AMYQRVkVB3GZxjSK5BS,11600
Shao Dow,6DDdZ3Ezd3Sd2q5yf3z6vJ,72100
FrivolousShara,4BZbaSD54IoBseVr142kiH,2500
DiggzDaProphecy,4bBf0nuwHIthPJXj9VgtnG,0
BassedOlaf,3QkUWQmq6xalqIYBLs1A4b,63
Burefu,,
BiSH,0ebinq3ZTOQAJNag4sBTJj,384300
DECO*27,39SI6taDbV7gvVjmpVptqD,0
Bruce Faulconer,4v8t3NhJwK3vWAKF8IamXX,72400
Nattalia Sarria,14iQQ2sSlbAc3PAWz40ASp,69800
Meychan,5HQYtQ84Zs3hQD5ZcC7WUX,269200
Tricker,7JwguMrxK6x8QIHWXkWdiw,163600
Danie Green,02v4biezFJgXHId2m5LO9n,57200
Vxnity,2mW5pB7a2f3V5PuZFeV8Xi,4100
Yuu Miyashita,6hJkIUy4LmRN3l0Ld99M5x,99100
NILFRUITS,4vb4gG2AkqqY7W6wBIGJfU,56100
Beau.,2nb6qPETV08UM7u4WdXP3J,5500
藤川千愛,4KtWUs76w4g6Ck12wskjeg,125700
Takatsugu Muramatsu,2FdBheCRIgBMhygsbki1mO,320600
kopi,7o5Zl6NC3E8gO3sDoEjyqU,42300
jon-YAKITORY,0XDvcwWavm2VcdiXwDKgvB,864600
Ado,6mEQK9m2krja6X1cfsAjfl,6500000
softy,0wcen0V8FgQu6xYupnZMbB,1300000
sweet ARMS,4VNX81QK24dwtTCv4lx8Ae,59900
Sakurakou K-ON Bu,4xCCHj0hE6EX42nCQCcL4F,187200
LoFoxy,4SgzQznm5LiDNj47Dg4RfR,4500
Sakura,4CEz4WJQ9VkNsa5JdXRE8q,5300
NerdOut,0oB2sOpQMaCCrMlPXBQCXu,306300
Miyakawa-kun,4yPNE2Lv43vIhh3BNNNAKs,12700
Miliyah,29D4iRqjepAsZt6o5hccND,719600
Mauren Mendo,594GGGOkiQFC3lHLc0E1hC,45000
Hitorie,0ouUO7PZ76vjBJytaT2Na0,266400
Torby Brand,6zFs3bPOE9qVbzuVhVl14Y,108700
yanaginagi,15MlyDyZofFYpLb5MrLKVo,361500
Palademix,1M0ElT5wAoUe4uiNkp9BUh,24300
Nostalgic,7IHyT7C3yNxn9nXJ6O7pzh,249
Junoflo,5ZjBaiZiRUZx4AmlzOOc9R,58900
MY FIRST STORY,6cutt8thPFUICMfxaYerWd,1300000
Nanawoakari,,
Kiwwi,40NilempuDHlMj7kgpjBf2,52300
高木さん(CV:高橋李依),1R0fW14xdvdhRIJs7WPIGP,104900
亜咲花,0QwTvn35AQMMELpKDU176h,157400
BenderCat,5EKlZuZZtivDWmQpgAqGty,0
Tha J-SQUAD,1GaBxa6meZLiIEHjCIzEzb,108600
Remix Maniacs,5Zc3iFcpfqbgqXRIVnpxwY,89700
Kenma,2sLZ3A1jsV0E0tel5M22iM,32500
luvbyrd,1uyhqDjrcRbsHmyhx4tKDU,73700
JUNNA,4l9mhLGvHBgUXIrDGUjy5d,126200
佐々木恵梨,4ES04xmx6ZGMYGyGIfGQgf,126700
Rei Yasuda,1diX6i4LgUKR9qMRrAeGLi,135300
CG5,3YJDqtTSjydvUpTvU1fJ6O,2600000
Breeton Boi,2Dr2lb79b7I1gj10FI6ljA,74900
954mari,4B6My3qCkyAX7n3qzUZONc,29600
ドリーミング,5PY25aUrepCbM3Q7UrtiWO,0
Jake Eaw,7yL97o50EXql8p3iFo6MHe,40400
Ben Schuller,18nryMR53pesB8WaeOr0ZZ,0
IA,,
Gabriela Vega,0TvXiwVJbkSDH04JMHtoq5,81100
照井順政,1ACBFDo26YToaKa2AhEJGX,983400
Shoko Nakagawa,046RRGSoYRQ7qIKliJJSNS,500300
Jisatsu,0T1Ope3kfLPZQ6l715wc34,37800
CIVILIAN,5QI3pDd4tgvY1OaT9HvRZH,2800
DIALOGUE+,2edEpSuGIPWwl7QJF3hXM0,105400
Elijah Lee,2ZVKeej6s975bMSdzxjIhu,410600
Capcom Sound Team,3w1Q754jb31h5CXQCcnLNL,2200000
Anime Piano Dreamers,1PhGolSTY8IgGZVafwJ67j,4300
T.M.Revolution,3jdzcmtw5XOmOkSb2mRDtr,1400000
Laharl Square,37qAiiRn1G6zJnT6mIYaUb,584100
DeGoBooM,598a0WeEt4NSptwGqzYnPQ,41400
Cradle Of Filth,0NTSMFFapnyZfvmCwzcYPd,492100
Make Them Suffer,0FZcPgWI3BsFQl4rOAGSHT,1000000
Behemoth,1MK0sGeyTNkbefYGj673e9,406600
Sadness,04tDiz6koPFuo5JBZyLgFg,54900
ORM,2E8FAAk6jPrKHlFdDxCBQD,889
Mayhem,0dR10i73opHXuRuLbgxltM,289200
Dissection,6qpmcQfxhmNxNMCJUrpHwe,241000
Rotting Christ,7FhkwcO8Jd7BRWdllBpXBJ,137300
Dimmu Borgir,6e8ISIsI7UQZPyEorefAhK,403800
Avhath,18Oc9nuhdMhI1AHsciD1xu,3000
Alcest,0d5ZwMtCer8dQdOPAgWhe7,241200
Morbid Angel,35jmO5o3AhUV70kiR7u4Nw,233800
End It,5YlX74SFjWauq32aKLwAYn,96200
Shemhamforash,5dZmv2xONCF6mikaKq3Cpj,96
I AM,59zOzD3JStdPWVQt629XUa,8
Eshtadur,0IdWx63RAlOm5W5iOKPesn,5200
Deicide,2K3GorTixXKAiwe2t9lO89,216000
Gruzja,5x7Mwo0pvrS8dBz9Q8FanG,6100
Satyricon,221Rd0FvVxMx7eCbWqjiKd,190800
Wiegedood,1JjP30v8j95bAMZN3ws8Kb,7800
Winds of Plague,080xIP1qfuknBNYEYPuH1v,48000
Kanonenfieber,5VI8SBEX7uSvoHsdI5xNVJ,274300
Therion,5c8Cw62ZYj9XO6iDLRDEsi,243500
Eisregen,3peZFZBRhRGd1lTTsNmaPM,40200
Samael,1WXagRGw8AveVrRxDfUjli,72100
Sarcófago,3bPSw3qkTeBZXnfDFUqmPG,48000
Kvelertak,0VE0GTaTSeeGSzrQpLmeb9,82200
Thurisaz,0ZRyHNcR9s8UEjma1pHXDc,106400
Deafheaven,4XpPveeg7RuYS3CgLo75t9,205400
Agalloch,3Meu28o8P5z9Zjm6NTGihT,94400
Akitsa,0CTKq7arHzG8F0ToHBW8qj,3800
In The Burial,1fJw5997nbk3YlCWHIu9ed,93
Wormwood,2CltEmcrT4ypj6WxaBej5c,8900
Vreid,2KvwC4Kmp2U8XnKr5Yr1hm,23400
Kvaen,4G2t2vFfJk5Ud4GxwV9ooA,4900
Rasmus Rova,4uZrIH7wQVjjB9TWuMe46n,16
Sebastian Ramstedt,68aRND7GtzQfhh9YVDrKw1,0
Mortuary Drape,5UMz8PiVq8LvQZJszgn1wv,6600
LIK,0D5ly26kWmFNj6cbzIpJn7,12100
Celtic Frost,4ZISAmHmQUDCpv8xydqeKG,107700
Månegarm,6jQgWQKirZ7IKDGN8fRtdA,33200
Moonspell,17bYSQ9ZRnreVnJjE5X2x6,200400
Bathory,6rBvjnvdsRxFRSrq1StGOM,221800
Truchło Strzygi,6ucOuDUQ3oU78ngzXx5Wsm,2300
Nate Newton,25TSiTUfHMhn5FFfDf0Msq,0
Enslaved,2HmtB6wVRRi3z0JwZHtkiD,118700
Cruel Force,3K7CRDKsBBUjvIJsg6jtFn,11800
Hypocrisy,73UIalJYgktSi7qQFV53Qv,122400
Old Man's Child,4LT73i2bqTazQQkmODMaYf,39000
Darkthrone,7kWnE981vITXDnAD2cZmCV,166600
Bölzer,6toR2I8BssfcGNJWkL2S0W,5200
Bucovina,2Z912EMB8D91VQT4rFUEX1,13800
Midnight,7rlI9s1CrQD5Gj4vRW1vvw,19200
al'Tyr,4NmCwBRbfPYICUQ9dQoSVY,8
Vader,2s5DSt9VBNzAn2TbtDHzFZ,107600
Horn,4TOU0Bp3TxPWW8HC8jjVzk,3300
Ljå,2Fj3tfJcQ93drqfC5cVIDB,1700
De Profundis,4fjZDrHjZbstBXszjMlAiy,206
Xanthochroid,3iDXQAdLOxBC7eBulyilpo,6400
Negator,7iVyDUjFXrtG17nZeQvn1Y,4000
Ihsahn,2E1jLcUfqd9w2XtybNB2Za,43100
Groza,5PC1B9qDXhyin3ZgyRcio7,52700
Khold,1jWLZOjuzRSkIxmrqAx4Vt,2700
Devil Master,4AMKnzwsd1nq6EjUdVNi4i,18400
Entombed,2pnezMcaiTHfGmgmGQjLsB,209500
Dark Funeral,21ojeH5LNADIGzJKc3hIlE,72200
Rose Funeral,5vqNgqz0P61Iipwn7NjT5P,27400
Nidingr,3gUcKxYK532hXeuze5uXDg,488
Sólstafir,721C5U5rM8J0jjq6IQuSBK,56700
Windir,2ytfu1MWsf763hCBQmaQr6,48900
Toxic Holocaust,0WVXlaglIOtQueNbucPjZ0,61700
Portrayal of Guilt,1Uwe1MbiKnPHAFh3qMWuNp,37900
Emperor,0qpokmnvq1MOYl954iVq7x,48400
Venom,5fwaejlOHVBAw1KhIPPaQe,201600
(DOLCH),6YNWGMoDrfiytbfkFQ6yix,13100
Imperialist,4dtuRXB6eVvJLoxARkJhfG,415
Naglfar,1WV0pMUfO5UZ3MXfZrTohr,17700
Ajattara,19WQljDiwhjoGNc8CMbQgn,5400
Joel Grind,5wApKE1qSdCBeCZ3jTcwmV,2200
Ellinor Videfors,1sK82XjcD7xdvwj6ClGJWC,11
Empyrium,4zDkgQanNydhYIqQwQK9Ct,33400
Nifelheim,7f4Agzz6Lwh1QJ0teHHpJn,7500
1349,150xbiJGnTy1tSBZ9EFKnT,22100
Watain,4OpHsZuhfJMU9PZ3zkyUQX,78800
Wolves In The Throne Room,5lqyPWmAivV75tII5Vxpet,32900
Anaal Nathrakh,7vrrJ5YlL3I8XUrh1ktGJV,63900
Immortal,2mVTkiwfm4ic6DnHpmFq8K,178700
Sodom,6SYbLA9utoNsllunR1TnkM,255800
Mike Wead,48ycMfpTtjtIm9vEOUhOBz,0
Sarastus,2LOxt6BxUzbi0NKK93z1yi,9100
Havukruunu,2ccokPZoXdXaj4yiZqMxIJ,13200
Power From Hell,1LC9G5jqosufT48QBBqwl7,3900
Bloodbath,7eYmDBinb760MUIfoRdlGQ,109500
Kampfar,35nZyw3d7OIbhGeqBEPIYQ,17800
Harakiri for the Sky,58KBq6qkQnfWYRqCjffQQq,82500
Myrkur,3544ImlskUwZqWJTmqWUsa,174700
Warmoon Lord,13YYwTzXnUDHNi1UqWneHW,10600
Moonsorrow,4PdaU6ArZ8JTZvCX9ZWuTI,25500
Regarde Les Hommes Tomber,4sAFcrI2hgMwNT9Sz2XTjv,2500
Bewitcher,3uqoS4269hIwo4DzfT15Wi,5500
Woods Of Ypres,24dCDrr94SNSAREMJhBHCs,96300
The Kovenant,31VNYr7yK0xBD6MfIaucLJ,28400
Exciter,1jH2JkQvdH6R63yORA8GTd,23600
Velho,68exoYKyr4yPvuRnk0jIxL,4900
Leviathan,3t8w10IBNqMJzNUUp2jayX,38
Primordial,0BZr6WHaejNA63uhZZZZek,31300
Summoning,5BViLZRXrRfhPDokkbYiMy,58700
Aversions Crown,6OITsYO1BqjC0VIF6yGFOc,36900
Inquisition,4BXKhsgc3Bx8Etj7A128Vm,24600
Marduk,2lxB5NTcQXj7GGRR4xAVaH,79600
Sielunvihollinen,4Bwb7ZVphhjbdju2wFYj8G,4200
Iván Ferrús,4DtXLPkKXCormBHlZzDm8c,117
CABAL,2bfK6ltXa60B2egnErJvlO,46700
Manes,18JM3GxQJBQc2fUwicDnsm,16900
Siebenbürgen,5AOPbQfiFEZrPD1Gq9plgk,6900
Mgła,2hbkBlGBgvJkC3tpUn9w4C,105400
Valkyrja,7lscFXsWNk0vWfHwgAHLR1,1900
Carach Angren,7sJC2WkTzn7gqUhVfP9sOm,39300
Impaled Nazarene,4Q7d9egO7iMngBWfgvm57d,43500
Les Discrets,2VYbuGDGM7ipeu54IbKzyw,43200
Sabbat,0jt8kceByMQRorrMxKEUUt,6800
Black Messiah,0LebUfEVJ7jmoKF5mPKlJf,21500
Eldamar,0mZRMbP7xU91E1FGvKbxhF,19400
White Ward,61D6KlxqzZEAWfD2CGc6Qp,32100
Mörk Gryning,135tanf7FBI7ozrU3RelCX,4100
Witchery,0ucuxyPTAHv0TPkA1WBV10,10500
Këkht Aräkh,72unU2j2vnNWFiITlvx2nv,123800
Batushka,0Gnw3DXJXcmVtpWlTWOaCg,2
Mork,2QoZ98stsDO7DME3Na5wrP,189
Courtney LaPlante,1g9j6GF1jyjrhixt3Vurzs,839300
Slabdragger,4AyqbhyAqoBFWX4zwehGGN,12300
Myrkgrav,4I9OMViKXQAt6sMuGWwSAI,9000
In Aphelion,7xd546gfZqrGRiVl0Majbs,1100
Der Weg einer Freiheit,7e823b0KQoVtLG86Ui5xGD,23400
Arkona,6AJ9HQ2Ptp1WWEfBFvR5fF,44600
Ungfell,2OGO1Fv4QCiCbjXY2gMidQ,6000
Jesus Piece,5ZPr0RHsR3DrAhtsYMsfHR,59200
Kriegsmaschine,6NPTNhxwqCO1vFQ2Zpuut7,8900
Dawn Of Ashes,35Uzsa9o0tZkdC4ZBtXuNV,18900
Mystifier,6IWWVFu6hqi1IJ5qwGXJBc,11700
Uada,30R8X3xhfDbxAcfxSZ0UaQ,29300
Deströyer 666,67T5lWCllFJE7hDrslnxYK,13300
Panopticon,2Mz5qpR3WxbcBwZBsmraWE,4
Funeral Mist,2HDKz66BGq7RI2wEoMgPcv,18900
Unleashed,3MKwCexzAd8YTdsSjRkKbv,36900
Lars Nedland,2ed4HnBvIrLITZkNsmVRgd,0
Graveworm,4XJZ7zUJzQuayqyAVJowKX,32200
Borknagar,0vxxsjcDy61x5zvrOqwHIL,41700
Bal-Sagoth,4LW3dUNA0zx0gbaeJOuxgX,4900
Nargaroth,0aIcU4OHpKl7lpcRQp32Eo,84400
Mathias Lillmåns,2TanWeyzIanGxgai8pRpBs,0
Obscurity,1O6WsZT2io58x15CXAQVBO,7800
Cadaveria,2Dc2SYCPfqvSbQ7CrJawsp,9100
Istapp,6jiRPDlSiIzrd8dzFs2yzM,3800
Seth,43cpiXAwJFcgj5CFVWZYQZ,7200
Bestial Mockery,5rGEnje2xy56TzlwIafH9d,3000
Tiamat,5SwHKKNKYToC1YzWVNWAIN,105400
Necrophobic,3RUZtC4rkONY3kprM10ZTa,20900
Fleshgod Apocalypse,5ctFffJBdJe8PZL7W7NeML,120400
Vintersorg,6LfdGx71ZHRWgP4tBRmQf6,10000
Cult Of Fire,1GNzgaXdYGtEP5xOqCsdSq,11100
Norrhem,5aaao65E0YAfDLvncN7Wmo,2300
Agrypnie,4LlCwMETPUiwsRxEHYUM4p,2800
Skyforger,5QLr9mctfuwi8KGF1W211r,7700
Carnifex,4nqY8hkQNkHaDq4fdVxdYr,179900
In Twilight's Embrace,3y5v85JkZV1Qae4omT82gR,2000
Desaster,4yvynKuRFLSRMMhHYfGyMy,7400
Christ Agony,0It4rGfBk31UDyK9x6uZvP,1800
Sargeist,6zl5IXVgj1nG1fqjUh68xe,19900
Fallujah,3C5R32AIZlLfMa3uxLEYrU,45800
Antichrist Siege Machine,0g132bsggkLIMT0pW9aa7s,6200
Sunken,7KkGto8VYz1WpvIsaSGsFs,2900
Whoredom Rife,5BPuwHD7jA85XePrEFUIIk,5000
Arckanum,7CXgiYtZiPnwxHM8ad4hNZ,5400
Tsjuder,0sD9rwKo3qPBs32gi97FNn,22700
Dom Zły,4Yy4iPTGC2iFfqxPGiv5Lt,4200
Gehenna,3w4WGYze63IoclVTBW3WYn,29600
Lifvsleda,0QYFrm9TZ5VMbB57WBOyZ8,598
Totalselfhatred,155cULXraV93ztC81ncvBz,20700
Forefather,7geL1wsP1998GP0v3QSmDJ,0
Body Void,4p2Zeb9XclofoJDCXFSTp7,2500
Mizmor,655AEE6ifgDJ3TYkhHdP48,18300
Thou,3Hj1DnOOvMH454HqKxG2vC,0
Maciej Taff,18dCFH8hnuw0gZLOAW7wml,0
Hulder,65vrcJ67suxLePeEhUtLLo,39900
Susperia,05rB5dz9sIB3wFn51R6xsp,4000
Sigh,4VUguuy2qoVGDMwH1tL7Qr,25900
The Great Old Ones,1U6VZQrgQ4CNXbS6FpP0QC,4000
Arcturus,1UgScm0DiP6KrWyNDw0lS4,2000
Astronoid,2S13OV7nLeciVigE0Wxo7E,16000
Einherjer,0iGkBvuI18nxqJR8Ipg1cu,24200
Gaerea,1wXoI3Ajpv4WwQ3LmcrSBw,87400
Gaahls WYRD,7h8V7XHdJ3akShW3uFaZyn,5600
Mysticum,2ewpLguwavvqJHd9yQJytD,2300
Absu,3eVkhnD2UKVjX5uiUsqfXP,17500
Liturgy,5PIuMlRY9PSLUSFzs6lQu1,15400
Djevel,2eEuZMHC3LdWsxogUqlI3y,5200
Sangue de Bode,43ZQFpcwdGqWL5u7JSneXq,4700
Conan,11tiA94VlUZOUTVCdQYw3a,45200
Angelmaker,1AdrYGYDz4oa9dvW2jfFrG,205200
Saor,4rHMzJ1RKUMtid1K2QEYbr,19200
Darzamat,6PNz4FhmdpDw6pKATTGK3X,3000
Unanimated,0Iqz5hpXXWilUsgcVi9QCI,9100
Cruachan,6QpbkfyEQJ3JiQw2AbTRUH,32299
Isengard,6ZdRyBejw8z3vD879gj1Dy,10800
Division Speed,6WAaMf4VDDWBsWM65Vyls5,3100
Hecate Enthroned,2WKoufbtvHmMLKQ4PEKh2X,8800
Mord'a'Stigmata,322nOW0zIyjl9tuNJJWnql,1200
Craft,0kJWm380BBiVNqJBgB0SpN,1200
Belphegor,1uPIYn2IU0IuPWSZ58kzyM,95300
Moribund Oblivion,2w4QQZHnsN4AO5ANNhNgKI,1300
Deadlife,6YAOorJSNGWyH8m9N7cDeX,68000
Gorgoroth,1Dt7cfRzxM8qPVa82jX9y5,74400
Shade Empire,7vdH23uIvKDe36XYLQZTeH,12400
Furia,716FAfHQEcUgeHYzGf5h0V,6600
Avslut,4YYI1SQ1OPHDN9SwseZwhn,2000
Nachtmystium,5Cz18ETgjR6kcVMUK0YOqD,7400
Incantation,66AXpP038gUcoKVQoO98Fz,26000
Hellripper,6FfZaHz07OsknWNdtdan5R,52300
Psychonaut 4,7oBiHmzfoAYKAFU5uO65Jc,96000
Angrrsth,3oU0ooAog78QNgfTTokn3F,2100
Lord Belial,7gVIcvxZLQ9mKI7k6tXQdq,20100
The Spirit,6P77S5UGTphfe8HcjEespo,59
In The Woods...,41E3QF87uVy2sVvX2TobhI,11900
Urgehal,4rsH5QGFETyQgsmU17kbVS,20700
Der Tod und die Landsknechte,6e9EOrkTZmUJBv5HQZLXUA,7500
Totenwache,1wVXW6HkSbISq4IelPOhRx,3400
Triptykon,37fG1EQuwb6zBHyFYUGfj8,34900
Ninkharsag,0mvy3IITTL7Y8uGV6w49eU,16700
Dødheimsgard,4EzPNgGmh8l2xPoTEgivT8,9000
Graveland,1EzvfumDDDz3rkI2EE1fXo,12400
Mutiilation,4lbKjEvAKni4q1GLsDcvZI,49100
Carpathian Forest,0sFntmE9T1tiF6G6O6Lm3H,80400
SuidAkrA,77H7WLYHNHy0klUy1fGXIi,41100
Stormlord,5iqk0cqsbJiSTcXQ6ljGNo,8700
Wraith,0PSy0pPGUcIn1zRZ9spkSn,296
Witchtrap,0eFHyxbByjkMEBK3uumeaW,5700
Nordjevel,3Pfim1uupYVYG87GDtdw8r,25800
Barathrum,1SGvAkR4nsQoXdhHHFFuM4,5000
Lea Grawsiö Lindström,1de0OuICI2220aEzleku6b,0
Violet Cold,5eh1n96NC6g34nPqpIItIo,27700
Thy Light,2Wi7zzccDDPTfNZitmE2pH,32800
Dödsrit,1ZR1y4fCztcaoliwAIbEAb,9200
Perturbator,244uLu9lkdw39BJwlul3k8,488400
Speedwolf,2CWHsGc4VoumNDCICKHCZO,1800
Nocturnal Depression,7wWVpKpMtvSX9mQapjtKAD,56500
Diabolic Night,3wnTCtUXbClNxJNfYtH0mF,4500
Thorns,4L42QG9JT0FzXU734yfOai,3800
Vargrav,22zsDWxM8e5bDZqD9J4Vw1,8000
Sulphur Aeon,7nOT3FnmKEzbGvTS2fbeaV,9300
Theatres Des Vampires,4vNrZHCyGyELnv8tAgZZRt,21000
Amebix,6tUC9fQSG7uqbzUy9AJ1NY,11500
Yoth Iria,3tcBc9lN5ncBG7KNTKB1o1,40800
Lantlôs,1cbBzQxiKcZCsit68iTbTJ,28200
Belzebubs,025JPk5p3gZe5mDNhlCL8V,13100
Abstract Void,294COHomHgFJqPYW9TpoPZ,2000
CHTHONIC,3mBFvlqINbTNsRB6htlJEY,19800
Odraza,66Q8QR3EYpqlsZV2pe2sSR,3800
EXNUN,2rApa3htXr3ZTVMEXU5CKV,275
Vermilia,7lNaiNaI2CNeEhFg7iSPRm,4800
Eternal Helcaraxe,1tHKPNHAQ6itWfyiX8jeXv,175
Pierre Törnkvist,,
Dold Vorde Ens Navn,6HknDaihaELliiZl2CTlg7,1000
Abbath,1epGwdbjU7JSGVBHlqptpx,21700
Opera IX,5zFNP1k5nKr89tzOA1NsZO,7200
Sabhankra,2lHPhGvlSXzQSrPV3s3SVV,35700
Tersivel,34ezOg9ZEcpw8lAFDQgmcO,712
Winterfylleth,0cKyWvYnOGpPV2NpulEYf5,15500
Mephorash,0yrVm0KM8VE0zlcfS1PUhF,9000
Doomsday,6mHdvtPmloBOmaLRo5dyJY,13100
Anal Vomit,4JMBPjly2P44UdUWOvh0Uw,37
Gernotshagen,7orbTOGaJlQeeabID10JF9,0
Dornenreich,14dmIGIOvzjnNsXgJlXqg5,2500
Inferi,2DlKh1IzbG3EwAMaTF2p4A,31000
Eric Johnson,4CxobvwTpmfpIEbkYh4pAb,424600
Mipso,5Bcrb5qQMVTEbJ43fdIS4A,466200
Alison Krauss,5J6L7N6B4nI1M5cwa29mQG,2500000
Brad Paisley,13YmWQJFwgZrd4bf5IjMY4,5300000
Alison Krauss & Union Station,0OTnx2X2FDXeewcm72lavT,1400000
Wood & Wire,1OWDk6qANVAXtcAPIhJZEX,27000
Pickin' On Series,6AEIKVwB27miPI3uJxM4Dw,219900
Iron Horse,1v3CnxHAtLMfZW8v5dGj7t,111400
The Steeldrivers,3bLSAQPeix7Xm2e5Gtn48R,2600000
The Infamous Stringdusters,7yTltkMBvChBkA86Tz8WfW,170700
Trampled by Turtles,3GjVVVcFmUgEJEAAsbGkf4,1200000
J.D. Crowe & The New South,6gfqvidGxCJgbqSaserlkF,67000
Greensky Bluegrass,33bzrYoIWLx5uox3y0VtHn,320900
Town Mountain,5cudslRGWg0GsXaN79Wifs,479700
Flatt & Scruggs,1iNNWK8bYjc5EK0waLk1J1,202700
Yonder Mountain String Band,1ReHC2jB2DGoPbMYhzuFuO,237700
The Devil Makes Three,63knPlGzLHTNDf1J78Fvte,877900
Kitchen Dwellers,5JiwO4LnQq3F6MGCRh3D31,65099
Leftover Salmon,2dU9NlAClSjQtKoVgUQwdz,183900
The Travelin' McCourys,68EkPt5iRraARf9QgW093I,165000
The Wailin' Jennys,331QVEZKK1yz5KhYiR2pBj,264000
The Avett Brothers,196lKsA13K3keVXMDFK66q,1700000
Nickel Creek,3bcLBxvaI7GsBzGp3WHnwQ,312500
Punch Brothers,4gFssfOmWNY3LfIZ3zyoy4,262900
Tennessee Ernie Ford,7u6FSuqT3SWE2kO8rNVjfp,1300000
Caribou Mountain Collective,2WUp6pfmP3eJIL222ElAgG,3900
Tony Trischka,1NjpWti9GnUtjjC2XV7UJK,140100
Jerry Douglas,4YgACLaoEjPl4kVZ5WmBN9,689000
Paul Simon,2CvCyf1gEVhI0mX6aFXmVI,8900000
Mumford & Sons,3gd8FJtBJtkRxdfbTu19U2,14000000
Jim and Jesse and the Virginia Boys,4PnQiTQ8DJhahboxQRj4Be,50500
Wood Belly,2tQiQ5PgNk0yfBo7AtPNc7,17900
Justin Moses,3kzBeseYmf4D2Xp56Eaola,24800
The Po' Ramblin' Boys,65XZgRZMfuSawjuSFrnz0o,34300
The Wood Brothers,6vq7KRjqmqQN4RuR1cYbte,1500
Keller Williams,5de5W8sgXIMq9dgMR0Wml0,153300
Stringbean,4xbfRpp4GgflpKXJWro2bj,25000
The Del McCoury Band,2fj5pzLyOKDpUOPZs9q3wt,193900
Horseshoes & Hand Grenades,4nl7okSNAZuu9DWr9jkzSs,17800
Charlie Parr,2OOAWkt15smEKXtNNLtaNG,122000
John Hartford,0NAr5zThPfMx26ISgooQK6,173500
Old Crow Medicine Show,4DBi4EYXgiqbkxvWUXUzMi,1500000
Balsam Range,18iUQdDfdsusFp9Qtt2NPU,54800
Blue Highway,4nnZcSw4lGTxiq3AvYt8Dd,113300
Special Consensus,1cKp8EUuOryR1PEOAnGWNt,37100
The Lil Smokies,6qp6tNvcJu2yZuHxqe4Jls,45800
Peter Rowan,52FOkBVb83F2QduWKRqmhm,50700
John Berry,0l5OmkXhNcXtfa1W9dTon6,92900
Watchhouse,675tsBPpaZtqyiBwEf3ZEP,1600000
Hot Rize,40iD7Eehimq75Ow4VUxk3r,59600
Trout Steak Revival,7gf4unCQOlGg7UD38XzqPd,81900
Hot Buttered Rum,1g3ZifJpzuFjmLgq4smNOq,19800
The Boxcars,5N4mcHhcJ0igOFNG7hizGR,16900
Split Lip Rayfield,3kHqkGbczXPs7OtV9cFKs8,20500
Jim & Jesse,4lCaf25RGJ4ZPz2fsGUVcq,56200
Mountain Sprout,6WqTLoBuodrtQEYRhUnWIJ,8000
Larry Sparks,05c6W2NfXx6jxO28OGfPRA,90200
Keller & The Keels,4waVkajgwOEWxLZqpVbnfV,13700
Ricky Skaggs,0uNC9XuH437fKCCMuzvSks,507700
Lester Flatt,4UEb5ZsSyDWMAiBuOeKA6W,92800
Earl Scruggs,4NEA48c6ajydrRzCbyll3M,221600
Mother Maybelle Carter,5lrRzJMDAfZ53pdfdXXFjm,11700
Lonesome River Band,0wcvmmlzeqzW318K6lsynU,70700
The Bluegrass Album Band,0n0pcmxYdOHk1fl5gvWGiU,45800
Rob Scallon,0A51LEnyTnXX33IyuwM0Ts,70100
The Rice Brothers,3roALBuxZGvwecKgzaSEZt,30800
Reno & Smiley,3dj0KjG7ZqNbMfbe2BVI4H,7700
The Stanley Brothers,0qqGnmHBX2yVvCITRAvuRD,160200
Tony Rice Unit,4Of7rb2VkamHYwHhBjbwYg,84200
Unspoken Tradition,1ffmxtCun2OgtqJlvlanQv,10500
Dale Ann Bradley,5GbwZNguC7FpXnQlIrTiXm,13500
Billy Dean,3cMyqwpNT2D8f0WuaRzzZX,408200
Sideline,3A5JW6yJ1Qh1pwGcTIlImf,15800
Jerry Garcia Band,1YTe4dNIoWX3iHX8H4xVeM,179700
Jerry Garcia,3QDaXfnxfQqqJQK5lSdjLN,293900
Cornmeal,0mIEvYHja9beApMNslqYv9,1600
Big Country Bluegrass,0zAZS77fyK4sqjsEOGUERM,16900
Carolina Chocolate Drops,6H8Sj9gFyDYJ3T63LA3DKz,110700
Hayseed Dixie,7x1riqKyOjly8udO9DhPVi,50700
Sarah Jarosz,6nFBonVf7Lqaj05R0v5VGJ,540600
Crooked Still,7LOJ56d8VmOebynlV01KfU,220300
Honeybucket,1ZBAifL7sUBjEf6d2hzx0e,12300
Nefesh Mountain,4JpW8a54yD77lNQAyis8EL,6500
Sam Bush,3Fud2i8WgXSZCVmi961lXm,82600
The Grascals,7si9bAnJcqPoR30spNu9tm,38000
John Waite,2TPyCsRoh2tjeZLTQ2ojlj,2500000
Sara Watkins,1FDE7zZ6jmP8HHb9ej3mek,306100
The Kentucky Colonels,5aV6tDnBgmezgCSTvL5HnV,33800
Hackensaw Boys,0PPMo9gDxneTAzxeF1MU3J,68000
Dan Tyminski,1eNxt1JI2Bgjl8bPDQ5sG8,1300000
Billy Strings,1ZN1c1qWEGZNX1pGeKCPpf,2400000
Foghorn Stringband,5CXg2eqP6G8WSEO4CayUaW,10500
Sister Sadie,0rWSUQEtdCxT9Y1Hd0eGl8,23100
Three Tall Pines,5ULEQTVn8PITZVC5PwguDN,17900
Ralph Stanley,4fMhmL6pvw61o0C1z8Bdib,266100
Breaking Grass,4LrsxHmaTjXN2FdJAEQATy,4900
The Brothers Comatose,7oKVYDiVZxglvgEW2zHcAD,401500
Béla Fleck,2ka8z2lwkcp13fG8Wyv3xU,206800
Stuart Duncan,53pmIwVqcTM68qW6PVhjW2,79800
Mark O'Connor,5zfaMrd5q4szVTxVYWuoDV,156500
Tony Rice,6N9hyojoLChEhlsS8vYnyr,177200
Mark Schatz,6PyV5uHz86osOJqwSYOpx6,12100
Jimmy Martin,5Xwgp3LVYzHtRnio8TbzWz,36700
The Broken Circle Breakdown Bluegrass Band,5SJad7TSSzjdRBJHV9rt8d,70900
Ronnie Bowman,1DkccFev2GJdu3V9nnojdo,34500
Andy Thorn,5iWv1fphzUp9NGSNBDK713,56500
Kenny Baker,2hdWa1ITLNBBtU5CM0m2Jg,17800
Dailey & Vincent,7xmd7RPLO292xIiLMAryFQ,98500
Vassar Clements,3kRUvBTtkaTGxDczyLC4fU,3800
Todd Phillips,2cyuIVFHVuM00QdzCyxbUs,26600
Yarn,1wxkzVb52H59ipCJ4McqyR,580
Tim O'Brien,2nJQCVut36kUzDfy3eUZCM,117500
Darrell Scott,1qMgGon16RoDAfujk41Em0,71200
Bad Livers,1vPiDJD75MrDmqQw3Jj6oV,10500
David Rawlings,01XgbvLicKQELx7NqHgi5G,362800
Fruition,4dDqxbEKfPN3RZYrGr36y8,190000
Clarence White,6bV5tUO90I3oRIy3Gy1UOG,11800
The Steel Wheels,0J95YxeoXi3Um0VpxTwDhn,36800
Railroad Earth,6ijT84fUReKCGYV3MjhB2y,154800
Michael Cleveland,1l5b0hxCDTDF6cXYa3h5wk,35200
OurVinyl,4MhBe0d439ToDXCWlT3wae,3600000
Brad Davis,28yx4Aq8882xd1AivwMZLB,10300
Makenzie Rains,52Q6RyM2lFTaaHt0M5Vagi,0
The Dillards,3WAkTbMThUvVRq5keECFtS,166300
Gillian Welch,2H5elA2mJKrHmqkN9GSfkz,737300
Bill Monroe & His Blue Grass Boys,64vAECmFoB6mi7n1zTRwR8,68900
Psychograss,67QYlUab4lgbVuCQyqLxsA,696
J.D. Crowe,1CSyDCZKVQyFIW0Eo8CHDp,29200
Larry Keel,03F2tzTnr6K6S9c5aRP1ne,7200
Josh Williams,2h8WFjqmwBI3PRFeqlJinL,19800
Uncle Earl,0QMmaCNapHYzYGtvqhYrST,1
Holly Bowling,71Mye1Ra0QWncFulgq354r,6400
Steep Canyon Rangers,1a6tqLJPUs4DBAnNUZkr2O,156600
Doc Watson,01N1aZStXA4yGvkz4vRXtJ,462300
David Grisman,5udgy2xk333j33hKnwDz8O,195400
Sierra Hull,0JGGxsAD1Eg4X9AcKNcxEB,431500
The Foggy Mountain Boys,1pZEySHHPm2IBX9kFY6o94,53700
NewTown,7vGDyYEl55LlQS5kRllTFc,37400
Claire Lynch,00eldNtAqcdLF9adKlyFZf,12200
Andrew Marlin,0NTdGJGpVrNdeTM5QNRoaL,42700
Adam Steffey,35dlVExmooNFJ58ZrzC6F9,0
Don Rigsby,1rbtI9e8yMXPJk48zqtdCD,16700
Kristin Scott Benson}Ron Stewart,0MLQDGtBFrkcbZQJZ1c6So,0
Missy Raines,5puV4r3ntz4XyzN6QnBKep,4700
Randy Kohrs,1u6uhZzou3OAmwvAiOTunN,1100
Della Mae,4v6KHXXFsmn8oREWFyodCh,34300
Avril Smith,5pLEQhE7FwQ84khLW03dTw,6
Alison Brown,01ts5a7R3WkeE2oKIouXEK,39400
Merle Watson,6lynZefatZW6zvh500EIKN,22300
Chris Thile,1dyGPAYZZHHW6WIqwKN5QF,211700
Michael Daves,6xkwfOyFlcsZkf6jG3wxxb,15900
Blue Moon Rising,6ELzKHos2IdIvKHEFCeMLP,13400
Andy McKee,0X73orYGQwzjF9lSYSE3Aj,56
Steve Ivey,7H1IpACmqcnJdJIrbMRdMd,3200
I'm With Her,3oXddLOOjkoUuC2sX1RMdr,238600
Aoife O'Donovan,1f3ubTd6eyxuy30ddDJQQa,300100
Appalachian Express,1QLFmLSBnepekUnqmF8r4E,71600
Songs From The Road Band,5moOZhZ7mnRmBMqCZft93N,11600
Taylor Ashton,53t38sKooUEyyENANtticX,62100
Taarka,3Katav5WaomTG3lDfCdk2x,807
The Isaacs,7Gr7Uulfyw9J9F74eQfBOp,84000
Appalachian Road Show,2QbK1N86iI11jUiRG2JgSM,10300
Bryan Sutton,1LFHqGsLJjUP2jqIAznlLm,108000
The Osborne Brothers,6gM87haEMrst4Eqdobf98c,231500
Molly Tuttle,4LX0KCPnH7gvxEbVXqXmAE,535100
Old & In The Way,45vs9Drn5QbWAQ4Kff6ofh,56200
Steve Martin,1Bd4UVlqlaKEXYRG3wgrCK,234500
Bill Monroe,5CWbfANRpZbnxdstzcNg5H,104100
Edgar Meyer,7jkhwa4XMe9XSt1r0AWNqD,205300
Yo-Yo Ma,5Dl3HXZjG6ZOWT5cV375lk,3400000
Bill Emerson,5Y1fDUKYkFE1M4ALzFGdfF,10200
Norman Blake,5kA86jQnoaPaM57DUsQOWG,180700
The Waybacks,7e8mZUcvLPEmSGXXbKsFcZ,4500
Kruger Brothers,2VKdUZfz4ILSHoqU53Oxmr,78200
Flatt Lonesome,5m7v6OS8omwyHvXARri5Zh,26300
Elephant Revival,3OwOKwd5FsfOD5qlH2tnzs,205400
The Seldom Scene,2oxmEjNo7UXIiZi7X7ovGq,60900
Emmylou Harris,5s6TJEuHTr9GR894wc6VfP,2200000
Tom Gray,2434vw9EkATF9WgATK7V0g,584
John Starling,5WNmvkYvn4ua4IAM1xHbzk,54100
Jim Vancleve,3X65bj5nJ6AUMp2hymccdR,2000
Mile Twelve,7myKB37RtOM7sp6zU9qdJf,8100
Mountain Heart,0V6tfevNowzUPFTrEQTJE8,11800
Fireside Collective,5pTVgcphr57bYahGLO4bSC,42000
Keller Williams with The Travelin' McCourys,36jWzaxorp5c3thboIPwmy,5700
Newfound Road,2a3OUnLZ0cSo8yu6JeXeYP,51400
The Lonely Heartstring Band,3d7YNQ39OxBxWOn1VX4J26,18500
Bobby Osborne,7t4RPufBc87g351q3Fp4tI,6100
Rob Ickes,484t62XnzdAjOXvx7IQWDd,19100
Trey Hensley,4Rk9tPJMkej36GtfYGjtSa,20000
Don Reno,7rB502Ec9wP6wZQxhztkM7,14500
The Rubber Knife Gang,3OM7yGcKq3sMm1kd2wbLlw,21500
The Lonesome Trio,7beH6d34qjz3YUO6aOYj6D,3800
Pert Near Sandstone,5EKtYMQpAdMk23Or1eHCvW,15600
New Grass Revival,4H2wzhX55UWQ9POEPok5j5,69300
Grandpa Jones,2UtCcZQl7xzvEao4vWBSOD,35300
Easter Brothers,6Ws6zqLuF7LJVkpVeiDnbT,26300
Tommy Emmanuel,6HjfVflhYjbu6PSIsFOjwM,228900
Mike Marshall,2WJmZq6fEmecdQVd3s38jE,78400
Becky Buller,51GVpccMzO5rZqCEaePGBv,6100
Bill Harrell,5pJsZK3VaSayBIVHuyAQHQ,6700
The Tennessee Cut-Ups,1ZKMBJU2NbYHldGxAxOAeT,2700
Bruce Molsky,1MrOuBzSqS0quOvkmMwYfy,12900
IIIrd Tyme Out,6c2LZQXir0uX3mYLC44V3U,26500
Doc & Merle Watson,7GekK1oMVU35jfChgIP2PU,75100
Mac Wiseman,01buTDfh4qo8wbcUt9Enly,36700
The Way Down Wanderers,62N2F1MeS38SosZvvqBWlR,34700
The Show Ponies,0N12PNPrehNU9PVsJMfdzi,21000
Doyle Lawson & Quicksilver,0yCkCJaSvA88lfongkpnXT,46900
Edie Brickell,5Y4g6bsYzlhsC6jRDQnN4a,110400
The Carter Family,0FRIWJYklnmsll5M6h4gUL,126600
Johnny Cash,6kACVPfCOnqzgfEF5ryl0x,12600000
The Louvin Brothers,3TUYqYNCqgqeqkBZVyxEi6,64700
Mike Barnett,3MUpz7uOj1I6iUuVkim4JA,2100
Phoebe Hunt,1wE9ZF6TT2O3XyYTmPLQ5x,13800
The Gatherers,134PLBpnApdihCnvNKyXhd,16400
Scott Nygaard,7pegCNQWY8d3F3Rvy9PkXF,15000
The Doc Watson Family,045bTgiTjKUW1intNSR5sA,13700
Bronwyn Keith-Hynes,03d64K2pahKcY9cyDvh1XO,4300
Jason Carter,3qg6YysLbvZgzhzKcTAf4r,10300
Nashville Country Chorale,5uPsLeGYiqPxjPZaMUK3Fy,2700
Paul Williams,3f626JSVauIhTQgatsFcs4,963100
The Victory Trio,0G96GVir4T36zuMxlPGf76,37300
Kenny & Amanda Smith Band,1Tsm8rN2IdiPrdvKccjVnZ,6200
The String Cheese Incident,7N3JfLDzzjXdPbsyco7X0l,173000
Dwight McCall,5v71IcbCZrou9qlKAMee16,7300
Paul McCartney,4STHEaNw4mPZ2tzheohgXB,13700000
Watkins Family Hour,6zoDxs0nnHuD3dKmi7xIIj,28000
Sean Watkins,45K759axQK0aohwSjbkgpy,4300
Bobby Hicks,5vOyKODAlu0wTPnN105eU9,22600
Doyle Lawson,53ODrbz9dJiAZ6ikXa8l3F,44400
Gaven Largent,7rSgO30DdWoSJseusDIDo3,16
The Bluegrass Cardinals,0yeXJ3PflYqGbU9IcdO4R4,19300
Bob Weir,6YB0tbDGk01Q0P6wcHPjpC,89600
Blueridge Mountain Bluegrass Band,11dIVj4EuyOdtN7vEmNYGc,14300
Barry Bales,04csPEQnhfQ5zY6vPMvwds,0
Alan Bibey,0Xfzj3pbKtyzBuZXu7d54e,7900
Grasstowne,5LnifrDOhHMhrhoUuyBx45,1000
Lou Ann Price,3La9Sd2y0kUaT6GLqhWaBb,0
Mike Auldridge,2zsStamnZC4eP7rHxSN4Kh,2900
Ben Sollee,3Zzs4IqjV4b0yEFWqRv1si,91200
The Greencards,5aC3wjbpR5fL6qBGlM2u7S,32200
High Fidelity,3dT0jnqd5jvO095yE9qMEb,330
The Monroe Brothers,4eaGB6IFAhm0pqXElO5MJZ,5500
Del McCoury,1yGXkI3DrirCcXv3uwJjGv,68500
David Grier,7hWVElplEhp3zOKg7KuLr2,24400
Laurie Lewis,4TFUM3dwVVxsJ6vCnMDVCb,5600
The Right Hands,5HX5Sobk5iJykT62FXMOvw,2600
Linda Ronstadt,1sXbwvCQLGZnaH0Jp2HTVc,3900000
Circus No. 9,7EajkJlvOR5KiUni4v4xZu,327
Jeff Sipe,3uBCMHjZuIiCPMMt6c9Sbr,137
Jon Brion,57YJQe0ayvIaRZJ3PW5nFP,457700
Chatham County Line,3M2LPcqyD4PxbOFvtF05R7,35600
Longview,5N3MV7oMlssiVOlmbZBw7Y,17400
Twisted Pine,1hS8I57cnaheZpt7Tdn6ps,15200
The Railsplitters,3WK0k0njEDHpxtxYHi2pMC,1600
Old Salt Union,0WjJj680gtc92LSkeD8Q1n,12300
Kontras Quartet,23R3zse4xQdiawrmLvTK7l,20900
South Austin Jug Band,159CnyzWyCtRd7ehairzXP,6100
Acoustic Syndicate,7cHBgZyVbNG75ZCo8VzD4W,7600
Donna Stoneman,7bBItSEG2pqJyj7j9BcRk5,639
Everybody Loves an Outlaw,5RCWMaArEntbkeWYVxCiFW,2800000
Cage The Elephant,26T3LtbuGT1Fu9m0eRq5X3,16100000
Eric Clapton,6PAt558ZEZl0DmdXlnjMgD,13600000
Aretha Franklin,7nwUJBm0HE4ZxD3f5cy5ok,10800000
Lynyrd Skynyrd,4MVyzYMgTwdP7Z49wAZHx0,21700000
ZZ Top,2AM4ilv6UzW0uMRuqKtDgN,11300000
Ella Fitzgerald,5V0MlUE1Bft0mbLlND7FJz,4400000
Otis Redding,60df5JBRRPcnSpsIMxxwQm,9700000
Ray Charles,1eYhYunlNJlDoQhtYBvPsi,9300000
Nina Simone,7G1GBhoKtEPnP86X2PvEYO,9000000
Louis Armstrong,19eLuQmk9aCobbVDHc6eek,8000000
Count Basie,2jFZlvIea42ZvcCw4OeEdA,3300000
Louis Jordan & His Tympany Five,62FPyLpIhmk27hBw6RHlhh,149400
Raphael Lake,1jHQI26XkjY8BHwvDnh9Jw,357800
Aaron Levy,74vJ5CJ857eopBMMI8rJkA,227300
Daniel Ryan Murphy,1QoxDzRJ3hMCfBW6JAZlGl,196200
Etta James,0iOVhN3tnSvgDbcg25JoJb,8199999
B.B. King,5xLSa7l4IV1gsQfhAMvl0U,2700000
Chuck Berry,293zczrfYafIItmnmM3coR,6400000
Deep Purple,568ZhdwyaiCyOGJRtNYhWf,7000000
The Animals,3ICflSq6ZgYAIrm2CTkfVP,13400000
Joe Cocker,3pFCERyEiP5xeN2EsPXhjI,5900000
All Good Things,2uMWUtg8XLpJxNSqbGOkl1,724100
Billie Holiday,1YzCsTRb22dQkh9lghPIrp,2900000
Whitesnake,3UbyYnvNIT5DFXU4WgiGpP,6600000
Steve Miller Band,6QtGlUje9TIkLrgPZrESuk,9100000
The Doobie Brothers,39T6qqI0jDtSWWioX8eGJz,12100000
J.J. Cale,06nsZ3qSOYZ2hPVIMcr1IN,1900000
Rainbow,6SLAMfhOi7UJI0fMztaK0m,2300000
Elle King,3bhu7P5PfngueRHiB9hjcx,6900000
Miranda Lambert,66lH4jAE7pqPlOlzUKbwA0,8000000
Jimi Hendrix,776Uo845nYHJpNaStv1Ds4,7200000
Derek & The Dominos,2rc78XDH9zuJP6bm78lU8Z,4500000
The Who,67ea9eGLXYMsO2eYQRui3w,8400000
The Changcuters,1DZs8IjMvRQqB3i0uvgCc5,1400000
Nathaniel Rateliff & The Night Sweats,02seUFsFQP7TH4hLrTj77o,2000000
Bobby Day,4SLfKHcufUqU46DiTAHIsj,739400
Thin Lizzy,6biWAmrHyiMkX49LkycGqQ,3400000
Allman Brothers Band,4wQ3PyMz3WwJGI5uEqHUVR,3900000
Cream,74oJ4qxwOZvX6oSsu1DGnw,4600000
Louis Prima,52lBOxCxbJg0ttXEW9CQpW,1800000
Sam Butera & The Witnesses,70njzKgLbLbWkCPhKEu2oV,507700
Keely Smith,0vQqxnQk1G32RtjSAFq3z1,124700
Julie Davis,35Cw4y5MjO4vdkYhFPGaKt,0
Free,2e53aHBQdCMKWqHDuyJsjC,2700000
Leon Bridges,3qnGvpP8Yth1AqSBMqON5x,15500000
Jefferson Airplane,2qFr8w5sWUITRlzZ9kZotF,2500000
Buffalo Springfield,3eskO5m0H4yiF64vRySBjr,7400000
Gary Moore,23wr9RJZg0PmYvVFyNkQ4j,2500000
Steppenwolf,1WRM9i067hd2ujxxi8FI3m,5600000
Badfinger,4pJCawaKSZ40EnxN0YEYw3,1100000
10cc,6i6WlGzQtXtz7GcC5H5st5,6800000
Robert Palmer,530Sdm7eqqzWBdDmILMgnu,3100000
Eric 'ET' Thorngren,0tO3KaRy0ZACd8XJYT3IX2,1200000
Peter Frampton,0543y7yrvny4KymoaneT4W,2300000
Dinah Washington,32LHRiof0sa4taYew9i3Fa,1500000
Chris Rea,5KEG7G8LDYlHgFDqZyEEs2,2500000
George Thorogood & The Destroyers,4n31svBA9GGIYxGxgrQaRK,3200000
Brook Benton,2ttm3uT0N1RN7vwKv1pQgh,227100
Bachman-Turner Overdrive,5q4AzEtCoYJyXjMMoEkSU5,2800000
Canned Heat,27a0GiCba9K9lnkKidroFU,2100000
The Band,4vpDg7Y7fU982Ds30zawDA,3700000
John Mayer,0hEurMDQu99nJRq8pTxO14,15300000
Nazareth,6fvN9GmMCVKb5LY0WsnjFP,4500000
City Wolf,4Zz8OfzUOaNr7B2pQch3do,161700
Esterly,5l3tNPRdYOqGm2gL4A0qKk,221300
Austin Jenckes,6kzm1s9Z0leq5UTGwouVTA,37400
Once Mekel,57rIw0vk3eEuJlVblR4CrE,3200000
Blue Öyster Cult,00tVTdpEhQQw1bqdu8RCx2,6300000
Amadou & Mariam,3KH7WsR2JZQ94Ik8SyabU6,2100000
La Rata Bluesera,2lbnuoTiUF2WUqQ4YAQsyn,28400
The J. Geils Band,69Mj3u4FTUrpyeGNSIaU6F,2600000
Solomon Burke,4nts0oxMT67lVUoi5Kjxrb,2400000
Dr. John,320TrJub4arztwXRm7kqVO,1000000
Wilson Sideral,43NwJ02BY0AU2fHjlSKLQO,46700
Rogerio Flausino,5kRbLxZb1mTjdi1xEHynwZ,112200
The Blues Brothers,1cHFz6lrt7KAsBV8j2Ny1g,1500000
The Moody Blues,5BcZ22XONcRoLhTbZRuME1,2200000
Three Dog Night,4FAEZeJcsYYBkNq2D3KGTV,2100000
Al Green,3dkbV4qihUeMsqN4vBGg93,6900000
Santana,6GI52t8N5F02MxU0g5U69P,18600000
The Product G&B,782IpIScTpnDhYb9hyxOu1,10600
Devin Hoffman,3Rg7OiUyC9WwwbcgZzfwqb,27200
Jessica Kline,0jmp89CuVpX084SreGpVu3,2600
Bronson Levy,3JOyrjZwCEuJQh6LRsf4IW,4000
The Heavy,5WSRRbhBJlhqvzgbOm3U2Q,307700
SATV Music,2VMbzdrOBil1vCkU2aitA6,115300
The Rigs,4QrBV4OBjd798x3Aov1Yjy,96700
Oh The Larceny,3p5nfUyEYsxx8izMCym07n,1100000
Tracy Chapman,7oPgCQqMMXEXrNau5vxYZP,16000000
Silverberg,3lpVtJYZ57FvUVDzECu4UY,279200
Lee Richardson,16BxOX67lWcQpiglrMa2HY,81400
Jonathan Murill,0KlThjCzrRDm9fW5WMIGss,0
Tom Ford,78YGroDm7yqUBVBYkAryIt,2
James Cocozza,2MqahmsaUt6ZQhBDC4moBR,77200
Sarah Norman,2N7XlKM87BYT73h4OjJYuA,16000
Quinn Golden,3WcIvrAy6TVd4MGBlOzcpf,16100
Helen Humes,5xcai2yBVdyRXXYfpaKdyD,12400
T.K. Soul,5S5ZSqk0z2CBHuCbqHjzCz,108000
Little Anthony & The Imperials,3PF1KBeHYb14yKgsiE693V,281800
Reggie P,20TZREwKABjTTuzszVeTyX,27300
Greta Van Fleet,4NpFxQe2UvRCAjto3JqlSl,4900000
Memphis La Blusera,55j4xUfI5AATqETp8AnrRp,576100
La Mississippi,2haNFSI2XvHycF4x0nhp2w,64400
Joe Walsh,5bDxAyJiTYBat1YnFJhvEK,3100000
The Cramps,4lYtGx5NZQJHsMyhHc5iz3,1200000
Maria Del Sol,5zG3ksNu7WAhSc3G0Xcs0O,121700
The Stooges,4BFMTELQyWJU1SwqcXMBm3,924400
The Spencer Davis Group,3i9hP422d2KMjaupTzBNVS,1100000
Celso Blues Boy,2SQHdu1so7C2b5yBwnEUYP,28100
Dion & The Belmonts,2loYllWFfoWpoxC5YrJKc4,1200000
UNSECRET,721Thvnq29Or9LXUyfF75c,555600
Gary Clark Jr.,01aC2ikO4Xgb2LUpf9JfKp,1300000
Junkie XL,5svDnd8joFhbpbA3Ar0CfN,3300000
Snowy White,4DMlDJn7CPSSS0DuUf1vrH,979700
Heartless Bastards,2wwMTLM2da1sa2JcJslf8W,362400
Generdyn,5hapHjhxu0KGpkjz8GGGoO,119300
BELLSAINT,1ASbcqMhp2Xsx8xQ2NQK0p,130300
Mungo Jerry,2mbvqMGpwLsakeH45p1Jrb,2700000
The Jon Spencer Blues Explosion,2NOhotupwYbKRNJF7LMDPG,244000
Eagles Of Death Metal,02uYdhMhCgdB49hZlYRm9o,1100000
Rob Thomas,3aBkeBhwadnWMWoVJ2CxJC,2000000
KONGOS,58R5LHkK3vkmEyGUPOR5kS,1300000
Ten Years After,7nkLRaWHImCvWGHdNGnhVE,2000000
Stevie Ray Vaughan,5fsDcuclIe8ZiBD5P787K1,2400000
Extreme Music,6Q6wl4T5osps79OPDuLjNJ,246300
"Crosby, Stills & Nash",2pdvghEHZJtgSXZ7cvNLou,3100000
Jennifer Warnes,1BwHztAQKypBuy5WBEdJnG,7100000
Methrone,3YqRniSXLT8kdm125ZfQF6,30300
Rev Theory,10n5DVRlZbjbZ5ffpwpn6l,933600
Muddy Waters,4y6J8jwRAwO4dssiSmN91R,1000000
Bernard Adamus,2ndxSSEDxr0s9csEgGYMrE,77100
Sheba Potts-Wright,0YhLEuRkRqKV3cXBsSb0Ty,16300
Tucka,6hM4jFGCDFWHXNQPVIoESq,99200
The Rides,0dtBKLgPO5xCZqyvqNUjXW,98100
Irma Thomas,01Z8Z9K54zewyP04ZfGLSv,682000
Lou Rawls,1zJBFCev9UwOMcrZsLi2od,1100000
Anderson East,5q6z6GTth6lMbL9I8CAgby,583200
Tony Joe White,6QvgWa4x3Ij4tvBpFMo11P,965300
Cold War Kids,6VDdCwrBM4qQaGxoAyxyJC,2500000
Ruelle,5tIkXJTex4JY7cv9mmgAZx,2900000
Mountains vs. Machines,33VXzEU2e8rDrGanJeEYBr,73000
Jesper Munk,7lS8dsCoC7M6QbNp3MRpmw,63300
Status Quo,4gIdjgLlvgEOz7MexDZzpM,2500000
Lebrado,0ay7iuyEsO194wWkxfyjsA,33000
T. Rex,3dBVyJ7JuOMt4GE9607Qin,3800000
Johnnie Taylor,4OGuNAnRFWZOgOA2d51taz,236800
Janis Joplin,4NgfOZCL9Ml67xzM0xzIvC,3600000
Jeff Floyd,4daynj4qj7K17EbBzEhtDe,24000
Lacee,1z9kx7oUYuJGgq1TxFkPCD,17100
The Black Crowes,5krkohEVJYw0qoB5VWwxaC,3300000
The Big Hip,7imADEwWzWEytIuSlnvXx7,0
Nellie Tiger Travis,2txcEJMamPeJIqm1mCJHIn,51700
Terry Wright,7BWJFZFBYRr8lKhqkiKleK,14900
Karen Wolfe,00kBiSlrYMlXhOYYERPINM,16000
Jackie Neal,2JfyGRIeJ8Uliyje52oi4F,12800
Traffic,1CD77o9fbdyQFrHnUPUEsF,907900
John Mayall & The Bluesbreakers,2ScuQMRWThcifBRIvNDFDC,325500
The King Khan & BBQ Show,4n0gvapwYbRpzU5Ov68B6P,125000
Raffertie,5UExdZdyiChMTvMm0nATlp,174200
Royal Deluxe,54OEro9sWZ3mVfMdlz2CIt,611800
Foghat,6x33CmZWo2Ve4hxYl2Craq,2200000
Black Rebel Motorcycle Club,1tpXaFf2F55E7kVJON4j4G,727800
The Panasdalam,6WICYF5pzhnx3qpUrFkzii,78700
Sosnowski,41qXa50750tdWTyhtp1iCq,12200
Z.Z. Hill,1gdaEBrH99AfhsiQNbaSBp,77100
"Crosby, Stills, Nash & Young",1CYsQCypByMVgnv17qsSbQ,4300000
Big Brother & The Holding Company,4J69yWrKwWJgjv3DKTZcGo,1500000
Avail Hollywood,04UU4nMf0F1GAHhWtHK5A0,49800
Carl Marshall,3CRJBDlD3UwF8FULoGwEge,14000
Arno,0pJz4IBnZkfgJFTrqBl3ZQ,171200
Louise Hoffsten,5GG0pdHtmalM60Fzer1Yei,30500
Albin Lee Meldau,1AdKbbV5v6ifuJertEjNeK,780300
Blind Faith,5GUVj2b1lJ4DolQyHlzyaO,528700
Sir Charles Jones,3BxAFJvyhPEhLEeBZ6XEDe,134300
Blues Delight,3t7lCLDraWpcK4U5TWUUdA,367900
Dallas Stars,61FsCV1kq6KMiJAqsL8iBJ,13700
Dan Auerbach,6YWdHD3R863Apw1hkx3BwC,1600000
8 Graves,1YznSk5tLLp9BnzuNgghrZ,187600
Richi Ray,7yysVzOhwPhZ3PkzvLEjRe,373
Procol Harum,0GbqW5TJr7n4is453VOY4C,1500000
Eduardo Tejedo,6ibB3taX7MxloM6rg3gMne,237800
Héctor Lama,1eTdVPfRP70mS5KFZNxnMn,15700
Alan Piz Morán,12lPP3QOiBaHqT9IPpdBO8,15700
John Lee Hooker,1yNOfXGQNGjAynk77wv85x,1400000
Atomirotta,2Kt9Sw1Kxo8aF32Lx1TpTy,69900
Traveling Wilburys,2hO4YtXUFJiUYS2uYFvHNK,2000000
Matt Taylor,4GIFfkHPMRu6eVaVTvUJwp,257
LJ Echols,5x9frwvmYfa77Kt5hJs9d7,26700
El Cruce,7qaHFNFCjcXpsHQM5NQhaK,10500
Sofiane Pamart,4RB2EEsmLhQTOSVQQpDzNg,2400000
Billy F Gibbons,69Iibc3uQ7x2vDeZxTwKCw,312200
The Coasters,3QZKZBEmr54lAVI5XvmjnM,835100
Royal Baggs,5imJC8xoF2kN5TwuN5tNFy,72600
Jack White,4FZ3j1oH43e7cukCALsCwf,1600000
Alicia Keys,3DiDSECUqqY1AuBP8qtaIa,51000000
The Flamingos,6iygtKnPG7TRvDaTYcLOd6,2500000
Blues Saraceno,5AVBFCn4Hq4KY2Xjc5Gj4y,505000
Elvin Bishop,2G1yVp387GlUf9yvLk6V11,1800000
Phil Lynott,7yVrX2XZQ8eaRiD1ykz0H7,270200
Jeff Beck,0AD4odMWVQ2wUSlgxOB5Rl,1300000
Mountain,44kGywk9AMdPUJwqU03q2p,41500
SAINT PHNX,1Tdg7NIdyWx9icE2GNZzxk,779300
Jasmine Thompson,2TL8gYTNgD6nXkyuUdDrMg,2300000
O. B. Buchana,0E1uq6DFT3bss7t2zndnrd,17500
Monique Ford,0xuXcfZGeKjTzQWp6ncTJ2,2700
The Raconteurs,4wo1267SJuUfHgasdlfNfc,1800000
Donnie Ray,4r3SnXMswiuZZNDD1OzJqv,23400
T-Bone Walker,6nPKmEbQmR8jGZEm7ArOFX,316600
Sidiki Diabaté,0ShXtJGjzmboEPVOvIdbQA,594600
Veronica Ra'elle,4wtNJAJQg9ouqHorpWJe2E,3700
Miss Portia,5Wml1BUjZXkhRoFxnhq7hq,285
The Bobbettes,5TesVKMq16peTfJC46PbYw,29200
JD McPherson,6u5mhJXgAKPTj6YVlZSPY9,397200
Rolf Wikström,6JnHX2U0qF3EcoAHta5V3r,20700
David Gilmour,2FcC4sDMXme2ziI7tGKMK8,1000000
Sweet,3JaAGmSTpJK35DqWrDUzBz,2200000
Paul Weston And His Orchestra,3EVyH5tLgdq62aXTdKfzey,97700
Paul Carrack,0FFuvdY7fuiuTmHN9unYoz,559800
LaMorris Williams,4HI3EC8lw4RyqAqFLASGrU,25000
David Brinston,6NNVVLQbIfGVnNCUpQsdLw,32900
Des Rocs,2kO6mP0olFJGGh6kvUdNC8,888700
Salif Keita,0VVnWF3KNaa5O7ESohKhAx,7100000
Big Yayo,6FLeoxvuFn3f8NMOsPuaoP,39100
Omar Cunningham,2o7JH91l49F2yNM0y46nST,40100
Tinariwen,2sf2owtFSCvz2MLfxmNdkb,368200
Dzem,5ADo6yIOeD8LJglejYcuen,720800
Calvin Richardson,5lckATQU3N7Ralsw3VfnRb,134600
Manal,7yK3vix9XmeNwPDmjGs78F,989900
Billy Soul Bonds,430EFwahcXYL4Ke0mbR7vj,8000
The Miracles,6TqQLejnHXMGr7KcegxUND,1200000
Wendell B,4SpFtqwWcTCV0tofLR5n6a,23000
Allen Toussaint,63aP18bg2ABSOqSNQcAMNy,432100
Gustavo Borner,3IqXINNN6GJuu3rMscLKtk,136600
Vieux Farka Touré,4PmxbsWP1u0TnvqcrIA9ze,382900
Khruangbin,2mVVjNmdjXZZDvhgQWiakk,7100000
The Five Satins,2YP02JRa1JLejrg3XTssJS,474300
ToWonder,7366dt3xMlc1xytGMF8fMg,26100
Severo,5HqJR4LXclbZPAwQ636j84,45600
Fantastic Negrito,5QXLMdpKeByOo5ypH9gT13,330600
Ina Forsman,6YVaWx92qxstwulKJXqN2b,49200
New Bomb Turks,5J17u3xQnvNm5GW5k50foj,13800
Jaye Hammer,1VILxssU3ZxvaH38vn4trl,59400
Till Palmer,0yKi8uMuo42co7yYAjfz6j,16200
Bigg Robb,0VqttoDLLN5IH7qcuk2xdx,31900
Jackie Wilson,4VnomLtKTm9Ahe1tZfmZju,1500000
Possessed by Paul James,3OKWUEJ7JsoqJdsgtviUvk,47900
C.J.,41Ly0mUWDs9daf9OCtD2AG,33300
Jason Little,4uB2stCxCbOV5We7GifuSW,6300
Magic One,4vs5mPRSYZcvBhFruP9oDw,27100
Jack Bruce,73ndLgs6jSrpZzjyzU9TJV,25500
Tommy Bolin,5FCC6oo9PupahFuLGEPdMB,46000
Atlanta Rhythm Section,0WgyCbru4tXnMsbTmX4mFw,1000000
The Blue Stones,5VPCIIfZPK8KPsgz4jmOEC,985000
Small Faces,1YqGsKpdixxSVgpfaL2AEQ,439800
The Chiffons,05sIdEkXAYDbDDdv3T56Oj,480100
Bleeker,64tT0KKbU4AFWkO6v1VvXv,228700
Alabama Shakes,16GcWuvvybAoaHr0NqT8Eh,2900000
Michael Cooper,6cvxqBSw4P52Z2Joxc3zeW,331
Barry Likumahuwa,2AdFUyPR5XxpgOI6QYfVDz,70700
Pentatones,4E4SSsX6mD9zpcHgGlV8ns,13700
Matthew Sayerz,3N2uZltjWsUaAciqlLLUcL,0
Ms. Jody,3QfFPmGNgwLNytVUc1jN68,34400
Mr. David,2BCYfI0XuvghQM3PZZleyE,6900
Derek Varnals,11lUPJP9GC5j2RRA7zVddw,4800
James Gang,5hfOHpGMsi8O3DA0ROLGqF,579500
Rory Gallagher,2G1oAI2Scvl2iuarwbHLnv,435
J. Red (The Nephew),6WVQVjfl3hZfLssD8p2E7j,7600
Andrzej Zaucha,3jDEqxckloWOCT1l7l1hJT,514100
Fats Domino,09C0xjtosNAIXP36wTnWxd,1100000
The Marcels,1JQYskbOoudT9cylam24a3,189300
7kingZ,2lYNHrkuZrcJVgagIlyaTA,76100
The Pretty Things,5U16QlMnlSAhkQxBZpLyLO,102600
Bad Company,5AEG63ajney2BoDXi0Vb84,3800000
Willie Clayton,5YtfmlJnLT6TR7kiBKqNhj,37000
Dick & Dee Dee,6TLwl6BCLZ5D1jwn4l2KGh,10900
Nirina Zubir,5dN7FWc0YwXTR24XAg2hZ3,145800
Richard Berry,5r51ZRo9aVSQDr5ki6YoDC,19400
The Pharaohs,1Ih2ymUvISRFP1ZyxP5qh6,4300
Wishbone Ash,77zwstbi3x1IxnbDFg6uns,201300
Toya Brown,7zfvq3F4uXcsNPdf9xJS1p,0
StayLoose,6kyUfziWP8ydAsKzyXsC83,312900
Reignwolf,66YGDwn22fjphzqGCSIbbK,400500
Young Summer,2SlMPjZm02pC12ODpApdhB,72800
"Bobby ""Blue"" Bland",48nwxUvPJZkm8uPa7xMzmj,903700
The Jeff Healey Band,3d2hJTVTwo08F9b0ZFQukJ,386200
Mel Waiters,3shtTHtmebW7LPnzO5KAJc,116600
The Delta Rhythm Boys,7jn7alb8SBq8VAukeFkPcF,264200
Raz Dwa Trzy,1ZqkYyZttThOyOQx22221T,125200
Grand Funk Railroad,0qEcf3SFlpRcb3lK3f2GZI,2000000
Pete Townshend,24Wa5wIZIo1sPkzVGP0B5p,615700
Joe Buck Yourself,0resjKXqhkMjKOfxLD5q3j,9700
Ronnie Lovejoy,5D6Mis1jMAumo3M0JyRK2N,4800
Kenne' Wayne,4DreAlAr5EbqaAKW18GekU,1600
Mz Jackson,2ovBfzZ9LxULNGffnyed4m,0
Golden Earring,1iTlOqIrZy8DlvCPJY2sjS,2000000
Alvin Lee,6R7WjUX7Fk4zHPEHSdqEkY,140100
7Horse,3P5NW1wQjcWpR0VsT1m0xr,311500
GREYLEE,2Jphi8NzWnXSePDSLqJ6V5,55200
UFO,4KvHxVA14w69oL0UTNh8zx,579
Jethro Tull,6w6z8m4WXX7Tub4Rb6Lu7R,1600000
The Love Doctor,7wdfreJ8x7szphPGVdJWyi,27500
Carbonas,4cr3zGBYdkQ3ixtfLokx25,4200
The Olympics,3KtW4xANJkgfEnFgMxaj8h,15100
Theodis Ealey,5wxu3Jfe984jGPJrM18Txg,70800
Bondi Cigars,3myuCymTYh4lq10Pxd1SP4,10600
Federico Dannemann,4OU6bEG2xDcF7KMOwgksQO,99
Gonzalo Araya,00ua8zSEXT7dVLjI1P4o2G,240
Da Problem Solvas,3Thl0A7PPQgy7f4zwtzECA,1400
Eric Burdon,3miNucraVWk4hdVsIxn7id,392100
The Cookies,1xbffduk2SYqON9nXu6jLt,17400
Öwnboss,37czgDRfGMvgRiUKHvnnhj,4000000
Sevek,0aOIluXr131XqrXFwFCFGT,3000000
BK,,
JXNV$,2eYGPD8O1chWmQ92TvdtCW,1500000
Liu,3DnNQH13SfSOjZDsVEa0ht,981000
GenX,0RGOfLzWx0CMIwpVPOZwgH,89100
Yago Oproprio,7HoPy2YmahCCaYaFSFq497,2700000
Xamã,5YwzDz4RJfTiMHS4tdR5Lf,8600000
Bagua Records,2450WxbFxHjnttFAv31zGk,5700000
Luccas Carlos,5WFFFHVqeVk5tLuYh2KjQy,4600000
3030,3OHpci0ruhvaMv9F795LR5,904500
Sain,26aPjwxSSJsGy6yQ19YL55,1500000
UCLÃ,4zP89WNloauEX8v8JdZbxP,557400
Sueth,4ZyBq7WEL7d2dDH0BkVDPX,863400
Shoy,3qGnDZ8BHEsA9Go8ui3RUJ,101600
Mc IG,2q9wk5fkeU2C9CgCKdh4AN,13500000
Onze:20,3MDJ79txY73BUpAR7RnJEk,1900000
Isaias Saad,1THj0JI7zld7YDsWERcSUz,3600000
Bruno Martini,5veVxxPm1vzgi6pO2iVA8L,5900000
David Hodges,7fRabwYwLBgvOudI9GY2Op,81200
Antônio Carlos Jobim,3pO5VjZ4wOHCMBXOvbMISG,4900000
Racionais MC's,29CQLw9uLWsl8Qkz9holfr,5800000
Jefferson & Suellen,4Cp8MAVITZ6a8qjTVvhV28,1800000
Luma Elpidio,6S6ekwAUY7h8PALjCq9XjR,2500000
Theo Rubia,3bTnUXCo3suJiLVb79pExe,2400000
Rebeca Carvalho,7ejjZWVYdXuGjkLsUPW4xL,528600
Gabriela Rocha,4fdCGYM7dtJLa3LvR1ccto,4400000
Weslei Santos,4y6Ve3GJGW72qVUqalUvKi,430900
Jota Quest,5re6NsyXzHg6uvNimzQ3F6,2800000
Maneva,1OFP2fSFWTfJ80rzUo5AGb,3800000
LUDI,5jaTnKaikL73O3eAQgtwde,468900
Davi Sacer,6z6iovCkrGvBsRsLOrFbdx,2000000
Marcelo Markes,6SuvEQMnKI1I4rfErcOdi2,3500000
Sarah Beatriz,5eo3eRvCHJhgMDL6K1cbMT,2100000
Fernanda Brum,0ercYDYc6IMdLiiBfMwId8,1200000
Aline Barros,2aKyKSggb31Kw9s9i3iXoo,3700000
Zé Ramalho,7JoWcJHDOG58JYTe6d400S,4600000
Paulinho Moska,50sWvKw2zsmX9lmcPWmJaT,837900
Walmir Alencar,5dPToGb1vTTAf0ZiKqCpSN,412600
Delino Marçal,0MGbmpBm2Gzvy6ENd9D1qv,913500
Midian Lima,1UNm54Ts7vBGKcWjbjEmMw,2400000
Frank Sinatra,1Mxqyy3pSjf8kZZL4QVxS0,17900000
Padre Fábio De Melo,72G62rG7kmq4GFOzyjJV4q,681700
Celina Borges,7EEghT52d3DvpgqTxlMy6n,225000
Herbie Mann,6ycoXr0Ayd89vFUT6BOiWo,233000
João Gilberto,77ZUbcdoU5KCPHNUl8bgQy,2800000
John Dias,0x0Zn0LnK7GjEosgJ1z40N,66
Nelsinho Corrêa,4PBRc9BHh6zVmQV3TOQoz4,354900
Ana Lúcia,24zpYD2LDhoI30qaUN6Qxi,74900
Frei Gilson,0jzTaWBcJ6h5ccHe04CcyX,1700000
Valesca Mayssa,4K4fsuNkaAwysF3AxRPLNh,2500000
Gabriel Brito,4LXMmTqllPBxNh4msJMYCm,2000000
Nando Reis,7n1XMwvxPf10t4OX6h6Ufy,3700000
Gabriel Guedes de Almeida,5ETTRSAa5g5uIMNOgqnJPB,3300000
Ministério Apascentar de Nova Iguaçu,3jV6W3Zu4wzc6krT59Pf9B,191900
Sotam,0xKbHuoAoxvPu5uGax4d9l,3700000
Rob,0ABl0JElqGIJeuB5fqBfz0,2300
enzo dicarlo,2pHcjPecYYnna8IQyiBYR2,2200
Fabio Brazza,0Ludmn78UAusTsNCXgICrN,1400000
Péricles,6gEzJZrbm0F4ihvE9iXR9z,7200000
Froid,45Yz90pqjzEdJzpEQg1eII,1700000
Cynthia Luz,0QHGCPmM4UgeNvrNPntSlu,2200000
JOTA,4ICS3tvd4Uo6Xq4HUZ9fEG,44000
Zarastruta,02RPe8lsQquxA4NtZJ2chM,451200
DJ Cost,7Gojo8tyzLgT5p5WdTisIL,222200
El Lif Beatz,0HBQtIkqXtoKagoPOgxK8k,1600000
Ministério Adoração e Vida,4fk1ToCb0m7irMHCaZhIrM,649400
Patricio Sid,2A6L9Ua0JdmmELX1hz2HVu,1600000
Casa Worship,4bqKmu3kRUl6X7pTl1CuVs,4099999
Léo Brandão,7Hy3BcTukq6HpDzVFrnJ8L,4000000
Julliany Souza,0d71FlLkqZzdpEQifcngQq,7000000
Oriente,0IVBT8qQNwvHLzOJL6kGpE,2600000
Ferrugem,5ZfBThYiIIhL7jHMG8gDB2,10300000
Anderson Freire,1HxtfSGL8pWUwAyVgpbU5B,2500000
Isadora Pompeo,0f59qYByNYzspwAr7huTSB,4600000
Tim Maia,0jOs0wnXCu1bGGP7kh5uIu,4500000
Marcelo Falcão,4r6d4drhz83kHCRVJnzgdr,2000000
Cassiane,6MQhMvMTFK4nAQzoOKrwY3,1700000
Vida Reluz,5SjEX4uwXN8CbVpWqVVFTD,701800
Fresno,2sFXe6NbmT3k7Qy4N8fE7f,456200
Juliano Son,1eKT4nyBWQbYdHm19DrV2P,1600000
Frejat,3WVjDclrbHsxjxhiOqHdnw,2500000
Padre Marcelo Rossi,0BLa22ZCJcTxW78hoNlFA9,1700000
Lukas Agustinho,14IQ7niDNXIIrOSjr32E7O,1700000
Nívea Soares,7FJXPSSrHgr0YDfeiQ63uk,2800000
Samuel Messias,5cFlGTfDoYwRGZrtEO92MJ,2400000
Diante do Trono,4AeWCU2yUgVFbqKmOezL75,1500000
Alessandra Salles,2r3H41SbJqWkOKwhwQc7r0,17500
Eros Biondini,2wIQqBYBvYkpvgZZNAXhOP,69800
Projota,2zGf6lwQ9PxXdoeo5XXP2K,2700000
Fernandinho,6iAY2AyUZLSX3PWLIAfFZY,4800000
Colo de Deus,1AY6YtpuVujP4Pa3ibD1M1,2000000
Stella Laura,1lqxvuE0yfesGRZ4sdVVNm,948600
Comunidade Evangélica de Maringá,5sunaXJ1Rjob6D6TGDd5wA,36000
Kellen Byanca,0aCN6JIKoXyhkzyL3LaCpI,1300000
Legião Urbana,6tw6EpC9RgmSRZiZg0n22t,6200000
Nani Azevedo,4cQ6a3aHARZkZb8ZwqwInF,425700
Lulu Santos,0A1oy7PC7fdzURgaLaWkL1,3800000
Mandragora,2AasvmwafZPTgQANaoLoQY,762400
Dubdogz,4cdyqaBREB68H77QKCrKP1,4700000
Bhaskar,6kT18gnkVrCz8xJQcrib7L,1300000
Trilha Sonora do Gueto,5gOXpF0vOYUvYwBCd80hQv,1500000
Major RD,76hYPcWML9NGEh8LashwT5,2900000
Sos,0IFxgZemBWo0C9B9GRQcTz,5100
Sant,7IlBcKrGUBJ0NKdnbDde89,3100000
LP Beatzz,3WFKRRXUORuPPdH11Spele,298300
Costa Gold,7q1aEytv83jXNECmyaMhgn,1500000
Jessé Aguiar,0g4xsygciHCrujQzdXUudC,1800000
Misaias Oliveira,0nQgkrgwYvnmvP4UihHaQt,539300
SNJ,5ZUxbL5kVyp9Dxa1iADDeb,5
Cat Dealers,3q2dSq7VZnj8TmoJUyRm40,1300000
Lukas Vane,4KG9oqu0VXEqu6fNdiip0U,185000
Elise LeGrow,20biSVcaiwFyvcseOzYKo8,314600
Bruna Karla,0YdeGzSneJdP1NEKY3EFlR,2200000
Jeyzer Maia,1ibeddC8BqcjmYnfVzjQUh,949600
Davidson Silva,1sWAcwfPuIuEdS4dSTd3HR,326000
Kleber Lucas,1giin6byO7ehdqZBBmbI1N,990100
Central 3,72Q3HybMPVhG3c9N4A7kTL,812500
Gabriela Maganete,0rFSAnwgnOHH3uq73fYoSb,341600
Rapha Gonçalves,5b2nsXfz4EhaCuONCfEvui,574800
Rock Danger,1mjuRRMumbLmGmHmYvMDcb,2100000
Raffé,0BMccF4OSgl180EzdVFY9m,1300000
Agnus Dei,1vgKSmAyddww6UhcpQ9YKe,5
Sarah Farias,3YvHDhzmrkcYZuKN7A2KBK,1700000
Mari Borges,0p2zpsFX6FVVOWOVQ9SSa6,214400
Gerson Rufino,0y9kZHlHvgvMQDcFAQJziR,708400
Tihuana,6FvGIOpELnPLxPoyqotQ0Q,722500
Gabi Sampaio,1mwuQroxtrC6ANU2Jwb8ZQ,915600
Leandro Borges,1W08UTn6HSj0dHarQE7ReQ,2200000
Um Barril de Rap,4KgE1hgkCQ2hN8TB6rM94G,184100
Cristina Máximo,54qdx7sfUPN1ANNnSHAoiK,251200
Papas Da Língua,5q4N33QzlyTfRRNq4T1gH9,1300000
Paula Santos,35DMyN0d5YWOdfJLyLZcSi,200100
Jozyanne,4oJ2DIfW0G5XQ9embSbIyh,278100
Eyshila,3mbX6eftyC0S5l17m31ZSW,817500
Matanza,4nZIpprPGQmOEECVZ8VDIT,120000
Paulo Ricardo,07V0GWuWYmgheREejBORmk,804500
Marcelo D2,1vEN3d3dJbmdHQpXD6AIkL,2100000
Claudia,7nj3djpHOzAeUeNwsOFXAy,4
KVSH,2uGKgNuq7MnKksXiSO6HjB,1700000
Schillist,2qvWyc9Z0oHK156P65vH4d,675500
Stau,0ck9V1P0O2HLnMG7b5CZ1a,4
Felp 22,56IPf5d631ccKOTmo8RFHK,2000000
Medellin,06zC1Z0YDLeWPBLIEAkswh,1200000
Jean Tassy,6XQrv3AiNUS61JFK1VITTU,1500000
Don,0phzv7IbzSJpTOuZKXqeL4,2600
Neo Beats,6PERJZF7wohA034PAxDK0b,6100000
Alaska,50NRg10PLi5hNYVLhVZ1AA,28300
Jopin,5eOyNvHjfi9EcXeJwrCroz,263700
Saulo,0l82Lk1LX5X2qqYuPSXTuf,455900
Flora Matos,5Znx4PG5UsUitigaJnmZX3,3000000
ConeCrewDiretoria,0iUdFhwiXjGQWAt9yXPP1T,1900000
Nocivo Shomon,7fVTW9oFlXKy9tzG15tcof,257500
Jhony Mc,4hTGLEnPwUsmgakVoSo9Ww,93100
Krawk,7a99I3BHPvsv4aBVNqb4g4,346800
Max Bo,5XXPhWP74GdoaxLyoljzsS,1
Alves,7uDbEl9VmtJz5tzDPRbmsw,79100
Sid,24b231EnCM3BkpiuWs5VBE,1000000
Thiago Ramalho,5maeLmILKilfauXPQFcemJ,55200
Azzy,1uf8uSErmKc3JVtmjVBZ83,5000000
Baratapai,7nahK9VX0AFY1KZmT04lGY,649500
Raul Seixas,7jrRQZg4FZq6dwpi3baKcu,3000000
Scracho,5CMP1ienEyXqs6NkMOZHrw,105700
Gabriela Gomes,2e84TbIwlMbSgm1CO6chyE,1900000
Nenhum De Nós,3bKO3mmizIpDdwNVdp96B9,2000000
Sued Silva,4EaUmdr2olpJ9n2OARYRJ2,1400000
Tianastacia,3ucYi2JRu3j12lHbfqms9u,138100
Fredy Miller,2Kl7GaSjZ7fPFBP4NQBW0V,30100
Sabotage,63lDl6PKPmQaUUFvzfz2mj,10
Helião,0MkuYlu4su0x5luUP9nPY4,0
Cascão,2W2ey5MwCRLtAP87inouuk,64
DJ Cia,4ADw50fLamm1eoQBm65lHL,382200
Cachorro Grande,0psfBzxoy44kww4f0YU5c8,221900
Rose Nascimento,0L0h1GGHeljVSNWwnqbRfL,705300
Paula Toller,5BQveHScm6btG6jfbxwyfs,684600
Voz da Verdade,6lNJyLZ53yiJlCfwcxtT71,798200
Engenheiros Do Hawaii,0GNq4xh8uFCyihPurnunf7,3400000
Régis Danese,0eEbruEG13xwoZ0uT2rpll,1600000
Maquiny,0ixIqccVXNU45qPhq3kWex,3400000
Orochi,1jkFMHHBWRCSp1aRsWsz5F,178
Makalister,1RoerHIsbQo1h0V8KpznKV,169300
Menestrel,4eQ4RMjplRznwHA1UBNnXT,319900
Djonga,204IwDdaHE4ymGk9Kya2pY,5500000
Pineapple StormTv,09U6hmCerKcIJrixubiBjm,7800000
Slim Beat,0JidbbbZv5SFBEwuc4dREP,2000000
Yung Buda,34JhhuxlkDFSA5ek4AuZOp,99800
Don L,6U98XWjrUPnPtPBjEprDmu,746600
BDK,1wC4Nn5PTmQf98da9kbBEh,456
BRAZA,5F0iFhw7bZE7a8INjualJn,165900
Padre Marcos,344SWV0RVwkeyAocMHM9F2,16000
Andrea Martins,60Qv0Cy0hpcfkHcYI13kxG,61200
Black Alien,6aCbXH85qN6xo54C7atSMx,1400000
Rosa de Saron,7EBn9lIBKysikqbU2XDnoX,856200
Dalsin,6W2jVpE55n1wT0SrpxoeFk,515500
Gioprod,7wSJDGjIeffNmJg8pge4fH,364400
Armandinho,3h7RaVXBvdSNa7LXQtVYqH,3300000
Leoni,7Iqt3O2KWt6dl4rRQDOszV,1000
Dinho Ouro Preto,6ysWe8Q95VUwcU6LKaY4Rk,180800
Hevo 84,1WDHJzp45TMMfm9YxVPZTG,130400
Negra Li,1E4r5qziZja6v8jA7iTqjn,1900000
ADL,53qjxZgyBJiyquXFBUTJU5,4200
Raillow,0sidBbuq2OCR7mtHiSIfCN,184400
Fabiana Sinfrônio,1VS1qGtdEZNgEfyVhTVYBy,460800
Capital Inicial,4Z0yuwHVJBROVZqFpTIr0d,3900000
Seu Jorge,0i1s9WcIu0PrUvHzALgofo,5900000
Eli Soares,5zblJYkCzvB51Jh29FB07V,1900000
Padre Zeca,5dVYfMmLcYaPlb6zlejjLp,286400
Camisa de Vênus,6kJHpEjr5eNnVJeyfTbs3G,136900
Discopraise,3YX2DRQWYA1DpZC6R50JMe,671200
Pedro Henrique,5z5z7mb9JYMVdmi4Lfnu0t,912800
Kid Abelha,4bOZtegYNmYOe3gMgPtt0H,3700000
Raimundos,3CfJckVRuukdJSvK3r89yJ,3100000
Érica Martins,00s6sweOrm2YX5LGTYoruq,0
A Família,2S7yIFJha4ojzmMRAwTX2B,684100
Lauana Prado,6TYimByryGphZCtwYopH0y,8800000
Oficina G3,0gO5Vbklho8yrBrUdHhuLH,358000
Baco Exu do Blues,78nr1pVnDR7qZH6QbVMYZf,4800000
Nave,2Xpiwporhsl8LXdC96Xs8J,390000
Puro Suco,3UD5S1SrDQo3KPTfWxL7Ms,309500
BEATDOMK,3skj2KZCvizGrCwYD03ApC,254300
Murica,7ByUtOaUUnbznmV5ycwx2b,7000
PG,,
Vanilda Bordieri,01F5yl9fFsa9QQaM3Z6U3O,196500
Realidade Cruel,0VeXKzjTBWHX5Lf5Kr6rLF,628200
David Quinlan,71FkOGkNoEpRQAAmV9CP73,1200000
Heloisa Rosa,0pbjSAsHhPTgf9YQymeZdM,971600
Astrud Gilberto,5rX2c1zow6hCph8PnnU3kF,1600000
Planet Hemp,3nasa4yabzvUeb6DzejDYU,461000
Biquini Cavadão,7E5dcvoiZra9wwBuXYAYTw,1200000
Adhemar De Campos,03TpTPLRclj2iknzWXAXjP,774000
Pouca Vogal,2O7dDVdUrHpSTg6qdrSWFy,120500
Soraya Moraes,0IPQAIkLxcVSsxlTPPn3Bp,1200000
Padre Zezinho,4c01PEAPQNIBuSStnBUTPf,152300
Renato Russo,3QLc39WR4dQAN1SgierGgE,1200000
Erasmo Carlos,6cHQUDAPGKRE2NbVjBlOcz,1300000
Thiago Brado,7nhFPRuBTebusd2cBMAaEK,1200000
Titãs,2euX7vCVnJy3TVEGfc0RCl,4200000
Israel Salazar,5EkloP4VRw1NBP9NypZpDC,1500000
Amanda Ferrari,75wI9bTpjKQgKTBfYNzs4W,177900
HAWK.,6kGgCcP1pFsfBy9Zj7KZft,226300
Reznikov,2INLOHIkRAYNha5uKGiRhn,78700
Alex Albino,3xBKSx3tEsAIa98zoWqZMm,1400
Jailhouse,6QuV7w29AgBJFHxKVzRyJY,89100
Mano fler,0bjKeFBcvURoPaJiGd0Kfx,404500
Tiankris,0G1OtpH8DaTJVAhg8b6hhI,1600000
MC Igu,5K854sjdzabwOy9KltU3Po,700800
Ponto De Equilíbrio,6crUnfFtxFx7u9OGE1AHZo,1800000
Tati Portella,0n1wKapVwhPJKt0REzPNfb,10200
Pregador Luo,1dpUJl5huB5mtceAbK2E2r,476900
Trazendo a Arca,1KJkhqZNLx1JY9vXkBhGV5,2000000
Deise do Vale,2KBRudSP3PwIlGm0KzJ5US,198900
Suellen Brum,69JNsAi4crxqz9IjhQXvqX,215200
Elizeu Alves,6wOGRxxl44uPr3DNjdocTt,424100
Alugiana,6JWO2kpkeZtMHP4fQxPCaV,187500
Canção & Louvor,5Oj5puFnNDLbUqyWtq5jJu,693100
Lauriete,6JB1rSZW92MFaokpvOWw8e,552700
Danielle Cristina,0hUadX7xdewBFB84OcLRgG,725700
Elis Regina,0yFvXd36g5sNKYDi0Kkvl8,3600000
Renascer Praise,2eYrf1zekGvHGRkl9DZyGR,2200000
Marcelo Aguiar,4rPyEmsi5v4OiQyfzZBsLJ,50900
Marcus Salles,6IVEwGc6qJl8dsyWnMq1PI,469900
509-E,1PA11Cy0SrjmwymvGS9h0C,1500000
Dexter,4dfYua3wPCN3mq8EStDZkZ,102100
Afro-X,6iFQ7pCJ0ohIAdeu5gi46z,2500000
Atentado Napalm,3zRsSdPeUYBcjWXlX2HXVW,74400
Jamily,1fpS9LTjDGsrgLEk178EQp,919900
JP Diazz,344mmrwz81JfFfW9PLqZsd,984600
Gooba,1gCysNBilceP5vQIoF5t9y,10
Gustah,0nzfP49X2nrzmmkwZf180L,1400000
Irineu Barsé,0Q21K4tXniCV81hKaCkmaf,144600
Ana Paula Valadão,28rjo4eRvpmLW0EsCIy6FW,1100000
Natiruts,4PhdYoQGH8s1xee81dqQOO,6200000
Jacob Hemphill,19eNU5TerePMfGRGoKxC3b,507900
Elaine Martins,4rVAT3ktBeOdexcKic0mC8,640900
Padre Agnaldo José,6aGBb2hV3X2HYOiBqGxV9p,102700
Ana Vilela,66mL7YE8rG9eCu4QgM64m4,657300
Pedro Lotto,23ot0eI6ByBW6LrlBfr2bm,5500000
AO Cubo,1LTlPGgghut6Z0tPrX59YV,371000
Astúlio Nunes,17v5dyW9ng3iAD1AeE4Y54,73400
Marquinhos Gomes,2llyl9OO3itnyIvJcIEaeP,1300000
Ministério Vineyard,2fxknIGrJpQ4Ii3eLS2JHf,502800
André Aquino,6xHt6gUd0LMPtKm0XokFiq,705500
Dazaranha,5Tj3XpWt9Z17NR581kYPQY,198300
André e Felipe,5QQUuUIP9gjrkI8amLfIlb,1400000
Vera Loca,463Hk05MjkBYUyuB00luqt,322400
Cidade Negra,4cx31cxKTg5L8blZE24qfZ,2000000
Pedra Leticia,3RizejcAkXH07quZqFCtpU,103500
Barão Vermelho,5zq0SGWxrmzpTSXkBEQzMj,2900000
Nagalli,6TPJK8tv3AKKSsw0lENTQk,5100000
Edu Ribeiro,2K3MPGHczQOIRHMsrRSRuX,2800
Konai,12YpLBd0FvDYA0c4nsaxFp,1300000
Real G,27I5PWQdWQn22l7HACQDih,92
Duzz,4oPnjkJcLqOim9KJxvIYMz,559500
Peunubeat,17E8w3INI7HVddLkdDKYVA,59200
Gabriel O Pensador,5BWqFYIPTnFx3OPWOoJvmD,2200000
Vitor Kley,4FGcERJWMg8ENOLixwF71U,2800000
Rap Box,5FEcNzwbLj2pvhgZFojYAp,783500
Léo Casa 1,5CLH6SMhWas8Ed7W9YZjJD,2000000
Gigante No Mic,5NjusDYM3H7nGyjgDOtLNX,116600
Mano Fler,0bjKeFBcvURoPaJiGd0Kfx,404500
Zeus,3nVSvjNTDZJY9VTJ9Rd5UR,257700
Eliana Ribeiro,7ffqgUujPJ2BxcFc8BmG5y,654500
Monsenhor Jonas Abib,2n3eFcJX5Suv9aX1xVDghX,90600
Forfun,1qIAsl3tIpnX0j4BMi0l5g,306500
Chorão,5u3nOqtEJfhFUuPR9EjnkC,186000
MISAEL,7rn8MwX4RRLRC4yhQJ6sKR,650900
Damares,1jJo9A3hVYQztRTHaIFJka,1000000
MV Bill,4oE4ASN8auDhoW9vsXp3VJ,1400000
Kiara Vitória,7isz29frg8jk2TERqWfP00,160500
Camila Holanda,6yydPA3BoMVJ52oXED22UU,6900
Tony Allysson,44bBAyEUlfLwzAe6bXoKGU,488500
Humberto Gessinger,4A4HpNHrbu2nzPyIGFTaJ5,174600
Aurelina Dourado,3ABdO3aidrv4Ps6WFJqOwz,577600
Zeca Baleiro,7LunbFWIm3RPQpywjOSSd8,2000000
Vitor Isensee,4TQfPvFOvUCOXpGYxcsl4A,5
Marcos Antônio,328rxNpbUC1zFPojNBnKj4,273400
Sombra,54cBoDN5Z8F9chRzmQz7V3,88000
Bastardo,4THQhY6KKITR18F5KAvQYV,30
Funkero,64xQ854jZk1zMWXNud2Crt,88400
Ana Gabriela,6a9WLQ5NsIV7U2qB16uFWD,1900000
Ultraje a Rigor,3zkkrMSBLHuTKMI6I3fDWi,555400
Comunidade Evangélica Internacional da Zona Sul,1NuQ2vlJpm8ZS9HfEOmB4j,331400
Ministério Sarando a Terra Ferida,2sv3lMFX1GnZ7AxUFq6oT3,306700
Choice,4kqedTxyE5EDJWLLplYXpu,1900000
Dubdisko,6DL4EekcvzJIDIOOQQbe3Z,316000
Thalles Roberto,2Js5EdWOVgL2B2CbtXr5n1,4099999
Juyè,064WxKBb5PxUQpy6NGr3Jq,457400
Mayra Andrade,7uriYlc9ETgOg8VPFbdnbE,747500
Rappin' Hood,7cLvBjizqjjdC350aOQ2KW,230600
Caetano Veloso,7HGNYPmbDrMkylWqeFCOIQ,4700000
Portugal No Beat,71LRKKvAjoc6LyNmob269Q,3000000
Xavi,08OCWF4MDd9CQC2uPbsV3j,12200
Leonardo Gonçalves,6AyvSIi2EyLOaMJCc6J5fZ,458500
Kemuel,5GHeXsPtAVd0KLe1oMikxm,2600000
Mateus Fazeno Rock,4kZPtnykddZRw7B8Jh6Pb5,18600
Edi Rock,2fYAyTS2erZgqEHKHYqgi2,1900000
Alexandre Carlo,3A7Ajwwlko5vqI6dyy7LN2,997300
Skeeter Beats,42xf1iqSOZluDWJ8RW2B9H,1700000
Wentz,4v5hQ0JtuFt8U7olXP4T2K,86000
Comunidade Católica Shalom,0t9f7kAQ1wKeHeLC25ZYin,611200
Kuase Nada,3rWIoxwddZ2Y5jdb6Vs3SK,105300
Marisa Monte,0rSTXALHu0EKAawPLBdODH,4500000
Mato Seco,2b3gMC15SnC8mwjnYiUXvx,596500
Paulo Cesar Baruk,0GQKmEguhkY8DCzH4NdJvD,2100000
Esther Marcos,2japccldZ12nJnpI9eJ7gF,30400
Jhonas Serra,0WsTM0BMHTqJM5M7EGX4EH,2000000
Gisele Nascimento,5vXZDaOrGiU7bvoqJiDo0m,268700
Orquestra Filarmônica de São Caetano do Sul,7HsZZNoEKQvmBblG16ywB9,0
Chico Science,7HnkRhoGqYLTasI52iJoE7,335800
Álvaro Tito,7F0dGy9cKLrQ4Z5noPd4nT,221800
Ray X Ben,4yRi8iPZbdMkhPdrAcp59C,1400
Krmoni,0VdvafugKlyxzDZ4S7t1Dz,250400
Knust,7Ceg1mJmu4lAzuhQU9hQFJ,4700000
Luiz Lins,0hWRVPGWjaXcEvg8l65Tx0,6600000
CMK,6QmnOxsr8M6iD5Zqpb2src,611200
ALASKA,50NRg10PLi5hNYVLhVZ1AA,28300
Sobs,2gj35CRyiuvuJ5VzjkX52i,26400
Kawe,1TYJOhNSxMOODWiDVhuyZb,3100000
KayBlack,2h5Ha0ZiMFmOQD3iYcSXsy,7300000
Vulgo FK,27azwwkxutWL1BWMkgNIh0,7800000
Lucas Lucco,06cd30Cv9US973Ika84gDw,1600000
OTRAFITTA,5eYHm8UnOR6NF08OotxOHt,2800
Clarice Falcão,1wFTlPjO7zRtvylmu5pm1d,635400
Dow Raiz,73rvzBoed3qMm7yNNBtWfu,66500
Lino Krizz,6vA4znwvrwhCSYfcrkC2Hg,197600
Rodrigo Azevedo,5F4kYbH43R4DSv8ZWYDRGE,5000
Coruja Bc1,6mw0OyFqwxCOmz1v3W3htO,143200
Klebson Kollins,6dovZGo5G0ziUKZFLWfFxH,457900
Somos Nós A Justiça,4hPSDG97FxGlqYvKPU6b1B,1200
Marcos Freire,1WhgPbb1dZTZWicZlNbB7g,751700
FBC,29QKtXMaVczUBDiI3aPBWS,1400000
VHOOR,0aEDa47F4RWuk4Udm0SEoH,1000000
Mariana Cavanellas,4XBAtMS0mrX2bQipALDthL,50400
Cine,4MZmexF6g7Kk5nWAP8f5Zr,169000
Gee Rocha,0b82BJLnXs4PtkfJHlUocV,19200
Fraternidade São João Paulo II,3P2GN1O0yI6n84aDFOcvVt,2100000
Ir. Samuel Maria,4kpNrXcguMoec72kBgTD5b,12100
Rita Lee,7dnT2FUXhjirperXaH22IJ,4200000
Roberto De Carvalho,4w4ll81d0dR8gz989jjko1,3200000
Dunamis Music,1qtVabPP0TkBR3UyFHL7Ce,1700000
MORADA,03hJEoq335HtFbuxlNQXl0,818
Gabriell Júnior,7MLz6FXaGXB3yfjb0baqDH,847900
Samuel Rosa,4fp0N4WchcumIW5HNGpPwa,527900
Arnaldo Antunes,7lOUbhzQ1F3xcCMEcTtbO5,432400
Vulto,0F70fLZ3B78qjKQg3PguLX,10300
Vitin,3qqsM7MrioDCvQPL7AMBRS,3000
Adriana Arydes,2ioFpX89d2o7lA806GBITN,507700
Big Up,246xfnz80PngiO9sZubyy0,385500
Sandra De Sá,5Rxz1EE4Jj08mu40vlrqHv,1400000
Groove Delight,1DX1cbeKQkRJClf4TMmXIn,241700
Samantha Machado,5qQdzyIlYfzICKOVdb7XvY,730700
Cartel Mcs,667OSHKP0N0wmIVCc3qGIl,879800
LEALL,4h52MPCFvx56uhmH254Uqz,1900000
ReStarT,5Np92qd14fzuyLL7nu3CE4,16
Edson Gomes,79neuorG1VRL0Ef179vqxY,0
DUDA BEAT,2QLSJqqGIstNbO6nYRR16o,1400000
Gabriel Elias,5M06IyTZgyRlWeNjazqsZK,956400
Lobão,3LWCuB9QxDmpLhhGwqU04N,427700
Pr. Lucas,5uBdPagL8e7AwfIzrM8zuS,778800
Circuito Reggae,07N5hTxdi3rA5cyaf469Ly,574700
Nelson Bomilcar,1lu4GfyYWQOM6FvcIteBZU,8300
Rodrigo Campos,08VlguMfAFdEAJb15OWAeJ,34300
Rachel Novaes,6gU3EmyD7Jzv8QZtiMwGRn,364300
Ronaldo Bezerra,37igFSEYejyDZWvhYoobjT,321000
Luiz Arcanjo,3jhaArlXRtYY9R7GJrvcZ2,19200
Christie Tristão,1UgwkRPC9yEFAtd6bKme5P,19600
Daniel Souza,2NMaFwu5kgmqVeprKCSCdI,59800
Massao Suguihara,4RGnzKivDOho4IMMMdSNXJ,67600
Filipe Lancaster,5ue1WcGZ9D5B9FcmBe7Juw,207500
New Hope Club,2WuKU0SYZOQyY3MmE4vtez,616600
Haikaiss,53iGNetIf91uZx4Jb54cgb,1900000
Salazar,4i5vdurg0oY5DKOV6YMoK8,1100
Cacife Clandestino,2RKcy8YT2w2QYn0D7TjiIi,1400000
Lolla Sales,5Gwc4BbH7h1OSo1AcvGy7T,0
Predella,3lMQtpA4i6FrIe6DmDfDVa,1300000
Dudu Tucci,4HKSEFizq26pRFY3U83WMm,236300
André Valadão,7FKlLr5X7LGFMIR7UfDfDq,454400
Ministerio Ipiranga,6v2TsVJN3AwQgnHX2pec6u,282500
Filipe Ret,7gJN8W0589FisSYJS17K54,9100000
Cristo Vivo,1Ny8ynuAxG0BGP4L6JESej,319600
Lorhann,2JzXhnel5dnhOOjYAmTgjJ,139100
Ventania,0TRaSC8tccqoIVYYBPcI5b,249200
Palavrantiga,6lt44Vvyv8XwLxX7jtQ92j,116100
Nazireu Rupestre,0OsMtFwmRldAEfLGPon1ms,44900
MOVER,1dYjD0QC4fu5v2HYx8CeZt,105000
Acústicos & Valvulados,03tVZ2sA0yyShSEgFdBpYX,117100
Paulo Neto,24lc8iaQY0UHitOufmSGko,1000000
RPM,5ohZtGdjCgNpPgpAQduMaz,3200
Catedral,0SJRRI0eT6oeymfwyWsImX,642100
John Nascimento,7eVTHQUl2SPbSGZ824aEEz,367
Damassaclan,1g4RI8yZ2TS4Y0ST5482OU,566500
Zimbra,11xX6bMCvpstEFOyx8lxYg,128900
KAKA,1gZsxNKQOP0Bu2Obdx1YNR,11800
Christine D'Clario,6JaSyvyg28SHC0Of8YE6M9,2000000
MC Cabelinho,1WQBwwssN6r8DSjUlkyUGW,8300000
Kmila Cdd,5pTtdzoyljdOQnTLVULZvv,187400
Cesar Mc,19JY4BpaJkAlSR4iDxB1MX,2200000
Banda Giom,0NgCY51XnVAbD406OSYY5q,53700
AC Music,64BteyaH9QwIRgW5hNSseP,172900
Tequila Baby,2PpPgzTMMJEEhJuTwvOTIg,85000
Cristina Mel,0vKtp60PHfEnBSLJU9uHgP,226800
Pe. Fábio de Melo,4efFayxv1Ydtj8EoKJpKCN,83400
Rodolfo Abrantes,0M8rmgpYMtvYbHvXD3cHkN,367600
Fabiana Anastácio,0InZ50Ktwr81TEwvdu7WrH,544000
JØRD,2dhLVCzAEMbAu1SSkAoOGV,834900
1Kilo,6E2st8OqIaS7PU5gj95FSE,5200000
Esteban Tavares,3IokbxGxDtjuk6wPdisQ6o,106400
Jão,59FrDXDVJz0EKqYg39dnT2,2600000
brTT,7y2EOgsPqCKSxH9MJ2Tk6z,5500
NIKITO,38Y0aSjesxcaZUTAcTHLpK,343
Missionário Shalom,6TZ4wdzVOsMsc8YfeoI9LO,445800
Dibob,5unSnRQbVY6bEHkfNfgX5R,56900
Antonio Cirilo,4wBBDf0QcQX0l1UVbBbrLz,158600
Chris MC,0obu7Om4zu9ahul5DI4JtY,4600000
KIB7,7lSYO6wq6ueSYYIEUbF92u,790800
Instituto,33xmh99C0KxDvzaPjR178o,90000
O Teatro Mágico,3TbDeRrXw8SVnRWx9BkHeZ,218100
Síntese,6X7jDzYTF2a8BlPKTMk5KS,128
Shirley Carvalhaes,6HNIWHUiKtaQwzY424iplT,589900
Strike,3CEF3A8IybbJcwFSUVtAYM,327500
14 Bis,4cz8toptnAtxffn7ghNjyp,498700
VOLAC,4Nl6PVYLwbCFfr3UqQlFtE,492600
illusionize,3RloA7E4XMItSP4FjMBv3L,894700
Andre Longo,4lyER8wnQt2Im68h4PEVK3,82700
Thegust Mc's,18l5DrXKHLKU3uUQckp63O,760200
Dfideliz,0oNOkdVXXFaWC9tPb7Ol10,2800000
Start Rap,0ID7bamr7fhqeETHBZoCFl,281800
Altamira,12xPPAGu03vdZR3AmWNIxZ,1700000
Stanley Castro,7LLv5yYIB0JNOIiYBeOGah,1200
Thebosh,6NCFegwTfE1dbVEOPrAGxI,25400
Dalua,7awGveT87ZP4UoZxuv0zym,89500
Febem,2Ip2jiEjsSe8pmRBzwTv5N,262700
Pizzol,1LvxqCO8GOAKkDzDOXfrAK,489300
Ok Goos,1oFeFqmnAnqvFYcScSNY1T,0
Herbert Vianna,1I3wpGfguTwQmBLtqw2H7A,192100
Samuel Mariano,6Bq3Eajpm2gyaO16x4Y1ik,438800
Ls Jack,7xuzwG9aC7R0ftU6OSs6pX,845700
Karen Keldani,4lhB85LQ757J5BK17p94Jh,112600
Fabio Keldani,4AfZlsGQYbsWFYtWyWrOmI,0
Padre Zezinho scj,,
Matheus Balo,5WCiqIo8qQE8cSF4UyOP2T,4400
Toca de Assis,5K7in2g5UwDxatwlRqNRZX,190000
Elaine de Jesus,6bGbc8Wuk79kOzhCDWmeQQ,351500
MC Kevin o Chris,2UMj7NCbuqy1yUZmiSYGjJ,10100000
Kamau,2oB7m9exCPwJ8jwDgKWjho,113100
DCazz,5tyku1FcTAjQWHkl1Mtpx0,3300
DJ Nyack,6qWqYtNvKPE8HwgmoPfkHx,11500
CESRV,1qJG1PpAGl1FnzYyCDU7x1,224800
Brylho,7nf2NtawdimyqcLZkCrvHb,232600
Chimarruts,6rNz4V8ocdBOLgXmLxLVcW,1300000
Suely Façanha,6BuaFf9rDLYqRgZhnzwvy5,89900
Armando Filho,5irXw8ZrxTByOaON4CNvng,229600
Diego Fernandes,61JXEPOXk6QwV1iJ3iag8B,257500
Cidadão Quem,6YAoy8rSw2zLwE09K177UD,306100
Plebe Rude,2azqeHE13Y8hP8YAjew9zL,362000
Mariana Valadão,4ABs1DvG7IqLjBpYvOQedm,100800
Sagaz,5rl6n6CUJu1WGsvzf5m8M8,56700
Onni,5ca2qYa9GT0KT2DMNCWV5w,647
Angola,4cZhWhdzLmHypXXYdkqN4B,401
Guizo,2giAYpDoUHDqTb7Jm0sLlb,19
Fabriccio,2VxfJq36ePmU0UNt9LInYJ,0
Sem dó,7dJyxiyrg6ElvLsUMYpDne,0
Padre Adriano Zandoná,001bpbe3Erwxc1cVfgVuFo,45500
Olívia Ferreira,20wJzX1mmrLMDQaMv8rMlK,92300
Irmã Kelly Patrícia,59QxXQdSzooggAKxCzWprV,458100
Padre Reginaldo Manzotti,7luES30fTO66nDk83NZCJV,360600
Padre Omar,1YLzpfDqvAk88eavXsGDY7,51200
Padre Juarez de Castro,0futm1A7pdhT7pEaJrCpCd,97900
Padre Gleuson Gomes,7kIwcodORDqQkQCLbNb3I6,55900
Bidê ou Balde,4LsoTx0qmsoWqRmrp0FDwd,127500
Renato Borghetti,36yjG0IcS2DjJdMwsAZgWK,76600
Armored Dawn,1oueQWyrcULGbpk0DyiqGf,5000
Rio Santana,3mLdH6xxrscTf2poCN9Kzy,5500
Diomedes Chinaski,6DDTbUgrNrVcAJFVrOjmVK,3000000
Pedro Senna,1VpBywbGRTON81xOXCreOu,155600
Ugo Ludovico,2TIQW6pADcKJb2rbgJqGKQ,410400
Mãolee,72aE07MxpePfCELo4vGZcK,4700000
WC no Beat,0ae03Tkrq0gUie9zhAjWiB,52400
MC Marks,04QHNiih9ZesPvals6II1h,8500000
Caio Passos,6zGPa2tLMJ5HQYUddZI8di,2300000
AKA AFK,1ZEPj2UWxPZEELctnTNRca,17800
Mc Marechal,5YZEcrC3yHeiZ1bBvwKRUF,492000
Tarcis,2qb3anjfE3Rmn5edv2ULzg,725500
Goribeatzz,49HDbqanAupBgdzDaHPGk9,99100
Toni Garrido,6102bVgHhOwz9NGawJPJOL,478800
Marcos do Pifano e João do Pife,4aO4ueHzyr8DyEjER9wxm7,0
Consciência Humana,1nwuifu5rxgVlrGwjjoJOt,427300
Bassnectar,1JPy5PsJtkhftfdr6saN2i,826200
Ohana Bam,2i8526w9fGlJcGVmepDyM4,320000
Lafa Taylor,0j0HBDnIuT6rsn840ec18A,22600
Noisia,4YWj8sohRDjL9deiuRvEEY,536400
Skrillex,5he5w2lnU9x7JFhnwcekXX,21800000
josh pan,2sfSQ1BOzaFQa3LZj6OGwD,794000
Dylan Brady,2Cm6C9PNHioyjRKBfO7n9N,1500000
Evil Nine,4I61op5v2v1kabf5V44j0n,234100
Toastie Taylor,1qjAVDQM8Ga06zHJaVv4YK,1100
Datsik,48q2mPVwlKnlSaCx07i6Ta,210800
Virtual Riot,4FXGRMSHh2JjHxVwS8dhH1,601700
The Prodigy,4k1ELeJKT1ISyDv8JivPpB,5100000
Hybrid,2MYN7OKnlCiZ0wrwp2A1ox,135300
RZA,4iCwCMnqsNZ6atvRiADgtn,483100
René LaVice,0e5WyCWPCJT91whT3lFT4v,131100
The Crystal Method,5eKLa1xyHLq8ERWmT1CRHj,701600
Freestylers,0zg9mF9dX2knvdTKnL22T1,457500
Belle Humble,5Uh9Oco0Khv18UvTo2PucM,70100
Flux Pavilion,7muzHifhMdnfN1xncRLOqk,1800000
Orbital,3csPCeXsj2wezyvkRFzvmV,886500
Yotto,5Dyfxq0ZrFjjeFBdSNxDbo,1400000
ILS,5IS3dbDJPbnJBUEjQdJhPF,100700
Far Too Loud,6zL4UbVtrGZPjvTTeNKyAc,85000
W. Darling,1kJHmqou1WF0wMrCwH9ppR,7700
Pendulum,7MqnCTCAX6SsIYYdJCQj9B,2800000
Deekline,1V9Bmg9gpcQDBfNZBQCWw7,447500
Trigga,4LqFJ98PEA7gIrRtviMUmb,127000
David Boomah,0QcfgyqCD1uUlFO2IFyYaB,21200
Specimen A,7gqMiipTaISTnI2KjpdSjs,70200
Navigator,6rhLeedUsoFpYPcoOJWAVd,21700
Subtension,4xNDDaAV2pGlGqLYQ88qaP,5100
Mefjus,54qqaSH6byJIb8eFWxe3Pj,605200
Burr Oak,3yyEYoHrjvoUtLJ6n2Wz83,37800
Futurebound,2Vqj1e2oloOKNqAT2gpoa5,274400
Evol Intent,1VJckWeb9pxyAtESOoF8Xc,71600
Audio,1zErXDrChp7heWGAjO00Xl,46500
Joe Seven,6tSiaOS1xbLWk4xfmpcA91,848
MAACHINEN,1hxWcQ3PrU4uvHPKJjMCZ5,64
Nami,2xpb4HbJd1knoqekktr88e,1300
MISSIN,7y9vi5Z7o4caCT4peJd7Nl,519
The Outsiders,7weInpgvxpwb83n6Zb3Iux,14700
Crookers,3o1cwVQfiDWafhYA02k13C,3000000
Brian Brainstorm,0HppexjD0LVIVJ1NXOIdaa,16900
Sweetie Irie,0iUw5KL7NRlfKK3tZJNK9b,256000
MC B-Live,331TzweBu1MNKdjFnzHoib,0
Killa P,0yZqTQF0ULKX2gFE6fBHXZ,147300
Benny Page,602tBNQHNIZL6tsB2RHAV1,315100
Dub Pistols,4LYX3rRdXV2l99wR5YPFoK,165400
Rodney P,1TH9nACRwmZ8KnvIKxXTYh,78500
Lindy Layton,23J7IUKXqeNCetcqtEIKJr,34700
Barry Ashworth,5n40b72W5F6oJkSQMueeRQ,28900
Will Hensel,0294CyCv2cV3Qvyysmg2ni,27500
Blade,4R2I3qg7w3EJGki5cqS2Cd,7700
Fluke,2YzUXecwzcOdlJsnpnJfkJ,382000
Timo Maas,1nN9sUUgtCl0Z9ciCLc48Q,437100
Dia Frampton,3ppkM4QtM781APpaX7H9t7,175700
Overseer,70DdU0oc67qzYT8xb8fQnw,55
CIRRUS,6oXxCdj0oTbOShlCsu2coM,869
Bombo Rosa,5yhqhO1uyF38Fdievif9Pq,15800
Apollo 440,37f9cjf8Ic4t7vYNRYAzI7,419600
Propellerheads,3Z7thZHrtFvqp8OpPffPKp,267100
Ed Solo,7jnJgk7LLLdpPhXrOOZXCa,406000
Leanne Louise,7HhwoWGx2DxP9TM33G1Ca8,88200
Future Funk Squad feat. Mojo,47q0dD9xudQbg8naH5vDCA,45
Future Funk Squad,3zU9fuxpRmXdJk7nyTe8u9,39800
Mojo,4GcwYJdcl2yBhOhICMZ7I7,469
Keith Mackenzie,4YxYTIX1cwxzLDNlaU9iQV,15500
DJ Fixx,7HvbVaAb0Box5hcJq2VE75,4
Rhythm On The Loose,7vzR9boaWm66REDDwH59KE,83900
Force Mass Motion,3RKv86Dvl132jbxDVUmXNX,8900
General Levy,2bHgAaZ7qbGbMMXwAQm48I,411900
Elijah MC,0SARlVJEjRZ1tUsSvVgpmI,2200
Mekon,6JS3eHTZvK2oh4TfnMTHWI,0
Roxanne Shante,3r7n7y3j0nYgkPePO4p3QC,14000
General Midi,2VWRLlqrUcjP1BEyTq1W9c,13100
TK,,
Seanie T,202cP9QWfcEFXOYADNOpwG,2200
Jantsen,6rhTnHtyVcRrtuzS1wnLZg,116400
Amb,2vUmrwzNx35Vf6Cyut52U7,2200
ABK,29TBMtWRrCcI2HQY6PqTFM,42400
Jungle Brothers,2iclO3rlyF0YVNE46ctYRj,260200
Terry Hall,0b5EqFBUKekB0M1YRlmwUo,34100
1000volts,6MiWYUZOD7VJbJNSx8nUNW,24200
Redman,7xTKLpo7UCzXSnlH7fOIoM,2100000
Jayceeoh,1tCaVerFstPJotxmXX6lFL,82900
Koda,3WhvgoOwfFRjuHf7zgCptu,87200
VAAAL,69F2d9RXVEVXH6Dhy5G7ng,39400
Pronobozo,4e0ETTbxMHwq7DtH9LSHAJ,26000
Lunatic Calm,4Fh6eC8hJz13eXsboxXlcX,123000
Aphrodite,1SsdsVIIKLUe54OsHzm5uQ,112900
Adam Freeland,0enmKUTlccj9oxq06LWEIf,167200
Colombo,0h2BiRVGmUGsK7HtkC1vLl,85100
Plump DJs,1daC6WKGAm52YZbL5G7zYg,42600
A-Zone,6AXqqHZiIeX75DusLLsXBW,3000
Sovryn,5NN1QqeWzA61qZqrFmoZmo,1500
Upgrade (UK),1j95lMtVC9QwnVbifoVy60,113500
T.I,4OBJLual30L7gRl5UkeRcT,17900000
Audio Bullys,5kwHgbzNHq1iHkUSrAmjjQ,718200
Horseman,6072oVyIFCVwPcftVNWF1z,40500
DJ Hype,2MnM5JbezlOuVYlfx61Qc6,57400
Noel Gallagher,6IRQd80VHepXiTXdmBzk6l,110100
DJ Icey,6bqEoxxGlwtRXZsoAXJFzA,45400
South Central,3DKeopevkm42FLe7THXLJa,3800
Red Star Lion,3NjtqDsR58M2VfeBuf18SV,27
Tony Faline,6TZ44CuUBBvdqtyV0ew9fb,10600
Shirley Bassey,090VebphoycdEyH165iMqc,936600
Kleu,6Sc4Qn6vADfkumZcWtddxb,65200
Hervé,0lmpSjaPzC8ChqeFQ6Z3VS,25300
Serocee,6eccR9J1A0lXF0AFvj5JO9,2000
Gregory Isaacs,6QHu71f8LLeT8n0GzfbYFc,2100000
Stanton Warriors,7GeAzBsalYANXTi1ReOm1R,246200
Roni Size,5UjqeSp9dX6Nrge7WdDukr,204000
DJ Suv,2WEPSaezpdzxo457FIDRGM,256
Manfred Mann,5670CyWrIOA7702gNjsGMZ,1100000
Levit∆te,7rfzIs42bO9s242CZE1X3S,33300
Dj Pound,0NqpjctWIfQRkntp2G0GAa,497
The Upbeats,5fbq6W6HAncSYaFtlQi7fF,159400
Andy C,75HK7rgkmDMTnWwwmcN53N,773100
A.Skillz,46wLHy2VcNbNI83HfaUEkS,30300
Krafty Kuts,6Ebt7JHILWJCE7aR7JLFB2,253100
Surge,03ulabvwpO6laAcuIvBTCH,613
Lily Mckenzie,6LsSHppZVgx7eks7hAkTPN,60200
Freddy Fresh,2jW8DcJLujtIgktWhDcB4L,9100
Aquasky Vs Masterblaster,6ZDeqDNbQ47eMQCTgzhWmf,699
Rabbit In The Moon,6r9gUD6bIMsJ2yc2PhIg4E,321000
Seanie Tee,6QipmyTIXGbnHProEHIWP6,0
Chezidek,5HePAITZSCxQ0H9PEKZ5DH,507100
Skool Of Thought,765Uc7WYPBWIgGERo03GKR,114600
The Breakfastaz,1VoG7krHCftG4Z6ovXA5xc,2700
Kitten & The Hip,5mEvAS0EtNqnshWKrv1TI1,2100
Bill Borez,31MLrWchWeT6KcMaDmqof5,3100
MC Navigator,1Gdk4p6XSnyvbSuxWqlGJu,209
Baymont Bross,2lNL9hHrjvlrgBDZ6Rxfjd,9700
Dynamite MC,5RBFw1UkHw2NBsZFtheDEl,193200
Dr. Luke,3qk8IBcwEDBKBdExVhSLIb,0
T.K. Lawrence,1lFNIGpoE5jgeT5fzzySlh,0
Dan Bowskill,1IQ4gsLCTe1GqGeF0IFwEz,23
Krossbow,7HGFrkuWf8afHTzA4KYLMY,492
DJ Baby Anne,3oDEkSf8ZuhNHqoYpyNYZO,10500
Reprazent,17Ytfl1DntgvVdragJEqx8,154900
DJ Die,3kekxNoUNHgl8dXW3yjC8a,43600
Ganja White Night,1a6oIpEh4DGgaqgWg5xwd3,490700
T.Rabb,5y7JTGTYLrEVVs0GSygBWv,96
Born I,6VaCJv2KP3kU8uZiezGkgM,67900
Mighty High Coup,4Lfx9B8hWlcyR7mZPEIvlY,57
Fish,6bQfVk5fSJSp3JtGiQZGNI,101500
Suggs,4ybqvfut7DoHdBy2lRbTFC,54200
Ctrl-Z,25W7hEx3FrQJKpTywEOW9m,3000
Lo Fidelity Allstars,2YiWXa7E1raYyY0uQDLpgs,157000
Pigeonhed,7C5dkQXLoTE3OFE5qBTrBB,144600
Deekline & Wizard,3ifa7yoxcyrKXAIAZiZ0Om,2500
Walt Grizzly,3uT1DW89GUwDmQCjecs80B,525
Earl 16,0kcnCj06HoqRJz2Vk0P9ly,61300
Tim Deluxe,7mEVrXcsq3PjsKT3BXnhp0,1400000
Beat Assassins,3qwJ6J7LTcfLIfCVscj5iP,12100
Phibes,21VZgcYa29ZVvRQzmUNakx,248900
Neville Staple,4KK9LllIYWGjZ1vG1uRzAH,45900
SPL,3coA3ObogEZkUVnC7Ds0R5,3600
Big Hoodoo,1K7FqMxrVG9WafdRFsB2wx,20900
MRK1,2p7XBAoy6FY4PHRsfqp1Bb,1400
Snoop Dogg,7hJcb9fa4alzcOq3EaNPoG,32799999
Yo Speed,6QB8XoXvK4HDrrQQ2WD7qr,93700
Lady Leshurr,1Bk2KyFVMN5PeyVyDIiLqF,274300
Shade k,75O7jhenEIdhdbKatog6OE,43100
Stickybuds,0EdsvtaOf72jQy9LoQ8QqF,83600
Rubi Dan,5dmHdsoFfVNhCLinKRqquf,3300
Sasha,5EOaMywVXVrkbOaCEZPb1n,0
Tony Quattro,2UsUlCr8yNT7vpjw076zyt,12100
Natty Campbell,4gg8KtjHChDiquPvIyQPcp,27800
Stephen Hawking,2BMTQn7QVzqQe0ic0mYbE8,2900
MC Spyda,2b4CwhkY6rAscPhxXVxDJl,308200
Rhoda Dakar,28q3NuNiFoeWa1UVdbNzOH,8400
Sporty-O,1lrM5I7fLMJx0LVSgxgmpt,70100
Riya,5XPW5vMGMW4tA1Z3qosShb,119400
Layo & Bushwacka!,4XO18kRHLT6F5RhomZGrpc,302200
Ashley Slater,77ZyDi3WOcyp4Yxa9HFV62,54400
PEEKABOO,4Ok1Cm5YX5StCQZgH0r2xF,689900
deadmau5,2CIMQHirSU0MQqyYHq0eOx,5400000
Malente,41QVz3Am9zs9dPX4Aaxbct,34200
Bengal,02YADYfHT90KLmFFl0RHib,1300
Zac Toms,4NIatCnGgmP3CVi1kP07yk,0
Seasunz,0qKTPluKYvd9gAHCqKrrVD,3
Rennie Pilgrem,1VBK6k7rguirRwA4IlSxhN,5800
BLIM,67Ei1V9O7DVUo2hythih6U,368
MC Chickaboo,76HjMKdiJs8mUgDF4JYhMf,456
Cause,2Z6ArLTTcRikiPY0CQ4Gsp,1500
Affect,3RHXdUBy4UZ4wlQEDRkDWp,6
Demerris,7GgGbNw91LXpAXXUNm7LFe,0
Isle Natividad,2lJ9648zH7rhorwX74SohD,0
Prosper,46Vmd1YA5zUO017xsfAAIa,4400
Stabfinger,3neJn3rp5j5QGQqMxeK2Be,24500
Justin Robertson,0xaL1FrIjMQ2S4E6qmksMf,17700
Excision,5FKchcZpQOkqFvXBj1aCvb,1500000
Huda Hudia,4I1riHiGHL0NLBQAzAyEdp,19100
DJ30A,65vvuazV1f4jvSBedvK47v,11500
Rye Rye,0S05AeePINj4CeTVMfysIu,106100
Aries,3hOdow4ZPmrby7Q1wfPLEy,599800
Terrie Kynd,2R930UcYrGs1BIjwjYICij,15500
DJ Quest,7EGdcmTG3kroZNjgPYt6oI,1700
Odissi,4sFGBOJiidA0Mc88M2N9I6,86
Persia,0nUaTzh6tAqRRztLzecfqB,0
Krust,6WPeOlm3f3UGoO1l6OPOUO,46800
Zyme,5GpSReLqCd0tOfgq8Ngoez,8100
Aquasky,2aHkJhldtmgCChtx0oImJh,50600
Bukue One,7pl6TvHRlPyQvUTwUXp5K9,2700
Pimpernal Jones,6GtDX7hmWVc50Bju9ySg5L,1000
Dirtyphonics,4zymhxzJ0UJc74tMHGyoWs,286300
Scarlett Quinn,76gUhHYidD1iQF2TrvFULv,5100
Ruby Goe,2gYXdg9llcn74PRHTjWSuF,365
Protohype,7KG6QgP9Xb87ybAr9C24qw,41700
Init,73vnn0bXQ50XGpgevpabHN,1500
Kymberley Kennedy,0RtOAhQnMjmAHgc7pnUtUF,11300
Sol Sonic Force,18LkaDKKMewNydxrxjxbCS,0
Cheshire Cat,0lzLLKygpAhPx6q84CddCT,19000
Riddim Punks,3HMbUjLHJEKCbu8WnsUBM3,3300
Beadyman,136Fl54JXWTCABIwMkhUcH,0
Beardyman,6lITXT7V1VIC7nwlgh8ycO,15600
Dion Timmer,06VibSJEr3GLxLBBZhRums,585600
The Flaming Lips,16eRpMNXSQ15wuJoeqguaB,1300000
Zack The Lad,6Cf4uUkFsCjbqjcdXEWF6C,6400
Bentley Rhythm Ace,28EZh7WvdbWwfOrf5lkvCk,59900
Hyper,6DFJfhZxwWe1yKQvRDJmdl,370600
Iggy Pop,33EUXrFKGjpUSGacqEHhU4,4600000
Sleaford Mods,0otAqZw8htTsGHfqR491Yh,269400
Uberzone,6HG2HjU2Q6ePNE39V71s7G,2500
Bushwacka!,2jxnDUx7GaZEVZOsLa0EeL,372
Ragga Twins,41vebFiEyxaRwT7rNmRLpq,127700
Carl Faure,2EPVexgG6LKwQryTwIhW9a,2000
Bunna,2DCqMfiEpXVg3IKbvMj93g,1100
The Future Sound Of London,2qhmNI4ZHPpeDutdg473Z3,187300
Lionrock,7bbNDyqoHKXXk7GYxigXa1,25900
Tori Amos,1KsASRNugxU85T0u6zSg32,1100000
IMANU,5Y7rFm0tiJTVDzGLMzz0W1,508900
Zion I,3LLs28LJVlXAjWc8UDkcQZ,233500
Camo & Krooked,2N8IPNZTiNo3nj4mreOlHU,802900
16 Bit,3d4s7eLnN9yIBc9W96WwvB,23900
The Brainkiller,4dAcl122omQDnmWI64aBzW,10600
Jose Rodríguez (Spain),3Yei2lStrMARF5XuXhA90y,29600
Javo Scratch,25Shaqa5Dal5AsEiN3pfbx,1
Sergi Ales,6CcoYntsP9FMJArIeXZ0ab,0
Nick Thayer,2OebTWrIkx0bL4zoJzG7SK,28500
Emily Breeze,581WwGSO6sWHN0RLc9EBqr,927
Steppa Style,4sfyiyghqWqsJa7eEfU1XV,4500
Whiskey Pete,19ucuLiOXZnqCqhzvTOE5M,3100
Getsix,4IeW6F11KCYzci40UXdJm8,17400
CRT Weekend,01KY2VuEVkpeuZl5kpKZjz,104
NickBee,6vrzWwGJN0ImlkDQovAkjP,17300
OnDaMiKe,5Cl9OZmye7sAAxkt7Edu7v,24900
Drumattic Twins,0LkVmgiQTw5kMiqqV8PsO8,8900
Nibu,5Q2BumSQISsbQyPwQXTzNB,0
Gail Mclean,28gFLnI6FM37QYM0Iga1tQ,1300
Rae Ann,15Rvn3C0CyS9LI2lTmOzpg,4
Suga7,4Sc2CYRIMHvH0URIbmOIkV,23100
Top Cat,3QR3QV1qQuTpcy1DIqOw9j,163800
Fak Scratch,51DKXBpS785IgnmmdFLIRV,18200
Ganja Burn Fyah,4qZwuSdJsnRmBah9imydm7,6500
Meat Katie,7zSXpdg9kFK5XMakPPVQ4a,7400
Christian J,62ojzpDy5M02V5suf6T3CR,2400
Dylan Rhymes,7s4v9117W5tORs9ZaoWNkV,14400
Nancy Sinatra,3IZrrNonYELubLPJmqOci2,7200000
SirReal,5pmA5bnLAPCmEmnmdsGCIR,116
Tayo,7IRmt6JpcH9rlY5VNG8S6B,569
General Jah Mikey,6IcMYYP9fZwEeRwVjn7voA,2800
Wizard,69KAzJmWsCSfty4FuqDx8a,336
Master Blaster,0x6v7KDiu5YRgHIx7d2Qkm,794800
Freq Nasty,5gv9zZbaJKdjKWNVwcDP2N,36500
Phoebe One,3siZksfO51dutrhxNVC2bM,3900
RDX,65tjkJgS5j3fuIpGNmft5Q,0
Tenor Fly,37uswdRBtJ0qyXas292Uo0,11700
Ben Snow,1kzrBcRjcEC1rBI7mJzuLw,130500
Jappa,1YjOQxSsA8Le5egt7q7RaI,100600
RD,,
Fashawn,6sDyTDjzGxcvyhLn5x9RyY,97900
Vazteria X,1mUtaSY39JPpdRFG6jfgRZ,9000
Zona Breakbeat DJ's,5cIylW5EcnyAhb2Z1UPcSO,8500
Lady Shade,1OP4b8pPGVf0wMzPnd0Ukn,5100
Souleye,2gaCCgazdYDAl1nbo8JNV6,3400
E-Note,714ZdFoQsJ3gn16e05YpYr,105
Capital J,0RHBj9I3oP0DYh6OvW1aVG,149
Deibeat,7fXb0qrh4LMO1LKQjF7rCM,7
Under This,4nVDJRXffA0TFqkP18fSyv,9100
D.Butler,1UCqdq2jTXMSgwWjjLRkih,390
M. Yardley,2XlTm8RoTVr6byPNdEQeZs,378
System,4sJhYe2rdtS5ZiFxg2RaQY,2500
Obi,5OEoBq2dfYVSroK1k0vub6,1000
Real Elements,12R3HB26Xwc1YZFwGlMpP9,11
Serial Killaz,344eUtkVN3DoVFpNcyBzvv,200000
Cause & Affect,6rrfw2MwiwpIMnA8pWj1UQ,17000
Jay Robinson,1Jputnig8fuCuihen6n28Z,84400
Them&Us,3rwgQ1VIPNAFyvxWqnQTXD,19
Keith Thompson,4a2r3QeEDI2S3oMFhbhbI2,46700
Hollywood Holt,0VvXXDLfETyEkvsYmjXP54,1300
Sian Evans,2DTw633fgdoxrqv7uPdcCw,29100
Huxley,6fJvW51nWhRImJyos6O7sT,238600
KOKOKO!,4hkOCqpKuf6KFaQeTGfYNw,19600
Danny Byrd,7iczgrgAFILjQVGzLsUzbG,344500
The Beatnuts,5ynvmGwc83ZoRx2EIWHXLX,717200
Neon Steve,1CNO980Lk9CaBWBnM1MZXi,233000
Dorfex Bos,60lZ2sr01yS7uJQeq7zoPv,16700
Paul Hartnoll,2VhTV1oh2l76vhVoQHhOrU,63400
Hardknox,0gp7Lv5nB19va2665cNA5K,18
Fatboy Slim,4Y7tXHSEejGu1vQ9bwDdXW,7200000
Dubra,55qIVkMHGbCMwxZR0AtfR7,27500
West Coast Lo-Fi,3e0qwhs4ZJuQoo2WOcWO9X,273
Prof. Brian Cox,5USXWYiNSRHlS8ZXQgv4dH,0
Veronica Blacklace,5Ms4ErSJQPdBKOgYVvvntN,0
King Gordy,76KthZfR4KpuqpnUlMhY75,10300
Cutty Ranks,4qDGDPGMIJuIvPfUGe0Ngg,829100
Kareful,7y4breKexfBWgdyMgHMEHK,149200
Kytami,0LV73kKoy3jOem7j7HvzJt,1100
Darrison,58ZRLzk0lW889BWG8OtmGA,77600
Ondamike,5Cl9OZmye7sAAxkt7Edu7v,24900
Digital Base,2cALDYJDbaDYZnOS7RYI5K,1800
Andy Vibes,5Co6gfQNfRQm8UIJIQ6nEM,1800
Curtis B,66npWK8SamkqnFCoA0ToSO,260
Agent K,2aIEnInPJYo9ZZEg99Th3q,1100
Manudigital,1EPdzkPNE9fwx1qhN4mUrH,354300
Queen Omega,0NZQTozgPtlt5iN3hmANhy,699300
Gala Osborn,0URyVYhY9BDKnkPxdjjBWv,0
Deemas J,0qKFhDR0mhJrJRkgUosLTg,15400
Raf MC,3prwd66el4ybxDsMIDJQCg,0
Rob Le Pitch,49QpDq5lg1NimbJj8bU1IF,256
Tom Real,09BTN5xNEA8DwBTC5HMM6G,687
The Rogue Element,7jllAB8qfPFVGEgBes7uBZ,3500
Guau,3B09YsVwUYEmbxDAHqJhvs,39500
MKII,5f3LuTeqMEAwXLyyCHXlLq,2100
Elite Force,6ihTqrjBvMSgztCI4BTQCY,41100
Splitloop,3PnFSPb0exNZw3n4UsHsMC,1200
Omega Squad,02xOb4SlkSPMU58JsvdStc,350
Estela Amaya,1HnbGIb5KM1vzZHsLcNiHb,1200
Gala Orsborn,1FaespandZGfYan19TBzad,1
Mutantbreakz,6TjDrhAhdEJT2K6VmJeFXJ,5200
Dj Bross,5FlzQoRTpC5b1fgiXc0KIE,146
Pat Powell,62oZUI1z3YqPDOnERnhGyB,769
King Hydra,29IJ4NtYD3dU6dB5iN9Tz3,401
Jesswah,2XLe0Jo83xIwy4s6iaLTjN,523
Boys Noize,62k5LKMhymqlDNo2DWOvvv,3400000
Mightyfools,5XJWi5Ev0zwaRiXnN8Oo5O,38600
Wonder,2mEm4WivUWjC1uAaHbtFwK,1200
Lindstrøm,2vTtjIqZ7hW0W15t1ApKTB,139900
Prins Thomas,4rsEVNO1tGTY0beCnsnHi6,148600
Mr Fox,6dsydSz65RYIDR1Qg7aPxa,891
Roots Manuva,4sSSkVtrCTzENCgm2vokiY,427000
The Glimmers,0nuEpaqYFyVW97ypQsg96t,35600
Zeds Dead,67qogtRNI0GjUr8PlaG6Zh,1900000
Halogenix,24eQxPRLv3UMwEIo6mawVW,133000
Black Sun Empire,3PAXvY08KxX5HmCsmKw4x8,118700
Thug Shells,0WmmkxWbyIk6Khvl6Arm1P,1200
Machinedrum,06xa1OLBsMQJFXcl2tQkH4,226000
Left/Right,51CYFAd4sqtPffWlLpAVQ4,8700
Jacq,2yVoWezRFakj7DpUz2WtE4,2300
Tooltime,1AgfifzKee8DBd2zRnlqO4,262
Wahuu,4Eie4Coj6595cy0IxLEtiH,4
Afrika Bambaataa,7cg61q8kK8jlFi8TKKw70p,571300
Benny L,5l4uVbRaFx2kxzudLXO2H0,106100
Donnis,76ga603L6luDjwvGbR4A31,81
Rise At Night,5X42qWv2F0KBkvlWygmx9B,2800
Trolley Snatcha,6PQ20UDiY0QGXY4IRJJkTq,10900
Foreign Beggars,0sQ1wgSdRpoysgsa1VnI4G,140100
Blapps Posse,4ujfjA8RexRRCcQ58gDg4T,2700
Laura Streel,6hBT8z64E6R1LTGtzXRNvt,0
Demus,2MrII2T3uufJFbbLWtD6hG,1900
Cathy Burton,34ejTUpXgcgk63yNgmOspG,63800
Mint Royale,69NjLU6rit8q9XEjL50BOj,170900
JDS,3UnNWmqsxvHKssjtCzq9Ne,152
Shadow Child,0tMr0e1EQZ0Vci7EHz2bM9,337400
Nick The Lot,4rEgHenQTS1Q9svV9qIoYO,24600
Zen Lewis,5vg6louGQciGy7zlWIHxFJ,8600
Scattyone,3qtsn0PB8O1d5AmPAjHhLv,253
Baobinga,7jc9LBXV3jZOR9BTPFgSVb,1900
I.D.,72PeGXwR47YddVsJOCdWwM,721
DJ Mutiny,0Wh0YqSpNpx3xNr9EwPoO3,575
Shopliftas,1QTZ6pcPxuYO8Zd5Fzrnx8,491
ED209,4vZtBDEvaop5UoJA86RbGC,183
Ivory,4820AP0lvBGJjSK0PXgZgo,247800
Project 5,13SQW2Ps2l25U3qLg5PRwd,345
Fast Eddie,19slOlozrbxkEIMD8L3Qsv,391900
Pavan,3DsYnBCj82o1618kqGdGKp,33500
Kym,4903NBzUCboHoHrDI6KBJO,7
Too Many T's,0FgjAZMPItkvIiFPyC39Ea,11600
Lady Waks,0F1sGGOrJ0762Id0ES4KHj,21400
Cut La Roc,623oWPg7Cn3srlhF7kxy8v,15200
Firestar Soundsystem,72ogdpTltifWMmX4Wj3ec4,1700
Save The Rave,3dEr3LwgiTKJfuLfenUWc1,3500
Stone Lions,6IXOmdBEYp4vTlOHKK2n52,6500
Isaac Maya,57nfWuv6BoRlsy8xLOxlO8,38200
Ranking Joe,2VOFT3lVhcMPRoUo0vj0f7,42600
Le Castle Vania,2KrXlzpSX4wWvJ2555FWLv,687800
Eric Volta,1EGw75Ur0rSPaI2lvVih8f,4300
Basti Grub,3VAVMUyDwL7FlkivpaMeRh,26100
Rell Rock,7C55ODE3QMcBdgc7RtkBgq,47
Break The Box,4VO8x8Tb57JGz5fpzVlz3i,212
Ira,60hdZbvou1VepH30v962IL,1600
DJ Fresh,6r20qOqY7qDWI0PPTxVMlC,1900000
Kathika,2iXvBfF3i34kv53y4IJ8gz,13500
Tippa Irie,0LOA5HEzl7oNKhPeHXpeQk,124600
Adele,4dpARuHxo51G3z768sgnrY,57000000
Paloma Faith,4fwuXg6XQHfdlOdmw36OHa,8100000
Tom Rosenthal,1AgxgADPuRIW1wyaA4OKcB,3900000
Amy Winehouse,6Q192DXotxtaysaqNPy5yR,21400000
The Beatles,3WrFJ7ztbogyGnTHbHJFl2,38100000
Seal,5GtMEZEeFFsuHY8ad4kOxv,8199999
YUNGBLUD,6Ad91Jof8Niiw0lGLLi3NW,8900000
Machine Gun Kelly,05m0YksOWOcA4yJ32hqNui,0
Paolo Nutini,7x5rK9BClDQ8wmCkYAGsQp,5000000
The Rolling Stones,22bE4uQ6baNwSHPVcDxLCe,29900000
London Symphony Orchestra,5yxyJsFanEAuwSM5kOuZKc,7400000
Sir Malcolm Sargent,4FVncYpcoiyS5lY2ElwtK8,44900
Academy of St. Martin in the Fields,77CaCn32H4mOMQA7UElzfF,2100000
Sir Neville Marriner,6NUhQz7eAEsZvjEHTKHux9,2200000
Alok,0NGAZxHanS9e0iNHpR8f2W,26400000
Halsey,26VFTg2z8YR0cCuwLzESi2,54600000
Travis Barker,4exLIFE8sISLr28sqG1qNX,5200000
Leona Lewis,5lKZWd6HiSCLfnDGrq9RAm,11000000
Yusuf / Cat Stevens,08F3Y3SctIlsOEmKd6dnH8,9000000
Jessie Ware,5Mq7iqCWBzofK39FBqblNc,1800000
Celeste,38HQUXPU9vnrA8TbkUtTIQ,469
Richard Harvey,3J8wY38gX35pp2soOa4vje,40300
Gavin Greenaway,3TaTCYiv3QcamWjvRCcz6Q,3200000
The Lyndhurst Orchestra,6djeIA7Gl9v9gvnpRc1eIF,1800000
Michael Kiwanuka,0bzfPKdbXL5ezYW2z3UGQj,4900000
Lorne Balfe,6dU7gPN2BhEPfO5QHLt7es,1300000
Tom Jones,1T0wRBO0CK0vK8ouUMqEl5,5500000
Simply Red,1fa0cOhromAZdq2xRA4vv8,9500000
Corinne Bailey Rae,29WzbAQtDnBJF09es0uddn,7700000
Philharmonia Orchestra,09KZU0NsS7jRa5p0SflmGY,5200000
Charles Dutoit,0Ku5VBNL7cfGXRhp2BxXEQ,699300
Duffy,37NqXwtb6nIEqRt4EJSoIO,3000000
Dusty Springfield,5zaXYwewAXedKNCff45U5l,6200000
Mark Morrison,6V3F8MZrOKdT9fU686ybE9,8700000
Noisettes,6oX4tx055oEFYM3ahDTyOD,829300
Charlotte Lawrence,7LImGq5KnzQobZciDJpeJb,1600000
Craig David,2JyWXPbkqI5ZJa3gwqVa0c,5700000
Ben Howard,5schNIzWdI9gJ1QRK8SBnc,3400000
DragonForce,2pH3wEn4eYlMMIIQyKPbVR,1800000
Lianne La Havas,2RP4pPHTXlQpDnO9LvR7Yt,1300000
Gabrielle,7rftfGIYEeZ79sLb58ZBDi,2100000
The English Concert,2Oz3z7PPQUMU2KNYgcO1sA,511700
Trevor Pinnock,25mbgceDJKxXGP8c5FmC83,480400
Joss Stone,7bvcQXJHkFiN1ppIN3q4fi,1100000
Edward Elgar,430byzy0c5bPn5opiu0SRd,1500000
Arioso Quartett Wien,,
Carl Davis,6CcHGSgeYoXO72rMwBeZ2V,247000
Stateless,6msJKphD3VXZPItnztefdH,164300
Nicholas Hooper,6S9bLkEZSVIcY18RNcNG50,902100
John Powell,3EAHF3jdnHHdko5DBrhRUP,2800000
Sade,47zz7sob9NUcODy0BTDvKx,26700000
David Arnold,0mCdmt2O8dd8jJWv7m24EE,824100
Michael Price,6Ie1HZJ0vFXxxogMhPnZcg,113900
Samm Henshaw,1Q2mS59tFYLm2KGFoCgWN4,835700
Natalie Holt,04ZLnodB6WbVvYg2LECqpQ,740000
David Buckley,4XPIcwAIeDGi8lNDSbnGaT,116300
Billie Marten,02YLJJnWC7YQVixkjEBRn7,1200000
Blanco White,3ccVtqcqedranb7y8eywJ5,1800000
Foy Vance,4bUqnkrDrb4f7rqmDR9yDu,1100000
Nick Drake,5c3GLXai8YOMid29ZEuR9y,2000000
Gustav Holst,5B7uXBeLc2TkR5Jk23qKIZ,820900
Sheku Kanneh-Mason,6OTr0YwLwGdv7mlmX27hRX,1500000
Isata Kanneh-Mason,7FEzSfCBSOo0wAmdk9pQ6M,1300000
The Maccabees,0vW8z9pZMGCcRtGPGtyqiB,426800
Bastille,7EQ0qTo7fWT7DPxmxtSYEc,22200000
Vigiland,3tLYpanVDomWAZqF82NPds,1100000
Rupert Gregson-Williams,2vuXYcTqreOLLnlKtMV5UG,997300
The Kinks,1SQRv42e4PjEYfPhS0Tk9E,7800000
Fenne Lily,7iPH2BRBF9wKa6ljxvdext,262900
Alexi Murdoch,25mrbNwFzoqPWyYXLhiDRw,709500
Charlie Cunningham,78CiW0UJbHspFaVuVexOK6,1300000
James Hunter,4WM7072AVxYse8jthvfKAY,161700
Sarah Jane Morris,7g6rQ236kj9vrXWdGyiC8o,164500
Papik,5Wh262aq2cDPRXCljNooc4,392200
Micky More & Andy Tee,4J8KATDlTQSmBzS6T78QPN,109600
Luke Sital-Singh,3Lw97gGh8bp1MftsYmwJHG,497000
Henry Jackman,5SEW04tNMMrOz7UFQJA6vz,1500000
Soul II Soul,2sIx6SmAMw9IBySG3Uj0jf,2000000
Caron Wheeler,2RhMHmV21ZDcSGZ872U4ZY,62300
John Rutter,0qlhpgr87PEG89Jd5iRpxe,546800
Bryn Terfel,6ILd69yy67k6OU7cwpGNSl,220200
Côrdydd,7uvZYfDEvFYW4Usjm9c6zA,655
Sioned James,3yoWnni9X0byMXXbmcDYpt,68
Welsh National Opera Orchestra,5CPW0GIpb1RyTpxuheUfXD,72500
Tecwyn Evans,14ULp0JgFmBpXbGalHp8Qs,476
Marianne Faithfull,7mlge4peaoNgzTsY6M32RB,456300
Perrysburg High School Select Strings,0qDwKftEBv9sW0xp2lJgHH,94
Michael Smith,6g4sy8kRFQM7sjCTkPwCq9,1300
Steven Price,3sw7CBftCnflJN8HQiUNmK,494800
Daniel Pemberton,7LbEDjJKrmWoMcN3OpaNnR,1800000
Peppa Pig,2gJLanGIV9JqQuKBCWy9ZG,611000
Harry Gregson-Williams,1BxqJ6pOCi8mkSjCbFYjpW,1400000
Matthew Margeson,0XoDro3xyUJ9BEf5FlSECi,87100
Gerald Barry,0XNWRssBrVTh7ebcyslkya,327
Mark Stone,6zO6MrCNItxGPWlBOSg4Zp,879
Britten Sinfonia,3P1VtkpIYbw6YoTo0KYlxy,70600
Thomas Adès,4F7KfJQw9lIXvFydi4TOyi,65600
The Zombies,2jgPkn6LuUazBoBk6vvjh5,5200000
Laura Marling,7B2edU3Q7btJoNsoHCNohM,780300
Joshua Bloom,0mwnT8gxKQbxcc6qbKjnNX,83
Marsha Ambrosius,46VWDbmWmzvPBTmkSr25gM,306100
Anthony Hamilton,2DzRMyWgjuMbYvt5BLbpCo,1300000
Jennifer France,5eHrjMnSEtGZzCxw2wE0UN,109
Lawrence Power,4MlfMCKllq43NWveq51eg3,2500
Matilda Mann,76oY04bOzECod3aGVTDtzu,701100
Cuba Cuba,6tIqzhdC2Xo1MRrmqDxMg8,115700
Nick Mulvey,3x8FbPjh2Qz55XMdE2Yalj,1200000
Mumm-ra,2cUnvdrMWIMACo3fSxCrWW,111700
Assassin's Creed,5ct8AlcDgWMp4O25vbcjpC,2100000
Galantis,4sTQVOfp9vEMCemLw50sbu,15100000
Harriet Slater,5zIyqpmSkZLOJ3XfRjByQQ,0
Roo Panes,0XHM5ZNJDU8e4CfbWMeSzC,601600
Benjamin Britten,7MJ1pB5d6Vjmzep2zQlorn,225900
"Choir of King's College, Cambridge",0f3PsS9IQ6whvNMFFKnpjl,820900
Rachel Masters,5jIRsTESmwPsc5WWhIKTA0,2200
Stephen Cleobury,0ugRf6ECGBFRCHlv9iG1No,729800
Steven Isserlis,3lqUltCfNNgeU38vDVBbI1,282100
Jon Boden,3BApgOPiuES6zVJ78mKNGo,110500
Sam Sweeney,4FcklCWRwv63IgbRfLoQA3,108800
Ben Coleman,7KLY8vNoqCLDmpC9STHomw,104400
Vicky Arlidge,1t8gwZFUoJEM9nhSJxT7ks,1200000
Gerry & The Pacemakers,3UmBeGyNwr4iDWi1vTxWi8,1000000
The Hollies,6waa8mKu91GjzD4NlONlNJ,10000000
John Lunn,5Zly5j72BTO6psXGz12qSt,241300
The Comet Is Coming,0Z5FMozvx15nUSUA6a9kkU,88700
Kae Tempest,1YcprGtF13BYCZQK9jYPEw,161300
WILDES,0ypTT9UqAU5sZpPo5JZmjR,67700
Antony Genn,0havfeAeChSqpSggNGyysW,302700
Martin Slattery,6t3PJIhjCRRJ1SH1O3zbLp,166800
Beverley Knight,30AzZL0valZQ62OIQiFWvk,366600
Patrick Doyle,1W42coQfIlt6btgqpfJWYQ,1000000
Mogwai,34UhPkLbtFKRq3nmfFgejG,391200
Kokoroko,3u9rbdcmA6CxjxOAkjaeFr,851500
Donovan,1cW4V15Rnwmn0ObkmWTEUn,213
George Fenton,0NdNx5JwLDvas2LsMVTSyQ,187100
Vashti Bunyan,4chuPfKtATDZvbRLExsTp2,426700
Nobuko Imai,0Qxzv9GHPIPMCVesNuMRgA,20000
Roland Pöntinen,3oob8cWQ5FMlfVZRwSSVES,91000
George Ogilvie,56NSAhpJRoeaGi5uyUdYlI,139100
Muni Long,7tjVFCxJdwT4NdrTmjyjQ6,6600000
Rachel Portman,1joFZGTRER78nUsWtgHCHR,480400
Tara Lily,1bt3qLrv0clLAZStcQf4zy,92400
Sting,0Ty63ceoRnnJKVEYP0VQpk,14100000
Stephen Barton,4Do9oNUGTHFkYbrTvOBfCk,115100
Lisa Stansfield,2jS7I1u7BpgWT9ssG62Zr1,1300000
Alex Hepburn,1rQ2ssALv6BirzJJxwETXO,382500
Lonely The Brave,7Ks1xbMXEQjy9aQObTJdId,44400
Billy Fury,7rtLZcKWGV4eaZsBwSKimf,88300
Johnny Kidd & The Pirates,52y1cRHUkI0kQqIXCg6JuZ,284000
Gerald Finzi,4CDMSd6tmH66svpunz3aWP,68500
Klein High School Chamber Orchestra,1zzKIEQwODLSl8OSFabWYt,59
Creston Herron,5Yx1YYADaTTLgtKnBDTjHe,50
Dan Reynolds,3k3gbUT7bF0jYmFmAKBQtU,36100
Alex Heffes,35eFG2HfFuoxcJYZwt80ZA,62700
Anoushka Shankar,6MTByljF8u5omBltY2VKPU,549100
Sam Palladio,6zO84xQ3YiDtFTfKb2Tg5M,66400
John Smith,5akjqd254p6LcUso6YDP53,23
North Texas Wind Symphony,1MU0DtoPi3KRw38z1NnV5E,46900
Eugene Migliaro Corporon,4312Dbo3NDq73YqKepzIyo,49200
Brooke Bentham,6c1CljS2C5YB6k7INEUs0A,42800
Ilan Eshkeri,147dKKwnUn9qesNx8uAs3Z,445900
Ewan J Phillips,5nuipt5MF5Np09BWob9N6N,39300
Marley Chapman,5iMwtfRXe21mr0bJeTj9Bl,12
Lyla Foy,3cwKDuj7rWyhvCM4lMTDps,26300
DON BROCO,1aOt6LvXOV6I8dv1A5Diia,579500
Craig Armstrong,526q7RxT5KA1VGeQ5GMSHO,663100
Ralph McTell,6uQnHzEj8hj0UZCKjBvTaG,324600
The Seekers,7dedWAqd0IKTdCiqiadUrV,490900
Peter Sarstedt,3ExGDjEKejMhyciAgxPe0B,232300
Show Of Hands,7GiiIIjUWGocnUGoOISAUN,17700
Manfred Mann's Earth Band,2utNxkLhreF1oIfO8kQT3q,1500000
The Disco Boys,0suokA0Exjok9HBfB0Oc3X,838800
Dominic Lewis,3L0d5AOt1pZZ2HxjJ15p2U,253400
Thomas & Friends,6jGPmpMdDk6KzyNeXvD1xs,462100
MK,,
Gary Lightbody,3fCQnw6VSudXBTN5d2QP2z,707800
Johnny McDaid,456xttLRgJDyFjCYyDpDoU,16100
Milburn,1KlihEB7FggW8e9cMbPXAz,33700
Richard Hawley,1ZsnHGOLYFg8CAHQQBc1ut,385700
Tom Misch,1uiEZYehlNivdK3iQyAbye,3700000
Penny Jayne Black,14rKU2ptte2eXuSXF7nc6p,1200
Sam Brown,3gvT4Mc7kn54IUy08Y0Tr5,321200
Pete Brown,67OKa82otrQqKDsfTDfSYA,285700
Finley Quaye,1pf3joSSGlPRxmUoWSsh1W,382700
The Shadows,03hfAxVdAWj7kxDnSG0fLD,485500
Hell Is For Heroes,1vrwXqSGdLsWtvIev4H0WH,15100
Amy Dickson,3jCy6dMGBsf8Bt8fKD11Ty,97400
Aurora Orchestra,0nrZ1B05azLrMkhTOFaoGJ,463600
Nicholas Collon,23qJKSvfqtc9c3VFwdEV4a,201400
Sandie Shaw,5uxkcHbgyNbyzq1nyChvCa,206600
The Walker Brothers,49WlsIvcUYj7Awo93hDKgf,220200
The Fortunes,4GpIeE34rBNFppvYsWle9c,238500
Mike Brainchild,5Mg9Dxp3NrBwJ8tJT2uzge,2000
High Contrast,0bxHci3JIhhKA53n8rH3tT,1200000
Maybeshewill,33qUIIydEBgWpe58IA0o61,5600
Peter And Gordon,6lHC2EQMEMZiEmSfFloarn,295200
Monty Python,5IxfhXIHjAOAqibxl90NZO,384400
The Troggs,57xdnSVt4ahJCIXYLieQ25,891400
Mica Paris,7ooehj86xYi05XJoVNxJGO,78300
Seth Lakeman,1RwWmRFTkxTaJcEbgqid3Z,27800
Rumer,0Mk6GS1Xr5tqlQyPNkMZzx,175500
Lana Del Rey,00FQb4jTyendYWaN8pK0wa,63600000
Luke Marzec,5X0GAEimapMzpG5Q7Sibmh,81800
Greg Holden,7Bcr2Bs6phLymt6kdqNNez,123900
Ed Sheeran,6eUKZXaKkcviH0Ku9w2n3V,82400000
The Shires,48hCuDf2HUMGTgMhqLfic3,162700
Shaun Escoffery,4QQV60vtp1G3XReD6dWgNz,110400
William Walton,6RsX7qYw5KVKiOjS8BxjL5,405800
The Cambridge Singers,0daVGEYMVnQZ3NZIpIuFWn,160500
Amy Wadge,0Zh5nyS0km753bfcX4QGHp,26900
Skunk Anansie,5HlXA01kcjssYDT7EoqUJF,1200000
Rudy Vallee and His Connecticut Yankees,0rEBOEWe1XZ9M1tKAOjvbj,33200
Sir Adrian Boult,3YjLvhwK5zw7N5S5oX0DVl,233300
The White Flames,5zRIFTHDQwGWKZ7z61fFKb,521400
Lower Than Atlantis,1kF0gYnHLUJvFuPdoowO02,95800
Ian Devaney,6Ufm4BHf4ZdolpvcvYgH2S,780500
Andy Morris,0A1FSG9WZ2dQ5JSkQYJHIp,771600
Katee Kross,0yefcJjUpwm2BOKPVCZpWZ,1600
Alice Russell,1ga4lWS7NtKo4r9jNSWumc,302100
Jon Thor Birgisson,22ayr50bQdbc22zdAQnzLp,372000
Gerard Butler,7H25O93TTUoaZ0ZaFk318U,1400000
Craig Ferguson,2PR2ENQmCqZieMHOA0XwCE,238700
Mary Jane Wells,6ROxoxnCSQMA6WBNLtaGB1,206200
Izzy Bizu,6b5YOgXIliAozdo49vUCJQ,2900000
Chloe Noone,7Acd6yZCBZ4zI8SoX6YJ6N,30200
Toddler Fun Learning,6J7tunc4bHIFmzTevQ2J6Q,1700000
Bess Atwell,6Pim5E5Lm03COsjHj2aEiK,160200
Howard Blake,3Hf08nPu2dPY3sdngyHQei,57600
Vladimir Ashkenazy,20iZXzMb8LoWXOeca32i82,534300
Maurizio Malagnini,3Pd9Qi1vT9nlF8Ih54po62,51500
Peter Salem,5CfQg3oN4eTNNkzaLP9CHv,31400
The James Hunter Six,0Fn28eidAZsxHQhTzY3gKp,294900
Them,5BaHqGtf6UAZnHfqdPaTDA,604100
Van Morrison,44NX2ffIYHr6D4n7RaZF7A,12300000
Dave Edmunds,65Gh3BfK84aTIugiRCgLBA,276300
Alestorm,3OpqU68JpZlzvjAJj3B2Da,684900
Jarvis Cocker,13W7XLRXdWeLmIu9vacE1w,183300
Emma Stevens,4ULAjXdgOJfwASBSBJFTUW,58400
William Orbit,2AHGrNDMKFi8rHqQ8kJqfl,695000
Dionne Bromfield,4iXrcntPCevDmneGb6mEJK,75700
Bert Jansch,1FqG6mhiJbhbMg43ohCT6D,105400
Floetry,0un6YenPxWZ2VW4aFGMupM,833800
InMe,6EXjdbEiqhPzodtf7MtVos,23000
Heather Small,3tnTlR2MCaYNQqV3v1908x,110400
Dirty Disco,4iIPdsMxweFk4hLNVEBIyw,1800
Matt Consola,5VsHSlV9cgYh1LuNMaHKGX,8900
Division 4,0oZERRNRherAtNAoO261hW,6600
FASCINATING AIDA,1cmQg4CJAmMgUgRZuBHoOA,6400
Art Brut,1gxXzfykdtDuod56hPkYyr,24500
John Martyn,3JulrApLVT81sb2HkfwMks,617900
The xx,3iOvXCl6edW5Um0fXEBRXy,5600000
Eivør,2dB4ya2W1Gvng8gjWSPu2H,433000
Hans Zimmer,0YC192cP3KPCRWx8zr8MfZ,12700000
Megan McKenna,0aAQxfnyKfbTRfkUfxSCIu,80200
Anna Clyne,4d2fe6u4HBGX4ZbBbEmM3j,25400
Inbal Segev,67cc5bwnsHBViTmOk3GjRj,33800
London Philharmonic Orchestra,3PfJE6ebCbCHeuqO4BfNeA,3000000
Marin Alsop,0lluGWFB8hZ6HFktcH6kkr,184600
Simon Webbe,3P6nMEGXn0hzBlMndKfLQH,244600
David Grant,6nxKcnBm27DcV7ZbSdJW2W,45500
Jaki Graham,4i50i5M5whfhk1zFEfo36O,104400
Soli Deo Gloria,5OAyC7R7C7RlRi4OYuhQDA,14200
John Tavener,45ff9QmiC1LkmDPk5TBN21,80400
Voces8,32nW8kGbs65y8CSlIvREuc,483700
The Unthanks,1luY92PbdGWRyBRY1ZR7o1,31300
Electrelane,7ulIMfVKiXh8ecEpAVHIAY,158800
Richard Thompson,5w75MoT8FfcGOMgjgrj1cz,232200
my little airport,3yfDRplDZh03Y0fEeCd6B0,82000
Eason Chan,2QcZxAgcs2I1q7CtCkl6MI,2200000
MC 張天賦,5tRk0bqMQubKAVowp35XtC,541800
Karen Mok,6jlz5QSUqbKE4vnzo2qfP1,1200000
Kay Tse,6XtWdWAC7rNqXwbs8hGqP9,448300
Ekin Cheng,2DNe29u3NiB7u8k8RS5IuD,300200
Faye Wong,3df3XLKuqTQ6iOSmi0K3Wp,1300000
Leo Ku,4F0XzHNcfvvA2I0rGqIwAQ,602200
Beyond,4F5TrtYYxsVM1PhbtISE5m,1000000
Kelly Chen,7KyaSSJ8uTv7Unev4z2Qc7,552400
William So,2oK5cSlJAH5s2Kx5e1zcvh,328700
Jordan Chan,4EefQ1H6Qg9W5Gv7eVLC9U,747200
Andy Hui,1q8BvOdpOtapWOIgO26sOn,494300
Wilfred Lau,6Vfc2kpU520XHaSRDRdNCG,258899
Leslie Cheung,2g0QLUYku8AuPVK2udRV7i,537200
Leon Lai,0ubIxkefJsoYY8JXc2HJoa,315600
許慧欣,6DWn9cu2UVLQ61pjyBHjuL,251900
Juno Mak,6YlGm6QDrC3TOknYcHjt62,257300
Dear Jane,6V1SwiosQqf5XvmoTMCGa9,718400
Khalil Fong,1YrtUPrWcPfgdl9BaD9nhd,1500000
Candy Lo,51ZbCFgOspWvhBjd1DUYEV,375200
Leehom Wang,2F5W6Rsxwzg0plQ0w8dSyt,1300000
Shirley Kwan,14hV8HTKYMZ5nzeaLdLp63,220700
Jason Chan,1IDuSpntFl2Mutofvrrutc,361700
Miriam Yeung,1rxk3vAYWeiBD2Q6FCezcl,458200
Yoyo Sham,2OrCYFzQYE1TmevdYARnU1,266200
Edmond Leung,1THfyLd3iyJYJ6X2U36K0y,248700
AGA,1opXC6lrFxsiDks53X5d3Q,331300
Phil Lam,2pYLo2RugZpdhYRub5nKcV,199600
Shiga Lin,5Uw3hCC51pNjdsD2MOs72K,334200
Denise Ho,4yN0M1P08hXwuDi81G6O5U,161300
李龍基,5AVcu51kbrXYSHyZPGSrDV,9300
Roman Tam,7Kb6okLNmQmENkjdGA2HgO,144800
HANA,1lKW93iBeqExdC98dq8AkU,3400
Vivian Chow,4bzVQLX2gMBQVMINdAGElJ,273100
Byejack,0yknwn0XnsbFLagS80AA0n,64800
Slizznico,1f4DlxMF8s5JcELJ8vBImy,4800
Hins Cheung,2MVfNjocvNrE03cQuxpsWK,886500
Ivana Wong,27WDr8Ky1j0LtgY82Ttk5S,138100
Terence Lam,3tvtGR8HzMHDbkLeZrFiBI,304300
Vivian Lai,1c18L1dF6HDTrAqYt4qMlI,206400
Kary Ng,3B9ZmIcte26paTCaI1PFKE,355100
Mavis Hee,0TtVGvZ6bN7aQTTAixMFYU,408800
JC 陳詠桐,757epCpvbpqyBoMMzbIC3g,427600
Priscilla Chan,5SLOTZhruJRRGgIRtTSPc5,429000
Jacky Cheung,1Hu58yHg2CXNfDhlPd7Tdd,1100000
Fiona Sit,0tqxh7MvZ301BVW4e0p3Sa,348800
Serrini,0u3m5Sy2zsq4Gk0aduH9s7,99500
Sita Chan,42FjIZQ8ICjxyXedscgA2n,179100
Hacken Lee,3PV11RNUoGfX9tMN2wVljB,580100
George Lam,7rxRHujzUzobMEbtoE297s,394600
彭家麗,6LG9LEOSN2G0moyhpUtR3D,92100
Christopher Wong,37LcCVDUnT7m9hKwC32fkz,264500
新青年理髮廳,41r9gkPKkgcWFHnPuFbAtP,6000
Anthony Wong,16J0pDSrYEctKiVYogq2aI,92400
Cass Phang,0RkQt8LMVrxCjQb9BxpBfF,318900
Kaho Hung,3wYcmejLVtOoHIq9szUugh,295900
Andy Lau,2n3uDrupL8UtFSeZhY38MS,704400
林姍姍,2bgJqyxN97sNfRqoPhsdQI,73800
David Ling Jr,5ElXLkDzZPQA9fBzBjA9TJ,332400
Mr.,1RfxIHJM0JyWBbvQPUFVpU,5700
Edan 呂爵安,5jewGMrZtMNJk5OsZ61Cpo,172500
Keeva Mak,7nqFxQyTig69xBWTpo2Zt6,59900
Joey Yung,2zzKlxMsKTPMsZacZCPRNA,830600
C AllStar,0ip5ivJzpy0v4DWVVKxc4D,251800
陳美玲,5hPhJCuIDkag6N59vF5kJQ,16900
Johnny Ip,01u5ks2wdVT68l1dIBSoEG,57600
Sandy Lam,3K2hOAx9MPhduvDf2qguro,941200
Trickie Bonnie,1nfAcziGyKgEOo0pIw4pVy,17400
Daniel Chan,5QpiOYuxf2oqst8hILxnHM,260000
Jay Fung,4EXI1ieJe2VDbvNsKOaNQL,284400
Aaron Kwok,3lbgPpyP2yep0sqwWTgasT,335200
Frankie,1It4rfTtV6qwdDMeYip7fQ,39100
Twins,7jXoGtR69J2iYCefc58MZX,287800
Dicky Cheung,05U40G1dajZMe9KdTG8LTo,164600
Danny Chan,0Q43SYcicELiBaGB9N9aBI,378700
Jinny Ng,03OP7wr6EAMFBmDiaRsdbf,103600
Shawn Yue,3vCYwrUIHugvgZEPQoZ0Yl,102200
陳健安,5g1lCXhXTqGf2QNpyQXh9S,254300
eason and the duo band,729dP9xMzcc7pmcBmPtZWC,80700
高慧君,4m4Sfpmql8ARd1fMQtaYD9,158800
Prudence Liew,7CgMLbkDNX2GegKzzekbXr,36600
陳卓賢 Ian,1qW9Pi35NXnu7Q8KWyVYe6,220300
Kenny Bee,1SnFcgaLa1l0bV8ZOEL3Cg,212000
Sammi Cheng,3XCnp5UV5wnNw49Xuka9qH,663600
林京燁,7JGQvjA364GJf4qCsNihDS,12400
李炳文,56VrzOhMZnCPnGq1Ry3poJ,5900
Janice Vidal,68gYAqni9tSrACmLCp4qoM,417600
Deanie Ip,4fgSPILePGaLs90nNtal3X,111200
Elisa Chan,1seMMpBYb40PbKp1ssgX50,75200
散芬芳合唱團,7kvUiVcp46yrSakNVLGhjd,19400
Regine Velasquez,3wNylAjJX1PiCpMKx8Lrfp,1400000
Wu Bai,5H8TJITZE1sPjVR2ACzXNS,729400
Adam Cheng,4f25nycVenTs04Y7lYuS8U,97300
Tat Ming Pair,2cvtzIo0OSIAkyr7LisIT6,55600
Ronald Cheng,66FF9LF0uO3W1zxEN0m8uN,596700
Justin Lo,3lva01D3HtmlEKjuxAZ7bC,458600
Alan Tam,5vWJrDpmd5vrDpdmgxqC5u,453700
Anita Mui,06RD8CxzApXzuhHx54BhQL,417200
Swing,3uZBQTgmsSZi75OTQJzYKu,124
Kevin Cheng,5K2v5ZEU0Uex5XTHmPvUku,15500
Myolie Wu,4koknpiiJ6EksB0jiwWTyy,21300
Fred Cheng,6eUofOqC7jS5aPeTa1a71y,20900
Kaiel Chen,50fsNAdjsK7giQCXcps7Kc,31200
Zhang Yong Fu and Eric Chen,2yQMb6bYzM2B9TSJteRy8R,3200
Stephanie Cheng,6qAoh45c4dsSqxNhp845SQ,197500
2R,,
Grasshopper,5IxPdROZmnCyD6TBuSJMYE,396400
Pakho Chau,38t0Qk7AJg7YdrXmOC6TH1,349300
Gin Lee,0UtXMxHMXhwQUI6G6TFDt1,233400
Jace Chan,0hyjBuodkcjU1BJuqr5ja9,382
陳潔玲,0D6IxXCJJ8zJouzYihiIJm,9800
Hubert Wu,0OZ5IlVdYIK1Et3nW6aTO5,104400
Jenny Tseng,6U7CvLXWSS3t3a9iwY52oA,218100
Sam Hui,1SglpJrPltamdJLLwInIL7,252400
Vincent Wong,2zvpm9x2IQdzpTIPcxsBVO,47500
Michael Kwan,6t12u8eGw0eN6AcMtUMkoG,82300
Tracy Huang,2P0OwKbtNXwKNEVLh4enPA,255800
Endy Chow,5r0xeBSRKRJ5Dm63XzTZhE,202100
dy,,
Deep Ng,0Owr9iQqSfXrzvaED51Ymz,78000
Keung To,0DwdA5ZgTJcIQ2uIhc110D,111300
陳秀雯,5LzqBSJzktpkA61aOWgFLL,6100
Sally Yeh,7Bx0SBZoIX73eywmBcdqFb,474500
Unknown,5Z9yVAezK12fniX07rBRZu,6300
潘安邦,1mPE89PKHVtkco8Oib2zG6,39500
麗莎,,
郭炳堅,6162l4gCDSm1MHqPlUpRIS,755
Terence Siufay,3AemIC066y8n3TetXWkVoE,213900
姚蘇蓉,5GuBMWlDG2nWafBiFSiALO,12900
Kelvin Kwan,7fYTOkMd8M1Xwcl1fB4tjs,130600
The Hertz,7fzX9P6uA9rnaPvp4QRD1b,42200
梁釗峰,28ZDaobarpiyxFtfg11sS8,26000
陳秋霞,6lN1aq3WnZFdjrDKkjaB1Y,26600
張偉文,7dFVb0vaWExAz6ymS5vQbA,15800
Chilam,3XDNaJG2TakPZ48n2GJ0NN,239800
Eddie Ng,12GFBpnfa3aiEexhA0TRnE,30100
Alfred Hui,0GCtLaB5rBjoUpQdXogZzj,178600
Rico Fung and David at Studio A,1uPKnqZhLIX1ObzhoP030t,175700
Tom Brown,06nao9oaYwbH8l8BSKSDY7,237500
Paula Tsui,4285Dv04KV2gVNx8hCG1Aw,110100
Kayee Tam,7xinmBXv4DpvMvitZt2maL,63800
Beta Soul,2xqIFuMdUx1aCK1cHGJjp2,154600
Eman Lam,3SJsybXfmMSrXcwpK56YuU,20400
張德蘭,5aPGAChoe34CdQqwDeRKrk,52500
Raymond Lam,4KCnzC71azFAYCKmD1bJOK,334000
盧業瑂,19cJQqo2341qpdXoinzxwF,6100
Stephy Tang,4ujntV2BGRi7X4UbCmTFX0,289800
蔡楓華,3qfeunMSPsLVGRiyd7ubos,5300
Agnes Chiang,7Jaykq0YEFYlVJkKzGw2Ar,11400
Samantha Lam,4cEHIJl4cfX9V2TUjmiJnc,67000
ToNick,3oONGjPFxkb1rqTtFx8fl2,90500
Alex To,4Do8LbyzJkI0t6c4H4DNrP,207200
Vivian Koo,0TfSuWQ4dWP8Kay5nK17WW,48500
倫永亮,39BVr0o0yM19KsXD4t20X9,32800
Lowell Lo,0PBs3xfhn0PA6irWFrknJ4,109900
曾路得,07uUmGYWQuWcDoNmX5VRGI,34300
Tai Chi,5z0RJca3wHMdCCBxvC1klY,2300
蔡國權,1Um3mUSS03Q0zApJwu5xUw,114500
朱咪咪,09Be9Nw9XP3sq0KbdJ7EGK,2800
Panther Chan,3jS58yKkLzOd8S8IHyCsEm,249800
郭小霖,4lmPk07WP12L7ULcU6Yl3q,21200
Adason Lo,12R4xLffHpVEHp6ITRJeli,17500
ONE PROMISE,3GwQM8FuFMkdHSPu4qvKli,10100
Supper Moment,29Ukw6Kx8IyOABZFklKpaX,172500
陳浩德,4XgiICuVKb8ARTXG0kuDB1,11900
Wynners,1JxZsLP7IjppR1QjO0BwRx,71800
胡美儀,48ZXyWchBiiNh6TRevUMt0,6100
Edwin Siu,5O0ZPJr6JPQcn5xF56lh7B,17600
Stephanie Ho,0eXGbuvMWBpHQ5GE56OCq2,33800
Bryan Choy Hin Lok,3kHYIGkN6aPmcv5A8ARQz2,141700
鄭中基,4FpnpMKSv3nlF9b4UxsDKw,318
Zpecial,56Ac1JJiopOrWDuRIb330x,154400
謝天華,4Ahn1tt1GnGfZJ55VE8jNn,78900
林曉峰,2u22eyEcd8WfRX28sIMRoJ,109700
湯寶如,6sXdLBqJ6oMyEWJ4NclB7N,123900
黃敏華,7qKVcW0AJLcCAx244QOLbk,6900
余劍明,2chmQOSu2rdG8wpT6rkLID,7200
吳林峰,7vUVBbfIykXkc668JoZI5P,78200
謝芊彤,75X1AosgRNJ3OkpcrDS8TP,39100
Bowie Lam,4CoyTfyMIZBUTBpLm6sRtn,33700
陳豪,,
黃德斌,49fmsKjd3CZJRwn775QyOy,4
Linda Chung,2qoTSbeIlsvx28CEOTLkRb,81200
Jer 柳應廷,6FH5vFm7hqDm3UzEAYuizY,75400
文章,,
At17,21Ep61xfoCPTDMMPPy0i0z,27200
Shine,3zfliwSpxsLfbrBtoQQVEQ,12
曲奇,,
Winnie Lau,0mj5ojsCPzMpVMG5v11Kp1,66400
Tang Siu Hau,01LAw9Av7Zcg01A8McfGYB,69600
林淑容,4raETyX2cN5RazteTR1FMT,75800
JUDE,0fs8Z11YQwRDEhdgRXoi4q,2100
溫兆倫,3unUl816mfzwyyQ8uJel8v,66400
Tai Ji,540dg0pjM3XadaIyZiPWt2,7500
Xu Qiu Yi,1kb7sKQKkQDXefYGewvRBz,85800
許冠英,770Q2Y2Hodnbyv5zyHGA22,15500
Charmaine Fong,1DgBVE3lCnC7Osg9zpAt6N,193300
Joe Wong,0pGX8AjADmpzBldCNOmYWP,50100
Tom Brown and Joe Wong,3ixcWHqyqlq0MbsYnCs71q,23200
Pong Nan,6G7bdG4rBz6OQgKudNjoGL,14800
Ella Koon,3iwCTx6CrptnO8AuGlmbVU,7200
林師傑,1VBXPX6NAo736pqr4MQWp6,9800
David Lui,6CexlJ1wj79N50NMxRBfUa,216800
尤雅,,
David Ling Jr. and Johnny at CBS,3re8EXYEvOLeewECJKPcZT,212
Sony Studio,5zgx0JWmXK2XJVs1hk7iIu,2100
Eric Suen,4FJpP8HnopVXrn0fYRCnzG,93900
Ruco Chan,0PlNec0FUQF9KiSX1PiVRs,40100
Big Four,5aV8N1m8QyReq34R3qeUx0,84600
JW,,
Joyce Cheng,1y4HuOPsPuo8bBIzk5CXsV,167500
ANSONBEAN,1SwnEZ4IUZF2CEsWOM0E2L,6800
陳慧珊,42EdDYpsLplcaHarO0x5Ln,63000
袁鳳瑛,57zRnTeVrrIFlbreQJ4vEc,16
per se,4MR8lE0GqFrysJi3s18woQ,56100
柳影虹,7j02dSlxLwrHGPKvAWP5ag,19100
Mike 曾比特,33oY0RTyXAMYBM6QSImuo7,146200
Wong Kei Wah,5qOo6JmA0IFeEYvZ5osowE,122700
Midnight.,0hLugf4oCj37Z2o5Y3Dg6o,0
Susanna Kwan,4bUIYJomDsfaz7lykiGE61,58100
David Ling,5sSAazRQ11iuDHkdi3nRAr,0
Philip Kok,1AjJUwyYBoEoQCFEpGwPyy,14300
Joe Wong and Tom Brown,486oGhL1qUlWRM9aqAPhIw,43700
Linda Wong,4IXXzNbCXjsSLhUOkLAKWB,192200
鮑比達,2EGPsAa1dTxcB0BXiUmEOK,5600
Danny Chung,11pXvO7wYuzRWYONDOBd33,9700000
Jose Villanueva,2ifPQlX55xw62I026DrRNt,4800
Claudia Koh,4F8VvBAkQDTQ8K2tKm9iSx,8400
葉巧琳,48tRNx6mDy91ETezlPgihs,41900
張洪量,2WhSJLdTSsN3cqiuLe44Cc,187800
Feng Ze,6QYehwA9q6UQEMs1Vak0uy,364000
Jill Vidal,4RsRmCGtK9yJmtQulq4lBo,28400
Vincy Chan,1ehwpBADazgPy9ypV77FMx,269500
Albert Au,5D0rQ5ifIU7I8q99k65JPt,37200
Teddy Robin,3kbam06clrg5PtHqCHh88j,12600
May Ho,18cRGz4HMl2UpRsy6fFOLS,1200
Louis Koo,4IyiZtwIUAgoijPHAecLUp,152100
Don Li,3nqIMIpONwteeYMUdkRdXl,13600
劉珺兒,0gOSZqTMZTT0yd0JexHzBs,15600
Jia Liang Luo,2J5uUHVedV2SP5shmDPcQu,50400
葉玉卿,00XoRJc4m40pkUSaXbprDW,6100
劉雅麗,19DJtMhrJYiHE4GobFxIHa,20400
沈雁,,
蔣志光,0xww7UDomE27mzi2gYnQsl,118200
王利名,2TN59dhZVgJeiYSsQ2h5jQ,63900
錢嘉樂,6Dy4tqcLqCNoqf8WkFBYX6,9600
翁倩玉,5O9ygFWAMu6K0CFjqcwjZT,30200
Aaron Smith,77qukKzmdI5BeMBR7WGUrN,12700000
Luvli,6dqohi36avY0M9urnyhITr,1000000
Krono,17TFSnqADESRM8BPSaM5aB,11800000
Paul Johnson,4BqZuFqHJ8CLn3ig0f1m0G,705100
Marshall Jefferson,2Di8r9df6xjyj6CVOqbGVz,4900000
Solardo,0oO1IaDOBSeI96HbnCa5pZ,1600000
Mr. Fingers,0dRiUTGvNV17AMIULRYsvn,203800
Frankie Knuckles,63yl9nDNrHpiAYGlNJxxjc,711200
Cajmere,7lIBLhQHKay3r1xtO3VtWT,498900
Dajae,79Gg0tmzETfnVrOUjgXPeE,368200
Alicia Campbell,7LDzpbZ2y7NEE6k3Y1tfIr,1
Alinka,3qBqW8kIRZbPxbSgAyP7ls,8600
Joe Smooth,4BIamAD25vwYldaOWTEsXd,315200
Hannah Streeter,27S151Y0dcrTHn4ksIcRxo,0
Horacio Payan,0NjTKwtGIsZes3LVOryDaQ,5300
Roy Davis Jr.,3O81ptrvwO8etw6HwABJs8,230000
Peven Everett,0v2oB2xMS64U3lcU5DFuCY,223800
Mark Farina,3Nk2T3DZVBvPRO5BBSrklE,315000
Sterling Void,00q2vdqp7FcsPfMj23Yf4g,21500
Robert Bond,5bHVoipJFu1BfgoJOH0NcF,1400
Geneva,6sUq7PthKegC1nwZ9hadQ4,0
Eric Kupper,2ATkDceAaeLUkxPnJPHGkz,579100
Pal Joey,28FSgx0UErqnebZfL8K6Fc,16300
Mike Dunn,55UOywvWbUD9c6C3NSGdft,334400
Mr. 69,7DYttpiOZdyURH5XmQXeSD,18500
Larry Heard,3j7teie3p6UnbA8nW51Trz,160500
Bad Boy Bill,2GYDdjFOEdHrdLh50r5iFQ,17000
Director's Cut,0sgCVo8Q7D7zCPZL3TytL0,51700
Jamie Principle,5obQFNrkFoWB51hm1JTHMw,14300
Dimitri From Paris,5Il27M5JXuQLgwDgVrQMgo,744800
Homero Espinosa,3TBthGd3LrAFgEoZLSfCaI,83400
Chezz,6HeXrP94jz5CyYybiy3OAp,1100
Ralphi Rosario,0c5584rnmlOvkMpJtpBLTh,244600
Graeme Park,4jAzD7q9emMPB7jUdnhlzk,16800
Mike Pickering,1isL16Nflph6TTqmFAnb8Y,189000
Manchester Camerata,5sYNdMlE64V0PjSMIxnB8B,88300
Tim Crooks,6xxztayxMBX9LvQAWbKEe6,9100
Ten City,3DIaOWIVFxJdTYyEb9mXzi,105400
Emmaculate,773IYSUSNH4RFefjVVogGB,43500
Shannon Chambers,5zdPyHCCb3HIFtQ1NoxTjr,6100
Felix Da Housecat,4rC8J4M4aOqsQSCP4yoyJI,898200
Robert Owens,407nV5hO7mZap3UJdpTr4t,72200
DJ Sneak,5He9yPmPv0Du9hASUlTUjr,39500
Loosefingers,1vbs5ghUw3aJTLwlVdIqKb,8300
Dudley Slang,4Eei4hah8PwbKYcGkXcdEk,200
Virgo Four,21GOilQf7qSpQdz7Ar6NWP,3400
Caribou,4aEnNH9PuU1HF3TsZTru54,1500000
DJ Pierre,58nnSR1lwvcuklbb3Uc6TU,66800
My Digital Enemy,7xwN3wuAbcvsSsY4fj1iLA,15900
Hatiras,7DQ8fX4Fbi43HaesfrVYpO,173700
Barbara Tucker,6txh5tFMJyxSwT0iE7wX2w,1300000
Curtis McClain,0Ik99Pnfq97cEn0ScUrczM,12400
DJ Spen,4kr94nr7SzBRas5Cb3krFZ,151700
Thommy Davis,2xPooxXsKv4dqHK9abZN2T,14200
Ricky KK,5f3IJhD4RIU0qGb1Emtnyq,400
Dallomo,6BYRaBrTuiSxSgryyJlyxB,595
Joselacruz,5L6RlIjRBYfD0ycnHa8DU1,2600
Donna Blakely,5l4zJlT301p3IPrAx94iqw,276
Lego,3fyCFDyqAPJOuOMlLA4liJ,86700
Floorplan,0RBnTX5xoVa1bDYt9Qbies,357800
Linda Clifford,1yAHoX5jWFLYIKEwyb6ulM,40200
The Visionary,2mjMWOig2tCmJsm198htSs,12100
Jonas Blue,1HBjj22wzbscIZ9sEb5dyf,23600000
Romanthony,1xKryNto8SDKl2E6lBs23J,32400
Dixon,3wc57nV2fGEoM8x4xPK1O9,196400
Danny Avila,5y3G1B8cpCTaoq0uDgjwzH,524600
Jumpa,4Xz5sxFWivrXWQlDlO25is,1500000
Kaskade,6TQj5BFPooTa08A7pk8AQ1,5200000
DJ Skull,7s4AKsalGr6YBwiae78L08,4200
Gettoblaster,5LGa1U6Mwiib6ocVuJItcG,21000
ZXX,2JKSEerqUUxWWEBmNbXAOj,151
SKYLR,6ukLdq8N1FTWbz1AnJeVA6,1200
Adeva,7pZm5WzE04JTvvQP4GR9Ys,0
Ron Trent,0TOZ0i0BHZJYKK2rvoRD2d,166900
Fingers Inc.,7DbXdVqrretuCKPkTeX8Kk,6400
Motor City Drum Ensemble,4TlzX7s6kuZDtiBpsopcBf,152600
CINTHIE,764H8zG8sTf5FPHWHW5bvh,82800
Kenny Summit,5ym4nlRGhF2l1gJE0dv77O,35400
Yasmeen,4WfFd2patsWYCoh3POfGAl,1900
Xavier Gold,6KUQ8dpdT7z7KqWwQLyfaP,0
Kenny Larkin,7A4qanEMCOPcywaqZ01yVV,48300
Mr. Lee,7GXl7JNlpliaLZhSVRLQKu,24900
"Farley ""Jackmaster"" Funk",0B9P7RXrukgIdmutz9XMVN,29400
Gershon Jackson,3piygLoXBXFOM06iyKWLEc,49100
Maurice Joshua,19T6vS2Umo5usI9wOVnKMd,39600
Tyree Cooper,0iQ58hVu6gA9nuuCgbnvOn,33100
Dirty Channels,6Mfp25l60MUxx8MWkA0vil,50800
lego,3fyCFDyqAPJOuOMlLA4liJ,86700
Jesse Saunders,6ZYa9hYoOGVzvQa2vmiVhi,11500
Chez Damier,6ElgoHFh30ap09Koe8jf7C,163000
MD X-Spress,61YPxKmHE20pcKZNYi4sUS,209600
Chuckie,4x7gxsrTH3gThvSKZPPwaQ,625800
Silvio Ecomo,2zM3WQIFm6HqkZskSjZSGU,16900
Sean Hayes,6R9JQa35VVwMqQUNV1FVS5,6000
Mousse T.,5N6EzjkOoyABhNZJggeXi6,2700000
BOXINBOX,6kn7LhH5siatL0X1kefy0r,180300
Kid Enigma,6xh20mDGCfR9jH2tYotdBE,44500
Phuture,4y7BsfdIKQ7Of5SskHej70,32500
Skapes,4RdHsZecp3xAk5ktnJULkB,11200
Todd Terry,3dE92yGWcrboP1kC5SWyqu,4500000
Vonny & Clyde,6bHDCxmRXNi1r3OIF9BFwU,165
Glenn Underground,1ZdinLDX0e8r5dIlWLpmAc,37500
Steve Poindexter,3rPrYmTHhfSGN5eDjNsaRC,7400
Pierre's Pfantasy Club,40BpVERJ6kAjii1gogXcEk,6200
Lidell Townsell,1kLU4FT0l2Bayn8Vir6jo3,18700
Full Intention,1tayOcNuoYWnrXeuh1HhXB,724100
"Steve ""Silk"" Hurley",2TzZ6XTFG1p1PAfhl0crDP,185200
Vernessa Mitchell,050UnuNz6a82eV5E3rDJvA,13300
Ricky Dillard,3EDwVZensg15abkTt5zfTM,107100
New G.,0NYB6MfGA3aXlO2Uiy6ixx,2800
Benny Benassi,4Ws2otunReOa6BbwxxpCt6,9900000
Ivan Conti,2dfKG7aNtsTiPXBkXqQbVa,18500
Lars Bartkuhn,1LnmRVWmQ6KILkjb8ep0zW,1500
J.Noize,0Z3wh7fWgZXzxZLhFMbC5w,3
Kaye Fox,4QtEaWN6RFXl739EeNtd93,34
James Talk,4ANdA7sVkYP3dEpJKsOQsx,10900
Ridney,5UmoeWk7RM3v9w1DUL4XUD,236100
Pepper Gomez,3yw76fAoSQa5UNu4HXdZmF,4000
Monkey Safari,5zovXI5By2gUhdr7EByjLa,1000000
Chic Loren,3jMsCseQv7XvuJ9LJQN5dM,5
Mia Dora,0aMSpQzcnme0yiLiLhuIxT,6000
Wh0,132Hhe61bhvXtkygENHZHA,295000
El Boogie,5W9f4y0yDpANo2fgQHMqKm,89
Armando,4JSChvgYDHRIC9CbaxReS9,21100
Jomanda,09xC3MewWz48F1OpYckXTZ,56300
Kenny Smoove,5Of9jnhND07Z5NdsPHqhG0,2800
Doctor Dru,3vjQVx1KiW9b8VpbRMWfpl,56200
M.D,2HiTwPq88JnpOoRohlmEm2,1
Inaya Day,0Uh7PxwmTPlbP3TbwBG41h,103700
Robert Hood,5ipQlfnpRCtyOuhYqvPvQ8,85400
J.M. Silk,5EENlafcyIWhoRnYn8pYxq,4500
Thompson & Lenoir,21PtOPD6nLhLNKhVZ1Ym7F,1700
Nikki Richars,5nE3QbGgOJ3jTyT2tz5YbU,0
Mat.Joe,38jpuy3yt3QIxQ8Fn1HTeJ,280000
Sonny Fodera,39B7ChWwrWDs7zXlsu3MoP,8300000
Julian 'Jumpin' Perez,3QD3W3bWZumLVZ8ZeFH2kh,364
Malik Hart,3dkC66UMarN6DKWpxNwrF5,0
Richard Vission,3EBdhh05GoAX3lIqJSPVXt,362600
Jovonn,3sxYSXk6nwIqVweh5Lxa9V,50800
Chip E.,1o4OYTXLA2ugfRiHKVE8mh,6200
Reset Preset,1xlojrzsaMtJtjAl8Ry4E6,27900
Louie Vega,5dncbrnveDMX9DgxcedeUg,781400
Ruff N'Stuff,5z5Re23tbzGJHq0yURuqwM,410
Honey Dijon,0XfQBWgzisaS9ltDV9bXAS,748700
Dennis Quin,1iaGffGcjxdzSFkwfCN2Ul,2000000
Dave The Hustler,2e9yvS3EkGrrGILhVEXdE9,1300
Blakk Hazel,7q57LCLTiwd9YYLPfAdmGX,289
Demuir,57fp8oZ2P90tIcOpmAtZEi,83400
Seven Davis Jr.,0j4Q5USZhEJ3OUfyRyW2xj,10800
Luke Solomon,25CzLz5CINIKfN2r2bcl11,22300
Jamie Jones,4admDxmnri5Zco0xYrJ0ji,1800000
Monica Villacci,73nRDJLAmlI5YoIyG6VB87,5
Galaxy 2 Galaxy,2JW9UTb6ViFLYf7VQxBJqD,30100
dj funk,6teHVusq7aOvo7Tjo5Cevs,819
MD III,5xHmUgvNtiX0iMrb8LduBY,1100
Mr White,5aUUNSMJtijlIrD5RaBAOp,63200
Nerio,1QUYB1SlWSorNQrDLxqJTH,1300
Keith Nunnally,2J5i8rrsyp0s3JPBQa0Tvh,1100
Harry Dennis,5mX7t3fOoOf59mGG64MKDi,157
FUNKY J.,73K0ZkSE52XcwWXaeX8anO,90
Anthony Nicholson,5F8sQ7Df9IDM7uR0xKtmfm,2000
Alex Malheiros,2TRWk2Z5dtbxZGCAKoEALB,10900
George Clinton,2GVBp7QyHckoOg7rYkLvrA,685500
Oliver Dollar,38Z7dMMVB0YYbKn4fDYNz3,1200000
Lauren Ritchie,7uhylBKz7akBF9X5gDvpoX,443
The Nightwriters,06SAdf9QB0xFf5BicN99SV,20000
Obskür,29MTNlaVntQaQiDyj8KGwx,3100000
Alan Dixon,0yEnnivHzCPxaTfNbWjV7x,833100
Noosa Heads,4qZL2VAnbz5esT94wlilZp,26200
Timewriter,7oVinTBYZMh3HdYHCZQY6V,6000
NiCe7,6qBmPOu2NuZtyODRNSfUDw,68800
King Kooba,3qstZNojf2jobRgYg9Oe8D,21900
Matthew Anthony,0kTcAF46xGHBNZpu957qmg,1900
Terry Dexter,0tcTyQkSJfYkSk8cZPEZxj,8100
Derrick Carter,3XwBizyFmbCCUFcdcsvMmm,13800
Chris Nazuka,3poidKVZ5SL4RXJG89pfhY,4900
J.R.,55awp1mSo8t6eZt3uXd7oO,516
Josh Butler,0EAlTKO2HfATH766bVH1rX,495000
Jay C,1q6lvZmY0FHHwQkzyCTQ9E,108900
K'Alexi Shelby,5TrlD7pshMH163C0zYz7ej,7200
D-Unity,3IpAthjvdkddgfMSsURuMF,22700
Claude VonStroke,5CYAFhywQTXdZmppCp0ukd,420500
Irene Michaels,332ryPfHd52qWnIKCfd2mw,2800
Chocolate Puma,5Aw0IGM5JS3FuTgtRsDWGA,460200
Paris Brightledge,0qYaFWcuXTF2AsQ49N6Kul,15300
B.Slade,03lJ2xTQTFzBknVjb0FJUt,1600
Sami Dee,1U9bL7ZxUL9MzXQEFrVKLD,6300
Mihalis Safras,3m5g6NUg2akZ9Vv9D8GYBf,39300
Tripmastaz,4FEQAPzmKIUC4hbsbsv9zQ,6600
Rare Two Inc.,4uzJmuOH9qWvbc2lBdZch2,620
George Smeddles,5HT6hDqzq0B7EFlokN0hK2,446300
DEL-30,3YUMfiE2ROxoup2bHSUXjU,113700
Immaculate Styles,2BTTT96rIbvO3qgYPT5iO2,644
Lisa Shaw,36AfPbkMSwrFoWMQ9sUARb,96700
Atjazz,5E1HWPplEsztsh2zh1c9mH,334700
Sharon Pass,55lRLTQflPdb3Yxt48i8TT,32299
Risse,6mdjv55wfLz7GJfWt4c9cN,2100
Carl Craig,17dbJyUCrxh4I7iyUrjaHU,182800
Claude Young,7hWRneMDJulC1IMfHD1gt7,9500
FJAAK,4qG1qjeHfkASTdyRGbLWbV,150400
Ron Wilson,4kVhiLOxWz73xXtBJcZ069,53
Tuccillo,6EIy9BdHGGzEPbasqwMabi,91100
Crazibiza,7gLis8CQkAQ7fJJNTWQNU1,344100
Phonatics,4xl7U6Pijt9h09qzgq0ERG,378
Moplen,3NcMPhTdRUe1VhAX2e6upk,12500
LOA.,6pcPaT1Vy3dHVPunJXZM0A,13100
Sybil,1EbIfIjVcauDatNO4vagL1,250400
Bayete,5RC5jsZCSBUIdjT6mJlZU4,126200
Tamra Keenan,1vhKXBUf7z5XDY1W4glMEi,3000
Nick Rockwell,1ITpOtfev4DIyRcAxXfiFl,922
Kevin McKay,07VdEUK5mf0rifGeNqs0Wg,1400000
Sundance,1Xtbj1j1F9uMx8AnpZT1pj,3300
The Renegades,4qXjFOYpaoFkXTiAnDaeCm,11100
Mijango,51dAFMNlKzwZqCP95X99C6,121
Nadine Renee,3kF3QG2xqtYmYTPCJaC2Jd,202
PBR Streetgang,5PDEurVJJvitl9PGDjhPgY,15600
Sound Syndicate,4WWpQenCfASxVfsBzkz4QG,84
Alyssa Palmer,2j55zTRQzCNfHDXIpYRNSR,0
Mark Knight,3h11MHQeCrcsUgRRijI1zL,1500000
JT Donaldson,4sg0H3qltIBMe0G25XjwUN,161500
TJR,2L8yW8GIoirHEdeW4bWQXq,328000
Salt City Orchestra,6nHCRufVUGt9HmvAOZXhOi,23200
Jamie Anderson,3QeUcfxQWae16K2zOaagyG,21900
Elatehem,1DhzMCXKnKrZPn8sQjrBqU,0
IMIURU,3iraRqSUTNGI7p048AtA7H,5000
Vikthor,0QCUDjsKGe3VqKtxl2rXkO,5300
Javi Bora,55KbYy2WOB2To9rnNkSGZ2,20500
The Whispers,2XzHxDFTNywDd5ReMhgxkg,1300000
Janine Cross,2QfmQsfPLKEWN2mKDVfPnl,6
M. Doc,3SZxj0gkOgK5DZufxbokiO,0
Jungle Wonz,4ny8n9yM1Eko9j7oe8ZFXS,4100
Jerry Ropero,73rKG9PlOR46yTmu2IqnSG,2800000
Justin Martin,4FN8WHqUbwkd97WEjoCu7B,106800
Giorgio Moroder,6jU2Tt13MmXYk0ZBv1KmfO,2700000
Jamie Lewis,5c3UeGnWBigogTnO7pge0V,216
Groove Armada,67tgMwUfnmqzYsNAtnP6YJ,3300000
DJ David Dee,6P6cF3myDzozYB8LNYIDuX,2
Harry Romero,36AJmodiIrwV9U3QOiLMYM,280600
Billy Lo,2yVpZ2EJlLE9BDQ6skldAM,9600
Matt Hughes SJU,4TYo6PlWYKJmNwBbtfbmYD,232
Paul St. Hilaire,2z6qOkQVyn7h3XzUuNlRlM,31200
Deetron,0d4nL4lAEkHJIqLZSHBuav,137300
Steve Spacek,5IcRvSiReLydKCr56ObWuX,16900
Ian Pooley,1m4GViPjIy4T8Pd0Iz6hRS,207600
DJ Deep,3lbzbbtoq31WIRghjdBuuf,32600
Casio Ware,42NNvHNHpsb4ozEiGKAKy0,0
Krystine Walker,7vIdFYJfSe3MFdjFhJHDEg,758
Saison,6AST5BAhARWnhaXlMnXGp7,280600
Dirty Secretz,69SjawsNb0whZbmKJFI5OE,4300
Deep88,24s7xIYqpJHdIFcPsdffvz,1000
Tha RC Groove Project,1xyYynMWmXR4BQxOcuNMYb,90
Ron Carroll,4GcXer1D6UzmWfW1wTqS9r,165300
Jass Mann,53YDZl0WBQbEpCX60kaWpX,0
Chris Trucher,5qtuQoZI8KbbCx3hD0MQ5D,47600
Röyksopp,5nPOO9iTcrs9k6yFffPxjH,2600000
Darius Syrossian,6PDUdAoMV9dMy0wOt09Rsf,456400
Ben Klock,1vJHfCreWAS46V8RZ67ojo,120400
Dallas Austin,2ZnP7Vw0Rkz8KksxReWfji,33500
Clarian,2polW59xyLfTDB4E5Ig7Xa,41500
Static Revenger,4Q08msBV0v3oEN91O7ubsD,392000
Jeremy'Ayro'Ellis,2xgrCBuT0zVn2E1i0SHNhk,0
Richie Hawtin,3AhwIUus3pIaA3CvYBEtpy,227600
Jamie 3:26,2i3sHUKH86iD6khkNR1Fxi,36500
Alex Peace,5x0mazFBPEu8FPKmBArlGQ,19600
Steve Smooth,6kz4gfxrI0aBWZWnQcvugP,8600
Philip George,0Q9slhIaEgg190iG8udYIV,2000000
Benjamin Paper,78z0vhJXpVbN5OoNEgfm10,0
Seann Bowe,4hgt99SPkxLoBYMVHs88uz,54800
Carl Cox,19SmlbABtI4bXz864MLqOS,1100000
Bravo,0G4aZyVFKAl9so620NrwOL,7000
Jameisha Trice,5f4ycTGKYQeASkBvMlMd6N,160
Eli Escobar,3J8gnwzixjNXj5gM6a7h93,237900
House of Omni,6iUR0zfnBsYWYBeTEdALmA,173
Rona Ray,3kirHdB9pQSMLSgLCgVp1P,261100
XL,,
C.O.D.,27k8LrTcSOMVLL1fAoSWb9,4700
Ella,2ZQY8HKMtEjGdxgcuW2574,1300000
DJ PP,5mrbZMjvRmXg6s1PeSWSoZ,90000
Milty Evans,3b3mpoxXuqNAVuxhb8BI6q,1300
Brian Boncher,3uJ241bm6yYWFkEsjaFwUc,2600
Roman,5C0uDFEJTJN8DocOvWI1h2,1100
M T F,0RBsn08bagbVECVD8FLbSq,17000
Nick Risk,66W4uOwIu1dDZmJNUDSdbW,181
Joyce Muniz,2V5PoybhNfFnNEs0NKv44L,79400
Ejeca,0tSC9Vot7WlR1MsLBqQ9HX,291700
Patrick Hagenaar,6tbmy77VmvgGGBano6HoUh,4600
Dam Swindle,6hJtgCB3L5cnJSND7sp6GU,686000
Nadia,1ESpXVshQasFQIrrK9ud9q,625
K-Joy,3zgyroAkeTbN4kjMgZCYn0,0
Lidell Townsel,1dhetTchaoU8xv2bGkKi6s,0
Kai Alce,7rltPaQHdstifwqWcQtSgh,506
Ryno,4LY4b8LGVs8fHvtRVrWkcq,315
Barrientos,5QW9RJGuMEFj33bZKEBrpB,4100
Jasper James,0bOR78IANHTrHwd0kezriG,5100
Kevin Irving,0YHkLrAH0UrZ3H7WMFdDgh,1100
Reelsoul,2BrpHfecMN0szTiQ0H0sWE,29700
J-Boogie,5gZxvYj6Pk83vHMC9ajtP4,1500
Kiko Franco,3SNKZ8uTQoSyMsUNqNBOD2,788800
Supernova,2CCnEb5ZZQYacjyFSYMWUm,1300
Green Velvet,3ABaec4jjl95VqmG1iD4k2,2000000
20 Fingers,0OarfYzJPCi3lAVZ4nhTTd,726700
ferKKo,5cJQWhEpWf3G8oPgOvtXo5,325
Liz Torres,7LI1GL4hWpWNZZqF0YOrBG,371
Sleezy D,3wD0bhAy5hb5nqcTReldti,2800
Chantay Savage,2yg15JjVOqNppP73zVhosY,60600
Adonis,01C8i7Uor07SGScRz0MJlv,2
Tasha LaRae,4yv33AoLdVc941YbA92CLZ,27500
Carla Prather,1LAnFbbTRPKkk4qQJndKBJ,5400
Kathy Brown,1dYwUvGX41uwyOuabIEJUq,73000
Cassandra Lucas,0tZcQFK1Cpqor0fz7Y5aqQ,126
The Trojan Horse,0MeOvf9IaMnYTGv3nRqvhB,0
Sampson Butch Moore,3JbuyL5MrYONWyquCPZMts,257
Cosmic Gate,6ySxYu68zTsO5ghsThpGtS,1100000
M. Terrel,28Ye8SosQKDAbvMSWfE4oJ,2
Sounfx,0gqYO7SvwdQAM0Aw32gIM6,144
Will Clarke,1OmOdgwIzub8DYPxQYbbbi,219800
RareTwo Inc.,7IgApBf9ibPRfKv28sy7Dh,742
Free Magic,35Li8o5VjvUHIq57eSzr3Q,120000
Frits Wentink,6RU8a6xLRtKJckACb5wf5D,44400
Big Saldo,6Q0DLebYd4ZyPsH4bneT2x,56
Jesse Perez,28tbqi7xhIZs8RRGdeCy8d,32100
KE,,
Umosia,3EyqSJlNL5NAIupzAyEl7m,511
Russoul,4emAVpBSRZOqt51MRDKBDL,6900
Robert Armani,3sHkYrW1ZXf3juwNvnxQO6,72000
Mark Grant,2QbZUsW96VTkeEapuaK8sG,17500
Walter Phillips,59WleqeZMvAUVl6ROkjahJ,57300
Kevin Saunderson,0jS6VTFGujWxinY5TSQwOG,696600
Lee Foss,44T94QQEc60Jf7kqGY6Rip,945100
Bernard Badie,3lXvWusF04XlfRI7PYHj4P,390
Tapesh,3QFCVNPqeV1hpZRh0dbLat,43700
Los Suruba,5ChHWvFPh4raexx461QFhS,39200
DJ.B,4NYTHSSX9hiHpitPoUMxl7,13200
Groove Assassin,7lWkd9SSRnKJVd8E0mELLG,85700
Sean Ray,1FstkwPcYpfo0R0qpCySQd,101
Illyus & Barrientos,6n5ccknvteaKfN4WA2qf3C,266800
Riva Starr,1TRFAJu3Cw64APToZaGk9D,1200000
Emanuel Satie,3veg7sFGWTk62Ecwj6mzij,549200
Jean-Luc Ponty,3SInttLnvf5G4Aa95aAYPr,184200
Patrick Topping,7yRimuQSC5Ks3T2Ts0iyZa,405200
Zoe Thorn,3BPqeHuTX6SNHSPat3UzZ7,0
Chris Carrier,1UcGcYjeIfYZATTOQVNXFN,3900
JEFFK,1W3OACYZFE31DfWtqOt82l,83
Nouha Matlouni,1CmebNCH3mMzNjDnL8jkAA,0
Angel Alanis,5gPTMolnNZcaMffQdyAV2M,3300
DJ Deeon,5wY9R35VmZOg7NxQvKJXdH,375200
Joeski,3OsEdeMsQIAdDi2OduzED7,253500
Tyree,0IuX79rMV26eXYdsigK2S0,478
Jeziel Quintela,6DhWSPiHePVTUO9F6NsJH9,2400
Aneeta Beat,0guyuOykxKSpdK1XywvvaR,134
Dr Packer,46hILKsILU34lUxKKftyVm,166400
Angelo Ferreri,3tT2XX9qEVivLCYGoqkRkZ,617200
Giangi Cappai,6x8NzTd71jVVrFWqbEV6nQ,2000
Xaviera Gold,5l453zDn6nrGYhs91IQLVQ,1600
Razor-N-Guido,2HNUEDQXHWghaFcBwsBHSp,16500
Call Super,1FVo44KTXqxo3JxXADWTd9,14900
Pinkfong,7cTXfwpe9peK0UE1bZyIWZ,4800000
CoComelon,6SXTTUJxIVwMbc1POrviTr,3000000
LooLoo Kids,2njkfzRhOJFKLWFTu8FNWx,649700
Super Simple Songs,7CdGfkCRgPhElnqy3HPJ4a,3300000
The Little Sunshine Kids,1RvroR5di6EndZNcfNNL0d,1200000
Kidz Bop Kids,1Vvvx45Apu6dQqwuZQxtgW,1500000
Music Lab Collective,1ylcY77FWeSVQKh5et1VGp,603000
The Minions,3NVrWkcHOtmPbMSvgHmijZ,2100000
Mellodees,03H3gcpif0GufJE8ybbcpn,25600
Smart Books,5Q55UutBDmXOwM2I24uxFn,1600
The Kiboomers,1qKLikeNYpQFSsDAjg7HpI,2400000
The Hit Crew Kids,25WMrBRksXDi16Zjr23VUN,27000
Mother Goose Club,6h76MLMaPUoWVPC7VnEw86,2000000
Itsy Bitsy Spider Kids,6VeAuk9OKeBDn7B6Ymqdfz,2900
The Countdown Kids,6PZYFmF3PH6cOREAzfXiAL,1300000
Auntie Sally,5f6BpYOumkBvrQukhTeckc,6100
Muffin Songs,2PHC7cyBiJM9EZ0E8FKcJ4,225400
Cedarmont Kids,0MCU2OpgnSB7rm5UPUMHgt,602800
The Wiggles,2JY5qzEozvTdogkDTkkOMf,1900000
ChuChu TV,32Zwi8cvYFLNbEgV3cAJRQ,95600
Cri-Cri,4vM6clYXqkZbQv4O2OT5P4,490400
Raffi,4301IeruZO0kOLAWmaDf9K,650
Rolf Zuckowski,2qn4hIXsvRUyFoboMi31XB,879800
Radha,4QPS1OMdQn2LgCdGgjTUvC,39600
Bob Smith,4c1MAAwO7shNG6XPCvhVtm,60
Belle and the Nursery Rhymes Band,6YFrVMB5AEMZ2rB3T0wyUQ,507600
One Voice Children's Choir,6R6DXuHYxkMv159D9OaS3C,233700
Toddler Tunes,3uGrMgq7tseqZq7FCjMGnW,669500
Alvin & The Chipmunks,1SCWcYnoEh1978ycTDhZoW,1100000
The Chipettes,4Ls9gLyJVIUIC0kD37hDZA,268300
VeggieTales,4QKx7KohkWZAOkO4sI3GRx,405100
The Laurie Berkner Band,6T2pk5T8c4Wi61x1v84sUa,1400000
PJ Masks,1VBbewnHtegBSEB7kRXDzQ,181100
Amy Samu,6LeQCEIxUUhArB2QBzSeOr,1100
Muffin Man,0FNdsYzMiipewnzEClOAPj,2
WowKidz,6lcqlcGKgTfuBe7xj4M8f1,15500
Dennis Scott,4bQQkZffejJRWxQ5ddezgC,32500
Dreweeris Band,6iTsaDhflCgkaNOmGO9voc,9800
Noodle & Pals,5r4Bnflqc1rt8z3UIhwwKf,1100000
Blippi,30niqFGUKKUg1horQSgwBn,1600000
Nicky Notes,46BsCUZeInrbY0IkvQ1OQ1,0
StoryBots,6N6lLMxDF4as6slJ878Rgg,147200
Kinderen voor Kinderen,7evlWm7RyagYqxSQN5E6UN,830200
Sweet Little Band,7HBA3bLuJTLRvjK8NX9ZSy,145500
Listener Kids,6UcChJFHqKzPPnNxAY5D0s,292600
The Learning Station,0qIXXh38Do2fvBqiUjiHbm,780300
Martin and Rose Music,61VbOFPL7RIKt0Q1KOykSU,1100000
Judi Cranston,2N2v15qhPA6Hxe3gwCgY0B,69400
Play School,0gkeMf1I9r5U5Hne19vr9A,392400
Tatiana,60alJNnwGVBdNXrx4kOfW0,1100000
Mark Brymer,3vaHEbYEYNpLViOr7ol6f2,59500
Mr. Ray,4sg6oPVhVM2nnzxvmdbGra,22600
David Seville,4NI5R1DbX27ODY5JTqnv2l,39700
Dora The Explorer,4zMssRZ6iG7sJm54RwFozt,201800
Itsy Bitsy,6sriutTFwIZyQgEfz7hJoV,2300
Music For Little People Choir,56VxN57aiLCz1TXtVi9Pt6,17500
Kids Songs Rule!,04agIMikLCY1wsinF34VAx,2200
Zouzounia,4XledAXhDbOtA5gIg7gvbF,672200
Sing n Play,3at1vTRcH8tM7ZmnGXyiZs,204500
Just Kids,5WpRHgCSJPtg1ODUwCBnHZ,165700
Cast - Vampirina,5AnuY9LWaNmuxAwOtJD24w,34600
Amy Liz,1bguJ0c7PghwoaLvBIVU3A,1300000
Mogul Music Inc.,7wuGiWMVEIIxkVyqGKlt27,2600
Dr. Jean Feldman,51dbzvURssdP3KEsgxzTU4,52600
Apoorva Sreejith,6gbYt90u9axVIZUCWbs8WT,7700
Anjolie Anna Eapen,3IO9IshkcD71Hn4Nn6Jztc,10000
Atul Thomas Joy,3ZkWih8f1JOfwpM0saPeXA,7400
Bounce Patrol,1S9SPfRo9eyxOcyfUGC2Tm,1600000
Love to Sing,5dz42IMRAYRfEn0igXDjoz,185300
"""Puppy Dog Pals"" Cast",6XYqhT02pSA6p3BoYe9P63,92800
Children's Music,2UGrkfBLWkaJHsqQOpgYRT,273400
Teeny Tiny Stevies,6hhqb0X8Jas5jt96Okhjov,35300
Caillou,6SRjzYXse2LjszXueqw2vi,6500
The Montreal Children's Workshop,0NAOoExRWvbLIrFuPzMz5x,14300
Imagination Movers,3nkUcLzl9v6cIxFI6cvTeD,50000
Kids Superstars,3SJmOjz3pGeZWrnfHuenDO,284000
Tinyschool,7sO38jiaHtLHUJTXcnipfY,0
All 4 Kids,5VyxpAP712MzejnUeVqXaG,102
Finger Family,7izqWtFfxVAEBNUadMIlwX,16100
Dave and Ava,7uKYdSF78ez4bTiRyn9SJr,140100
José-Luis Orozco,0kCfklBA3dnfG3KTyeea8N,44100
風格童星組合,4b52YCDCpiLL1moDCVYKj4,37200
Justine Clarke,1r6nvWvnqJYcm8kW3cX1zQ,120400
St. John's Children's Choir,5OBtjVnJ57P1dGt7sfyYxJ,84000
Summersongs,4DzArpF3YPYXRAxJG2WM9k,17700
The Singing Walrus,3L5oCwlVHuB94ltjdUbQMi,342400
Pancake Manor,6bwjTCySXPwecMWvs9ce5C,127200
The Beanies,1RxCxHiHxD1XN9Jp6LVIkm,61900
Anika Moa,0ty8H0HaqWvIW9tTLoBSGF,51900
Lou Diamond Phillips,4VzUgqK1LIfv3QtdxIqOHw,43100
Kidsongs,4kFnO9EhFN74EK1a2UH5ZW,163200
Tayo the Little Bus,3gzyfNen0cMn6dybhnmwpd,156700
HooplaKidz,5BWj961pzE3b497GlrqtnR,284100
Rob Landes,14zDXN8YUB5izEiGujWaFs,432900
Caspar Babypants,4wwj0BGZ6T61LB1jBWdo0n,610900
Fancy Nancy - Cast,4l4bo3QrT0fqA2brroiv34,21800
Bratz,1JPP5ORQZqfLYH2SeEHFOi,314200
Oonagh,46CaFQ5mdimxfNmTILDBlk,100100
Spongebob Squarepants,3zCAmjKyHsG7kTGsls1cfj,1100000
Kids TV 123,0zC8dOCRSyLAqsBq99du1f,329900
The Backyardigans,0NFlmEJpgyF2sO4mtlwFfl,136100
Little Boo & Friends,5f9w4lT5e9EsptYMSO6DVY,114500
Wheels on the Bus,1BIeOPJ9wXtOv1yedSfvIc,5100
Don Spencer,4I0BixMk7zPyKimeO3HrTa,28000
John Williamson,5kPsbSWuadXAb2wheoVRkf,277600
ABC Kids,6l7J2uM3bM2BCh0tIPhWx8,328100
Benedikt Geiger,6FrSFKgXdi0MkQimWfSKTL,0
Patty Shukla,6lQcPZtrhQfbSkXafngUYc,504400
Atención Atención,18xacmB7GVCrXxcPX9IILZ,28200
Marlee Matlin,3mlJV79L5qjSmMRpU0Ykwn,1300
Bananas In Pyjamas,6OkcoFHITuU21Ewkv69bbo,50500
Shout Praises Kids,0SKVoWXola9WXgw3PwMYpE,243200
Mickey Mouse,6w6OUqDUOPDvEHY85kbJRE,498300
Elizabeth Mitchell,3gBQ1U5dXpRXS6tlbyNTDM,687700
Anne Kirkpatrick,60jrOXNbRmY2Mq0l0JFOme,4900
Peppa Pig Stories,7paD0Gb7ds5SE45UyOhGr8,193800
Big Block Singsong,5wXiTCNvj4JL6cJzQT5Ncp,23900
Bobs & Lolo,23hMSJlSk68cUMqC9tzJv7,34700
Hopscotch Songs,5nJFIxTnnNBh2ZIP3dsk6x,194500
Carmen Campagne,10xXRUe56Lf3cwXkVLpI1l,38800
Barney,5fXooOID918Ocq9jj2T8Fz,2
Twinkle Twinkle Little Rock Star,3mGCLimuzOdod4Lnegny4d,105900
Maranatha! Kids,40JuNvEnk3vufsyLg9WX5n,44400
Poppet Stars,52pGErqGHqDxFXNjUDkps3,10300
Ngatapa Black,62dOQewJke6PNFI5VnPodH,33
Hush Little Baby,6Bf1hjT2BXJhsJgpW1LF44,512
#Kids,0xbZ81HNcwUakITOS0WGBa,772
Nursery Rhymes,2TCyfTG9UWaZYgbg0bmFmG,76500
Nursery Rhymes and Kids Songs,5q0OF8Ql4tW3OWFXftiUAO,107700
Anna Rose & Amanda,2K9All4M52hYV1KdmIw9n7,0
BabyFirst,4bjlAhaEyLSRWA8iXT5kaz,20200
Giggle and Hoot,0LhKaHANMvkzWV6nfeGu6j,6900
Dominik Wolff,5iPlHbK1CsahdX80i0JhNx,0
Felicia Barton,7BtsooSogDGtA54zLBjk3N,181100
Boom Buddies,1XMt6XghNvLow5sm02aXDl,61900
Helen Goodwin,1Y2EkLP7KQjHTJws2LsTdK,1300
Five Little Monkeys,5QwXbTdhB4MkSLhKfWeC8s,6800
Charlie Hope,6sI7SYupv4f5Jh6RD2nJlw,975500
Clovercroft Kids,4d8pFJwCoD1mX4wAn7Ax2h,95800
Robert Munsch,2Dzn2ANNU5Ft9r3htzo6ZN,36700
Pete the Cat,1KbfmqDS5wguok1IaKV9kg,47900
B.o.B,5ndkK3dpZLKtBklKjxNQwT,26300000
Callie,56392nbTgYTBdNEB1uk4IS,77
Jim Cummings,3OIPwMAZipDCLQwHmxS5EG,1200000
Terence Blanchard,7IbO8NvxclKsk7WTOZ42bv,225500
The Little 'uns,1vqVpMkCSaE0RsQZ0Fvfvh,94500
Tessarose,7s4pqcP55465iBSnJ7hrFM,1300
Canciones Infantiles,2KRUmUbmOXybsu6inukf5C,171300
Musica Infantil,0mTNO73sdURw1cFY9dGirU,62600
Rondas Infantiles,41AECw5CklIDO8MDsFmrj4,46200
Elvis Costello,2BGRfQgtzikz1pzAD0kaEn,1500000
Tinsel Town Kids,7ofMbMyqQ9qMUVoFjY7mYi,155500
Baby Sensory,3v6L3tQYy6lDGqTuvqWouq,54200
Mr Yipadee,2EDBzZNew0M639G7RKCTsS,62800
Deano Yipadee,7hQbFjNyMcJxjwmlieqPy1,42000
The Tiny Boppers,5NhiJUP9lAGSujXs6HQhv1,134800
Wee Sing,4lzlU08DosVqrpEoOvf3DQ,215000
dhruv,70NcAr4ZtA3FAqU16iQZSb,5100000
Shiloh Dynasty,6e4vYHwawq5koEqTjlS2ko,0
Timmies,1AUZYkS7eLmZUnBjQyJmwf,1100000
yaeow,4Abe9XH0fplj8dbOddoYgH,1200000
Neptune,5IQRi95CwBWzOvk57vn725,3100
Finding Hope,0QGDb8TBWIT06W4BoyAggg,491500
Pink Sweat$,1W7FNibLa0O0b572tB2w7t,5000000
Teqkoi,6fOKLk8GmQ8xKogCRuuAwD,401300
Aiko,59SThek9uTINSehGNcgmsi,881400
Ant Saunders,4jpsw9CQS439N0B7SecMgf,486600
RŮDE,4CWpoyuE7e9NvBkUSTmJfq,429800
demxntia,6trEYfLSuAd9CS8bCy4sOH,468400
Fiji Blue,1e7K8jD3wRuQfnwDAOeGqe,828900
Tom Odell,2txHhyCwHjUEpJjWrEyqyX,29300000
untrusted,31mtcsgS3CJW5dEPlG83E7,377400
creamy,5VlFvgcPgMt6sMij37y8nZ,37400
11:11 Music Group,2MDj296KJIfgWDNBtHzeFi,1800000
Foster,4wl3djIA2tCPxv3pH7Rs0M,2200
Sody,01y8iBZYk8aeNfPsuTVrAt,461800
Sarcastic Sounds,1bq8rqNnfrojn0OSAfeNXJ,968700
itssvd,5yaF4LUw7ON1RmE4O8Q03C,740500
Jimmy Brown,5YPCpDIPOY4WqY9Bqdw4Uc,273100
Stract,5q6W2V8zwYbrEA0SSEg0IX,568500
Kayou.,4kTancl0Qa8Y7J0QKKTCrz,98300
Mokita,3sKeaby6GMSJWgYueZaSjE,917900
6LACK,4IVAbR2w4JJNJDDRFP3E83,12700000
Tori Kelly,1vSN1fsvrzpbttOYGsliDr,4500000
Kirby,5lcDGoJUr5WY5bCFAfYbCU,1600000
SwitchOTR,6Xz6ZnGZZ1KKct4jTyKKZv,452300
A1 x J1,1WO1hFAkFbeo9tV3uVX7Dy,1200000
Yusei,0K3Jtj8PRdPfgYLua8X1dv,284300
Faime,6bNCZ9mUA7Qpg8Vu6WGox4,299400
keshi,3pc0bOVB5whxmD50W79wwO,7700000
Donny Hathaway,0HU0U9kdXEHZVxUNbuQe8S,2300000
ASTN,7zkwepHPyac6tCYl0fL0co,1500000
Kid Travis,6UWui6Csqc1ywqnDzjOWnk,389000
Denise Julia,3L1qgTsUqavkiygkIKfWJD,2100000
Kehlani,0cGUm45nv7Z6M6qdXYQGTX,27500000
Lund,5uLkZ7FWMTBUg1corQqdkR,1300000
80purppp,4F9apzBcSE0OSfHYbxo4RF,2400000
sagun,4YJkA3YshwZ8FwljpMW0II,409600
Peachy!,7gvbCoLA8lJUktp8G2xIRR,697900
mxmtoon,0HthCchcL0kVLHTr113Vk1,2500000
A Boogie Wit da Hoodie,31W5EY0aAly4Qieq6OFu6I,17400000
Vluestar,2FcgwIGEPmPyItFPscscDO,204600
AtariJones,56z648PaYM48U4OLCtuClS,61000
Justin Park,4egd57eyEccqfOkHxoQqAj,175100
Rnla,5lKJ1MdVwexXUEEUFLI4l9,223100
thuy,4tklO14VqrYnBM1mpiCWQq,15
DCMBR,6sjYoprgk0hVjBA77kIXUr,140900
IWL,0WCI8FhrRg1eGElGlN6vD4,107300
SVMP,7xAruiqWj7ipvoPcDh2OPw,1900
Zebatin,0Ym5QNtGZn5e9Lrs9Y1jWz,43000
Fallen Oceans,4lET4bWdSD116tQndRZ96X,27100
boy in skirt,6YnaF6icmmm03VSrrM28ft,6100
Skinny Atlas,0E1HulHZpqPQBOA8isuQ7a,150600
Snøw,5fSVkkuijRIpxuvSqysYiP,343500
cøzybøy,3sWtaNsmsCx0TFaQkP8QAm,124300
pretence,0aYUw3tTOJx4RZArmJuPFN,82800
fenekot,3x29Ap4i7afDnr89hUuhiM,1400000
MASN,4HAfqyKr4Sqtab6ttHWXgE,542700
Verzache,59KX7XUUgAOOo5IyDjca0T,1300000
ODESZA,21mKp7DqtSNHhCAU2ugvUw,5400000
Bettye LaVette,55U998XxmxjicLMKDSz6R3,1400000
Monty Datta,5Hx084y0lkukp4MHLFmj3S,495800
Mishaal,02OVQxwnaXc0Xh8Iexdgqi,456
brb.,2XBiI8PjCnjJ3XKWtiKcvc,751400
Beowülf,6lbUBO2YJFbVF0N7DJlC4S,158
KAYDEN,5Dq2DMerDcvcdlzPTmo6Jn,141500
Gustixa,5dLfdoRqimRnbTC19bdbRD,1500000
Kochetkovv,7BPQzcw927WoBtakErDh6d,195600
potsu,5XE0fiZWGbq9TcSuWwJ1fA,627400
JBee,3LIh5lV3zpZkgmO0K6R6bq,1700000
Mixtape Madness,4ocdD0Bi1syVqLs1GiHqQ9,1500000
Bunga,1pELtwHOyeDM1ecKfux8Tw,210500
Tiësto,2o5jDhtHVPhrJdv3cEQ99Z,34800000
Arthur Miguel,2Ev7vtPI38BE2kQvwmH4ce,2900000
Nineteen95,5Te5N2LAUaxSogUGkzJ003,95900
CORBAL,2jjSx5EpZwv9iBAgFkGWPh,2000000
Sarah Meow,60bjuNQhWZFQV0YFObPWJq,0
Shiloh,2hkB8tem6WtX6015adeOXU,2800
Chris James,74b7GmA2oW8OcG5lZorMFj,0
Rahmania Astrini,0e5blBgpur3Y18wS1bzXQC,188800
Tion Wayne,7b79bQFziJFedJb75k6hFt,4500000
Devin Kennedy,6xRlQCMpg8bmkHlluqDF7Z,535500
mj apanay,2pZ83NwGQGiWxC3qJSTPBE,209900
Gavin Haley,5pOYIshq4ZLnVBEuw8sF6f,77400
Ella Vos,2zmrsXMHxagFz6vI2cD7r6,222900
Patrickananda,4gjXKx2a7GaIYwSDCBveJx,317900
Zaini,1MF873qFvGywvDUQbldyMH,119400
French The Kid,6bOFjyeNYNWN4RMNELqvYt,500
Sam Wills,7JFinw4LobpCUjapyKvsjo,762100
Honey Mooncie,5GACks0pdDAgyd63kXBJFk,494700
Eluzai,2N0c1H0QXGAfZQHASg7ir4,99400
Christian Kuria,4uaGojdWj4H6cTJydZUPWG,1400000
Home,591B30rR0fT2JeE9zXPPwu,19100
Luke Chiang,1dPSMH55yhvjYIwqCP4iDj,2200000
HYBS,4mr4X9nJC8DPlNukWbgAaI,3300000
Fatboibari,13iQ9ZfyvF0fJPpT9uVzfi,294000
Weston Estate,18CPEToK1OfjJ5B5vDBDKa,398000
lofi.samurai,6NLqFFCoVnFwbXzoIB5Col,144300
Rufi-O,5GKakcgOxfujEnTZOffcRn,197100
Lily Potter,3kcD3ZRH9oUwWSvQNVvMli,361000
b/t,1EXymL8zEdU5g62GiBfq6D,73800
Matthew Ifield,6yMqTedMPaztNCXt74pVMI,1900000
Lexi Jonga,,
LRN Slime,5J66vFlveTqn4j79SueFCA,311300
SHRK,3bDsGKWVVP8NdrqpiB0rEp,258200
Gentle Bones,4jGPdu95icCKVF31CcFKbS,352800
Raspo,65kJwju1eepQtEQ7CG9zEI,203
Shady Moon,2urobxol2zYHXOUJXDh8n4,505400
Rxseboy,1ScHz7wPPxVTEKsc9g3Z0c,836300
Charlotte Sands,2cAXhrWAztXGwk6r15ibW2,717600
Patient Zero,5jeNufM0WlpabXx3M05ZJr,14400
Dept,48JtfAggQQpfUXQNxkGm5U,603600
Ashley Alisha,63P6hjn73jNbnEFT0gKWKk,516200
nobody likes you pat,7pxMZWBZWMMRH3USeGtu1I,50100
Julia Alexa,0Tw99NzcM3Y2t7Q2q88Xss,165700
Belfa,6sBNAhdkb34YfSofjjZf9L,39300
Insowmya,3DbDp2eOPCBKqQiuVhlQVC,1800
poofi.,0KoZYmcvOpzgV0xJHmBTsH,23100
Sarah Kang,0MBNzfGHTiPYag4DupDXUj,831800
EyeLoveBrandon,5nlf0Hcw7PI00zee655ZYX,132500
Rangga Jones,330A2O2MYF4bWFjwM5PJ4z,561400
Conor Matthews,5iWU68xnsNiacwbt1fYEcq,567200
GSoul,4oEXworvhegyK83rZwVyWL,205200
Varien,2g1JSu9UfRcQQYb3b03Km7,259399
Andrew Zink,2aoybyf3mgYIdVA5sX9TFV,13400
GEMINI,0fFweLcIeIh0d6rlziE9BE,3600
prxz,5hJfvdYyiuLkSa3Uhljhgi,0
RINI,2joIhhX3Feq47H4QXVDOr3,1400000
DWLLRS,2TviQllPVEQ7E68Yr4uPKR,472700
92914,0Zoe6ljAJo85rggnN6OaOF,262700
Hisohkah,72y6MZHIPEyS64ACSCtIq6,1600000
WMD,4huXijLHlm8VMzeob86QvD,111700
Idealism,6YJ4EgQzDfJnIHRbqIHAdD,368200
Elliott Trent,4U6sGpoCZvYkwmwB3VtRTW,301200
Larissa Lambert,1tM4ox3QsSpl3R2VwLjJ47,1300000
Kina,4qIVPF0s71ZYW3qzhu5GkF,4099999
Addict.,33FWu1JTA73HpPE2tBiwNX,411900
Peter Fenn,6gMyLqdBGrHjR8TdCutVIP,104900
Carl Storm,06wZ6err8NOnJK992dWO5i,69500
William Singe,5exS0bytCYdixgv02DaCm3,3300000
j'san,5iMUho98faEp2w6j5p44PH,575900
the bootleg boy,2i17uDAKnwPO7PlDT4nLaz,96100
Maberry,4hogj0YFfrnp8n2XqnFwq9,30600
Lokel,07AgMHs4EQzev6JLB90W2N,35400
Tankz,4QNplDraGBJxHrpwyDOD53,122600
Sky McCreery,1LvKB5b2uYh3adUcl1pRPh,139600
Seon,4sADZZMvbgQIsCCkmqUYF8,322700
Zachary Knowles,5BxcZnUcETSt90VlbsdugI,252700
dhan,5ZFGR5cnp0klB7NVzj6oCS,44700
me7k,5yXMtEjaBVEtGSyICT1w2b,42
meynus,2h36lqLlhIyJt4UpCJrLG5,62100
The Millennial Club,5Mk3yOBlfweeKamsDiap8H,693000
Niisan,5vgT3dUG2i04qmrJ8bmyOc,82
Benjamin Kheng,53GouHDfCfsBJIn1OjYmPO,182400
Purrple Cat,73aKnLT4O8G2pBEfdlQzrE,539800
Holem,51qSuC2fSbksAZ19P1m45B,72500
Arz,369T15zvlCiF4zAzdZNhQL,401700
dwsdmusic,2LcmL7CeH69d7BXst3M2GB,29500
Lil Kev,05U8xYmKMe2z0IjNlI2qG6,46
8percent,3IvnJDS7SNCDivxi0xkiSK,140100
The Deli,1EJzWKVDeysgbyuZGfEFde,310900
[bsd.u],3m1IaEwT7D9hFKOfpz5VHk,205400
Bennett Coast,5JKePhHHAtaMvBoWuULgm6,677200
Sølace,3UDCMWL53YR9UMK9cWA7m4,27
JUNNY,0lgENJQUkqkDbpsTYEayOr,1200000
nekoi,35bvbFIyBxIh8wXa2eZgFI,21800
Shoffy,4wO0kHiOwf8l9VMJJN9HmG,315700
Dane Amar,5S68VYXiXt6oq30pKqQAuV,488500
Jereena Montemayor,45iYm4bGYfT8nY4RxNBhlr,610800
Nohidea,5b0XQwyoJBFd3MwL2YxEPO,136500
Cody Lovaas,7fWrZ2q4fGZAnuCPfgSU52,108400
ROZES,6jsjhAEteAlY0vCiLvMLBA,279300
APOLLYON.,47gu4SATKHrRcdo5AbmZwp,0
XANSEII.,2ejQ1UJwXr5ZuNVHc95SNA,32100
Philanthrope,13ACz7DIictCpSYGglNTHs,446000
Ian Ewing,6QrRSfwkZsixVIgDRhpToh,234100
Sleepy Fish,1IJe80moz409PtxW4llPFw,156400
Claire Rosinkranz,3V0ZQW0dNuVaFtbVYgSI24,2600000
Clinton Kane,7okSU80WTrn4LXlyXYbX3P,2200000
Audrey Mika,3JDG63cSaK3xgDnB2H55Xp,659400
Konteks,38lJ5B9ZBk3zsRKEf3oG2R,367100
Jinsang,5FsfZj0Mp6YwEWytuJUcWt,381000
Burgettii,5akLE4T9GWOcySnGtZdBC3,61000
Ethan Dufault,5c7oIOloT3runmK9YMayzJ,244100
Noisestorm,2BuSNpxpMGJGiAAWJYJT2t,994500
Adzmilli,3A4ei4RiCL5NLy4D7RpVdk,29600
SKY-HI,4Kbxm7oCQujaslLxf9q7k2,374600
3RACHA of Stray Kids,1GpgROLET8tI7DKTRz4EgO,0
SEVENTEEN,7nqOGRxlXj7N2JYbgNEjYH,4700000
JON VINYL,6PvScqSJuICxvoA3UDYPmu,185800
Sasha Alex Sloan,4xnihxcoXWK3UqryOSnbw5,7200000
Valntn,1sdnOXw9epamqw5ERPK8T5,128000
Tray Haggerty,4uSOt6gWpmhpmzGtfF9KWs,39700
Johnny Stimson,00OF0nwYaoBSO3AnPVq3vE,1100000
Nikhita Gandhi,3tPQOjkxO3mrYrrgkTeXgH,11000000
Elijah Gonzales,5x9D1BQ3KrPulWex1fEqqd,16900
Sainte,40UDzsM867y8c23LO41Cgs,7100
dyl dion,6oqHT4S7trO98T8NkbQJ4h,120400
Powfu,6bmlMHgSheBauioMgKv2tn,7100000
Canking,6mHcziq4XT3ejLdrEM6xwk,158000
Ess2Mad,3ZA5bjFosTjcP6FFD6NdBJ,140800
NÜ,,
Nvr/Mnd,1DPCiDQkLqz5UBwLKknDPN,11800
Yxngxr1,2jwRHcdgkRhelYEMqndDKe,243900
Jenevieve,0dUYLC7DLjeS8gIh8cz2Pq,2600000
Pandrezz,65ZGdYSRT3Rmv6P7DN4XCC,462800
Epektase,31jYTsfmnHqcK7ahdqlqmo,353100
UMI,4ClziihVpBeFXNyDH83Lde,1600000
grentperez,73BLwSX6gsNeVzS7DgI4xe,1900000
Sway Bleu,0UCbydneMuhqhsaF5qQu30,64000
SwuM,2Fc1UZXKRmPpWWx1sxcb9m,657100
Elijah Who,0YOJdlZjWMC8dZ6t5mA1ln,0
slchld,33crDRqANd3NQHJagZkQ7O,795100
INTRN,3hxOD0IMrJU5DwOnULXXLV,32299
Nieman,4SwV4H2atecTIdXKyLfSfR,120800
Laica,2DqImimq9vdEbnQBxGgihQ,57900
eevee,4pwqNyMSvuv7VOhQBdjB6Q,52500
Shiloh Beat,0GtsWuDVu0TXXf6XNsmJrL,68200
Unclenathannn,32Yftem1IqHK8e2aJWbvrm,235400
KAVO,76Q0JmDKLtP19IwAHbKMC7,52200
Prinz,1HW6z8Py01eGYdzm2T5qIf,18
Liilz,0PfJ0SW9UpzczeHL5hgdwL,198100
BluntOne,225l1KEprObX8xgl8xo2Gc,344700
Baen Mow,2mt3wR9B4tg9KXvICFYhqM,247300
Phlocalyst,5xJ9q1lHwa8AShRof94oIt,1200000
Alrahim Wright III,2AxrVFAwr5CE7AEe0ZTwlX,25000
K1,,
Takahiro Izumikawa,4CJAJc3P508XZPuIOi1c8D,23300
ZRobb,1RmSC77TcLJOAryLDXEpbZ,84400
Miso,04xEkodoWyFji8icX911jM,81000
Alt Bloom,6JxQbC46LapcvanSk4J3OP,146300
Hojean,0ENnerFBtqPaVUcHadXU2w,578900
Marc Wavy,2TXiTMAJtmAIe8tpHrZBtZ,37500
artemis orion,6xLeeQEqxKiq6mXCgvFKSg,215300
Astrus*,1CyAtnOmpHpo7OcTqkLMnR,115500
LAKEY INSPIRED,3zDGjdtoxUiH7YcTWOdtMd,341900
Jaylon Ashaun,5dhseP7KiICmkxT5waM1Md,138600
Rewind,1N8Y4kaIF0ktxmylgsvUiY,24300
swablu,77BP4JTdJ4D393H7e1arNe,16200
joan,3HXLY1sNXIxHfulrjPiRf5,341400
JAY B,2TdZWrXKfFeB02QswxEvU5,7400
Engelwood,7rgCh0Go1ezmcV75kXQM2T,363100
Federico Martelli,6uh1b60xvJwoo2VrAv8RBV,1500
Byjoelmichael,6d8kCkHhKJdEIANjafcD17,44700
Hinshi,6K1Arugub6xpjLfkJfgCZL,199900
Ondi Vil,4ZguwlmrdElUZaO36dRTbn,86600
Ben Kessler,6Lx82nbEVfeTfEa4yT01Jo,477200
Lizzy McAlpine,1GmsPCcpKgF9OhlNXjOsbS,13000000
Adam Turley,0clfID6QXqVAUhgm7QHpwF,81900
suggi,1plTV3dffWAksGX2XEQKvS,96700
Moxas,3XYVGehxrRKN0Rt5Rp7e8w,418800
Sebastian Kamae,7GsvnIE0bUBu6WZXO3ryJe,683200
Mindr,7AObJiF0vqNNnysunp45om,279700
luca.,7rvToKFpMMPIwV1kr6MUJI,12000
Walmoods,4B53ZdPG7X8UrnLQB1gFBZ,7400
Tenno,3yu4VilcxpQ6h35vRcemBp,529200
Hashir,3daREed4KlrtvohgJjSkJr,29100
rei brown,4N7IToHBlPXqlrXiv1Nij6,285400
Nbdy,0dEV4s1JTPtY0a6VeWcSsx,0
Still Corners,4zKYrXs8iN4AeHmO8ZxNqp,2500000
Nate Traveller,34qyuX5yO72yzL8Z4JclBc,4300000
iyla,4LXBFNxqvOcdBVpbgKn6op,211700
Kaxi,2Aaz4mQGMr0iuyBE2lcfxn,21400
Tomppabeats,0Q2Tc5yZFJpumLMc7Yz4e4,288100
Zmeyev,3VXe7BcibISROhxRdPuRNL,574000
Screen Jazzmaster,0ccv58yNhOu5FERx9Kpvgt,536200
DreamBetter,71CeLiuIiNZFUTnhVrutGi,88300
Rainlord.,7kpJ5MncdSZT34B7X5TU8U,53200
Dvwn,6WWUJGBY4ETAE22tRmgJ8b,378900
Yayyoung,1mefU9eSDsjTwOJK0gn7xZ,112500
Vorsa,1gh8GYfxnY6D9nXPQ1Pb6g,47600
Hope Tala,74CcYmmNeHKe5PrZaISk8e,406500
Pep Starling,2OKT3UlyCvDefb14iq4E71,118800
bearbare,6PKlFeLEuDwKi9jOLf6qWi,100000
marcos g,3O2UFvuhmgSDH3q6miqELN,75600
Michael Carreon,5rYJsXiNw3NxHJfOxtmDuC,568100
Jesse Barrera,51KbY36mrjHRQwvSbel74l,1400000
Kailee Morgue,245PKF3hKjtxJKIG153kF0,683200
Janine,09Xydf4dlkr29dH99DmsvQ,3400000
Joji,3MZsBdqDrRTJihTHQrO6Dq,27100000
Mac Ayres,0fTav4sBLmYOAzKuJw0grL,753100
Zyra,0DGAOR3KtqWwWSwDzhzqOa,1100000
WYNNE,7MtZPIh0gpnInKFnXGcYDS,564400
Mansionair,4qOzMSukiZoiSjPQw8Zs7s,1000000
Fern.,7KoTRIhjkIQy2L8RjWDpfF,488200
moow,4dGUoQuMs1zVpafybz4O9d,131000
Lotte Kestner,0LmmhAkoebSsbFfgCybcGI,154900
LUUV.,1G38ypfu0UsxcNnB5aYGbt,89200
DAY 7,6sN9U4H62woy1SCVoE4zng,22700
ELIJAH MOON,7zaX4YOtBF5zM86q4qUdKP,72900
Beach Fossils,1bwUhKRmEkOZ1wuTnV9XjC,716400
The BREED,5Xl8d6HbzkkwWmSQSOsv7k,184500
MUZZ,4UNnRb4LN2hGtbtMfPzMhg,445200
F.O.O.L,1ldNdtZX38LAsOk0ciLvb2,270500
TOKYO ROSE,3kwoPkICT4iPkNjr6mL13N,156900
mommy,0DJoMHFNyxWdoGqi8XMdfk,155600
Kyle McEvoy,6rRqxCKHpl9C5Imf2uinft,340900
Eldon,6so3Cydf32ZE4ztbphgyJV,4200
Made in M,5schXx0Ys4N52iU7On2j4c,243600
Smuv,0SM6zo7lSdqyplZo6XRX76,86200
Nemzzz,3DHtfeD4PsmR9YGhCP4VF7,6400000
Panjabi Hit Squad,3IlSLDQTwlMSGiWDRoJ0Gj,82700
Rahat Fateh Ali Khan,3OLGltG8UPIea8sA4w0yg0,22100000
Trippie Redd,6Xgp2XMz1fhVYe7i6yNAax,23900000
lullaboy,7zrkFhYAp6dBxsydmJkouN,535500
aren park,6DkSlaCu5TQbPnWESiyrUC,26700
Finlep,1CIIFCOCvjPkzlNRxw0XNp,362500
Koven,3UCbp6D1lvILlxRJT9LnFa,1100000
DaniSogen,7igN8kqLCyyGn6QoVmB6CO,82300
CAMO,7yyk8J9JJakCmQMyB2C3Qr,774
WOODZ,6y9nlaoynxSvoTGY09Vdcy,1500000
hevel,7gnhLu1Gs5WaOuOPnFm9js,45200
Evito,6Xc67JjMWqV5DcfFXzUWPS,26700
cryy,1pUa7pNEvfChvD49EUJgrQ,4200
SPEECHLESS,0RUwm9ukhlW1oXDzXxj3C0,94500
Ryan Celsius Sounds,2AtYJoC6VmUtkxonmVnbVR,561100
Rocco,4Gd2OByIIOatknO6CqlUnP,1700000
Aitch,2PJEagPIxaBugeMjIyKVXF,7200000
Alexis Kim,5EzAjCalQrWFkclhRS1Xap,0
Saib,6N4HlHINMvoTyAL0yhBUCk,640000
Jesse Gold,0ScLk4lNexNrtkDmGQicRx,666400
Stefani Kimber,4ePVAZ2pFMlU0aFbPc3qgF,176000
ROY KNOX,6rADW3yvxPKpxWuNUKEed3,227200
ZIONN,5kEEpbGzmLPGYFm4gV7aYG,54300
remy,4DsVKs4W72RTKOfD3CtTaw,120300
Public Library Commute,2FEdyVgGMSclOsYJ4wAQUY,211600
Ely Waves,7k7xHgJmIYaxLLnECoQrP7,82600
Danny G,55u10Zb9W8haN1zahVokOb,42900
Arin Ray,6TvjXbopXg71XRM9OZWqUc,615600
Maasho,1JREmglx633MGQB73njWtE,88200
Mounika.,2FdGoGN8SKxgxhUlP9aMDO,665100
Cavetown,2hR4h1Cao2ueuI7Cx9c7V8,4400000
Martin Arteta,4bGPjihFEUsxf9LPn1epOv,510300
Dhan,5ZFGR5cnp0klB7NVzj6oCS,44700
Holly Drummond,24O8Ftz6AqboC3Uawbiw4r,18000
cucu,6XNEnhRJe6VJDbDrOgZ8mk,12300
Laeland,1X6AU9VgQPke2P4ES0EhJ3,113800
Wänderlost,7MN9KqDrLp1f8JZ7f1Wymb,24400
MEDEIA,5KNeODkE372TZMRiUB78YN,1200
Charlie Houston,6BkSTbIWZrLZZK0sa2GehR,256300
chief.,0HCAzT0cSCpiNje7AcAQaD,221300
Nujabes,3Rq3YOF9YG9YfCWD4D56RZ,2800000
Cise Star,2TNEM4mfjaTeGw8dBTyxsj,0
Akin Yai,5BY7uwdKwTd7ZZRFLUxhcw,35600
Feint,6RQ9kYbHisp1UUbnfwHNeU,567900
Laura Brehm,7ddnIV2r4SLjuwyGlgLIWt,789300
Jomie,5F4cFdG9NvJMnHXJkmqw9g,111900
Bahramji & Maneesh De Moor,28QShxNpNAFZ8AU3Rpc52R,34500
Mount Kimbie,3NUtpWpGDoffm3RCGhSHtl,641000
John Concepcion,7joZhGId9N3mUDUZHRVee7,0
Vinsint,69ju9QM8q4oX5jZFQIs9Lq,13
Kevitch,5TBHVZmjr81pOyk8gi0HmI,88300
MOSSS,5gRGeLfkGBsUOv9aJieEey,88400
peach tinted,0jAu9Z9QrpYwY1vBenZs9Y,169500
Grizzly Bear,2Jv5eshHtLycR6R8KQCdc4,1400000
VAL,60JEZMHoFcFU0jb6OlVD5C,7
Dion Dugas,71eYaTMbcy8TPXVKJm12Fh,23400
Roiael,7adFfs3GlinwXWi73fbKiH,18800
Leah Marie Perez,05gnMS4p9RKXH3uS5q9qfP,158300
Kudasaibeats,3VcaBezSFVJHqylrhaYun2,147800
Thomas Reid,0dcxj82ddksd6tDDcJgbqo,167200
Bonjr,10dzW1PpkEFPkeQSqvgXvw,812000
Nason,1vh78yjQeZmPN9a5qLlBpi,4800
amin,7foA7wcYLH2M0GTvG5LTbv,191
Colde,3VQDqjQ4wJyw8PzpGdlZpB,1800000
Crush,6Eh0NR7lsa49p9q0spD0c1,128
Presence,1osoGHWZuQmlMrYuUs1Mbc,117
DeVita,5PS3ZZE5bBiZ3Ct9HiRG2B,86300
Valerio Castilla,4kot0Uzr67BAdjYsmnUczI,17000
Tone Stith,756t7CBmWLNYsshVtS6P44,599200
53 Thieves,4IwM0dNvhWqqtsTyulxe2K,149500
Wale,67nwj3Y5sZQLl72VNUHEYE,15000000
cehryl,0bBrsS9ufPAmeFQgDNG54O,38900
RUSSELL!,1cEcF3RdBDSBjhF5Udcmdb,103900
JYLPO,1KeT36km8BYQZD79atBWCe,57100
Oscar Welsh,5h7aN3xfMdLwyuopfgvtST,30200
Do Do,3JeD71QsTXv6QeiJl59Nfe,0
Stapes,4ON4zcOAOAY55jGZUEb1Wb,46200
Aether,5UyjnQfu4OsLGiOi3sIoEN,101800
Knowmadic,0HcyeAioEKhfwVcJAoyN36,172300
Jazzinuf,6rJ1GwtHin2BJbKLuNn9pi,271900
Etymology Records,6sHwGhhYxjbUEiT06hnt20,90500
Hoody,7lXgbtBDcCRbfc5f8FhGUL,171900
GRAY,3kPEBSt7qgVoRZSbIXMr7W,201300
Kado,3hBvETCf1HBhhZSv9kc1Tb,433500
Ronzo,5i6r27cMI5xAJHs3awxmmd,59600
COMFY,5c9aPejSDesU9OyZsdpj28,193100
K-391,6pWcSL9wSJZQ9ne0TnhdWr,3800000
Jeff Bernat,2vVT4qoxWje0gVD2FiWZ4u,1300000
Geologic Of The Blue Scholars,1OHFLaQWiPSWzt3pQcGeET,0
Tiana Major9,1Naqgo0HMRoumRP0e2MXD9,748700
LARINHX,00kQ5yo7yxd5KC1ihuH77i,1200000
Ikinya,3P9UYzQwlhR3HczWdbtcmU,99900
MangoLab,5Dy75ZScAdoNKi4vC8oCym,427900
Ebony,1UBSRfDGNkhpTWQeMyCwHb,2300000
Miraa May,2fOvE1l01YyORhYzwoaLCM,502900
Colette Lush,6cPaKxbdmfSTmt1wKh4GcX,138000
Eric Godlow,6lhr0nzsM2U8LzazhOvZAj,84100
Shing02,0FB6beTn4vescDdnHeCUm9,247500
Jeremy Passion,5Z8UTQtTYNu5o5FA66LFgv,880600
kaii,30FKMLZe54ybKyWQRSp8ye,8200
Idi Akz,7cmvUpGGozT8si6UDR0YHf,106500
liliomsaal,34DJ895nSG3Y2ZYogZg0I6,11000
TOB Duke,0swrkotfXHdeJNfkELoFkS,120600
89ine,3FyNBN3DLUkQ2WEi1vcyDl,15500
Joseph Tilley,12knc5DPOIJKd0qEeYaDVm,219900
iamalex,6M6LWvHKgBle8SUtSpq6SU,515600
Felty,5zNV6mtDd7Bo9ncZws9TFG,411200
Tiffany Day,5D5Qbe1lf3aMnLsPSzXItu,1400000
Tycho,5oOhM2DFWab8XhSdQiITry,1100000
Saint Sinner,0DoWlk1NzQp1VWVFtZOb8Y,213200
Satin Jackets,5Gn7NoCZvbVlGgtZMILRcv,883100
jesvn,36jnuqyCZ32CQVFXgoVwII,1700
Unknown Mortal Orchestra,1LeVJ5GPeYDOVUjxx1y7Rp,1200000
S N U G,0liH4Jfiz66Rqjz4DH3JZk,532700
Dyrean,5fn1tnRpZpWa31F9ZLPrjS,15300
TELYKast,7vWC03wqXwUqjPON8hc1tz,1000000
admo,6azdwGecDNGbIpCpOOdWsG,192500
Naomi Wild,5EBlHXi71tDXnFtroEh7Rg,445800
Charlene Su,5Ltw2zQx9zqzyXfsQkkFBD,53500
Dan,1RB4zAOvNQ4RZHMUa3fmK3,1800
Valera,5408YTsXEeDoU6JMfu6S1p,39800
静的 Static,6rEjEIfp3NSRteU3kJGSET,195700
neon,5FgClTZh072JkPG2OEDbuv,16700
Blood Orange,6LEeAFiJF8OuPx747e1wxR,10600000
LEW,74wwB8fuPfI5zliwuEy3IS,129600
Ocie Elliott,5jbk18C7YXRcEZxUWPJCyT,3000000
Dylan Sitts,6quCxsPM8fOxowmqOx5j93,248900
HDBeenDope,7nE3HHVn8oM8s3kA6cbL8O,191400
Sivarni,5JjYzdDYQMWMHiNPNtGFqK,49500
Jayla Darden,2FcXBEz4zZpJGNO8CSrchU,240200
Souly Had,20WmX0l9JgOpehDOAXY6iO,413500
Anthony Russo,6PFcrRZezCL5p9A0nwb7ki,242500
Kayli Marie,6kfzVF4QFErYpjmPx6bWMK,20500
omarr,6VlR5v7VgUjpqIrIgrZ7wb,28900
Mia Smith,6qZ3QAYU67N9H7IJc6rBvz,7200
nilöwh.,5nJZ8yWTYT9tGeJyUgbD8G,283200
SAMI,1MV7QdPnADuwOZBHqZory2,865
wave to earth,5069JTmv5ZDyPeZaCCXiCg,7300000
Blossum,5n57oRR8VeYTcFnpz6svA4,223900
OKAY! KENJI,00zm8dLiIe8eTAWaEsrOrm,17300
MKAY,4syLia9OumKwAqv3PQjNej,92700
Oatmello,0YAkOkbeAPiS35qyouiM4O,302100
Gareth.T,6R57JlNKlnNrYaji0vw8xx,1400000
Heather Sommer,0EHYuPn9Xng2lZP2cfz4cV,466100
Late Era,6SRj6cRWRVlDvFB0gHHVkN,16100
John Newman,34v5MVKeQnIo0CWYMbbrPf,18100000
Elton Baptiste,7qZ2onZeQHlYsD6ZoGzCcS,151800
Dreamer Boy,1UJKiAI4Evnhh1ExDse25D,181800
BENEE,0Cp8WN4V8Tu4QJQwCN5Md4,4500000
Yo Trane,4W49e48G0gg1pucAN6JiGH,244400
DESTIN CONRAD,4jwROPSUkTkohLCRiyjiZZ,1600000
Raveena,2kQnsbKnIiMahOetwlfcaS,643500
Jessica Andrea,3cxjLPoupULWAW15bgjkgl,59700
Chrome Sparks,2pTCZ9C1fXdaVlv6d5EIXM,563600
Brandon,3g0qiOCA33sK7z0EpfrvGs,41200
Carter Powers,5yMP7gARMBm1clLJLpNyDc,7100
Yoste,2wwZDwSBHaVaOI6cE2hfhf,123900
Madelyn Grant,7kdIgG6b9e3DZVmroWzu9w,467400
Orion Sun,2efrqekWSHlvhATD50AG3m,1100000
Tristam,28Ky95tmlHktB96DBUoB0g,502700
Braken,1SFSz2SewAsgPeFvGmAouI,274700
iithe1st,14oco62zVm1lZy1oOpm6Dh,31300
BEKA,1f7QsihhMxdhr7kLkS8Q1x,164600
Miró,2FvqeCJVyEjdfS2KqlYhi6,99400
Alextbh,0kXDB5aeESWj5BD9TCLkMu,54000
BEAM,46MWeeHNVMYRIIofQBEX98,2100000
caleblrt,7MMURmPxjylZqJVSR0VXVe,5900
De Lorra,5daHbk6DuuCUxXRoKWlf5f,65600
Ben Beal,0CTpeTOAvzc1FOlPj4uYWV,188500
sophie meiers,4Qz5J3GBpmR1LcPgqFbzlW,273300
Keepitinside,78cc6k0CLZpWYSO4x5xnro,29200
eery,2nu6ZVLgiNcRcWgDKUjplH,70900
Swell,33YDUWGeEOQ4fIjGkJAcaJ,66
MitiS,16yUpGkBRgc2eDMd3bB3Uw,340300
SOUNDR,0YnlfML5Nu6DrpCshXMH0X,62100
Imfinenow,4VegDdugwCSdbyoHdObFEy,42200
Free Flow Flava,7BvLgunXTcIAkE1uWNbbwQ,212600
NKOHA,74yb8EAWGPAcIUo6CFxKIR,110800
Cloud 11,0n6GDCiS5jdd397w26yQED,7100
Deno,58ICshZ0AgBMNJiLHK3U8l,748000
Dylan Rockoff,2L2hppNg0A5WfGJTChIJL5,61300
CHUNG HA,2PSJ6YriU7JsFucxACpU7Y,1500000
Glimlip,5wEF5my54dE5vMMmSUz2q3,250400
Yasper,1axdL80XjVHdInGsJbURyt,193800
Alex1,0FDzmUEXdafn3kIB3cWrF3,110700
SHURY,7luJJRhYeoWYyJ6GALZvjM,56000
Bombay Jayashri,5OTt6O4Q22YsqZDaWV6FqC,9800000
Ehsaan,2TtFAgogwuEBvXe7DecRzq,670
Loy,6MRzB5b9YzkH4u301606hl,227700
Alisha Chinai,4mBxoO0pAcMbAwuTcrcLMc,9100000
Shankar Mahadevan,1SJOL9HJ08YOn92lFcYf8a,29400000
Gulzar,0yRC5n90spXG0d3aiDQ0vB,10200000
Swattrex,1c4IXYT2idOski3WEtfJpW,728400
Wolfgang Amadeus Mozart,4NJhFmfw43RLBLjQvxDuRS,6700000
Květa Novotná,0Mzx3REleaRpvFCPy6IWuc,2500
Una Bourne,2BXyJMvfjjaYWJUd5TVe2N,52
Amalie Malling,2IyIh5dOYZxG8bShMbWEGI,1000
Hans Pålsson,7emtfPav5RiNZx2DDyCnxj,1300
Albrecht Mayer,1Mbvbes7vW2Pg3bWD9aDgW,175900
Vital Julian Frey,3aeN9HryR8VBvkHmeitHwr,6300
Deutsche Kammerphilharmonie Bremen,2g3N0oxbmn5Q95mYNNdIo4,126700
Florian Reider,6vle26Ub4Qwq7dnd8TBhJU,0
Johann Sebastian Bach,5aIqB5nVVvmFsvSdExz408,6600000
David Bell,29BEmD7wvKp6F5GTCcejY3,642200
Berliner Philharmoniker,6uRJnvQ3f8whVnmeoecv5Z,4700000
Herbert von Karajan,5zCaQxjl110XTrm4LQ1CxY,3300000
RIMA,07Dks31O4uNfUUafussnoW,234
Renée Fleming,3SK3gLBgy1jRuA4VnLlcs8,408000
Anne Sofie von Otter,4pFlv4QVInj7bAo0MqHpwW,108100
Michele Pertusi,5rw1xoECGR6GjOanoR5S9G,15800
David Syrus,487NLbb0IhXM5jdQSSLJGU,2400
Chamber Orchestra of Europe,1VfDXOsmvKAtebAZ9KxQhC,276400
Sir Georg Solti,0dicUFoK5LIbqu6OoHu8VH,310100
Vladimir Horowitz,4Ws5hSoABAwvGJ4LhHwHgq,527500
"Orchestra Del Teatro Alla Scala, Milano",7JdPe4gzrYmbcko3FTav57,325000
Carlo Maria Giulini,7LeEa79J3ePCT5pXKQ7Mkv,212200
Charles Gounod,42Vmza0WYHdhsgxFmf9Tui,694100
Kian Soltani,6TPa1gvIk1h4Iv1zJ2WUYQ,317500
Aaron Pilsan,2eI6Cks4QJJYwIxqx9W7Mt,134500
Barry Tuckwell,4FhjvKJ6w2iX3q8p2LpN8y,20800
phil Blech Wien,410bwl5KY3g0beQbvYGhQJ,2300
Anton Mittermayr,2xdjoH39yxG2EgAm9JEu8A,2200
Bernhard Paumgartner,4B3iYkHBDZixPAvjXWEWfR,995
Camerata Salzburg,2YVKCFWKG6JdDHKYvbEljE,130300
Mikhail Pletnev,2YdRnOqBXCl9g8xCLcGh8C,1300000
Gundula Janowitz,2VMPE6OWfNkGhnPe4KFLgX,105700
Christa Ludwig,1Jgntox16Lhl0bFoRhV3Ar,35200
Fritz Wunderlich,3jp4zawfeVYVpSzO2Yujbv,35400
Münchener Bach-Orchester,38hliKqnaGCbRmZcLNoDvX,130199
Karl Richter,3iamDPaou6RYgX0C43Qm6j,182100
Wilhelm Kempff,4F0h097DbL1XBqIbDw2xOj,92400
Ferdinand Leitner,2KijWsy9IabBw2joLYQ8kn,16200
Orion Weiss,5iT645Y7XQ99AdNq7hGI2e,16000
Boston Symphony Orchestra,0K23lQ2hSQAlxSEeZ05bjI,1100000
Seiji Ozawa,0atCvjK2GL6ezQFGOQOYQo,695700
Boston Pops Orchestra,7CIcEIOiWaZcEH35cpsdZq,569800
Arthur Fiedler,2JQBcP1ceEAdwHM6cvSCv8,321800
Lorenza Borrani,6uDumdUl8JzVq9EV58O0vZ,23800
Lucy Gould,4qhXo1SXU9cEWqthc9a12E,24300
Stewart Eaton,0goCBfLBPGkB72ubAzArK9,2700
William Conway,5GmW493xxhG8rIMfQ772y5,2800
Enno Senft,7E6qpJrYAwSXiRoIdinURK,2200
Stefan Maass,4OE0FgmZJ7YXhFGNNyFzP6,24100
Stefan Rath,51LkoMpGrtDSAH8JLDwjFG,23100
Beni Araki,5xot390AiXLP31vSxqETiP,93
English Baroque Soloists,3OtZV9aCZ6G004vjOQcf59,276900
John Eliot Gardiner,1qIRoGEKXINqrCx5N1engi,467400
Rainer Kussmaul,0RkCYrO4cNyWVkWeRBFco7,38700
Berliner Barock Solisten,7mEuyFgTPiTRgCh3Hzuwsl,53000
Jean-Philippe Audin,5ihHM2RdpbE8TG6OpDp6Lz,346
The Monteverdi Choir,0Cqfz92flAzrp94pgN1jEW,287900
Rakesh Chaurasia,10LLaI6A4jACT6M5ddEEFg,124000
Frédéric Chopin,7y97mc3bZRFXzT2szRM4L4,5700000
Benjamin Grosvenor,4imd50KIbHcyrStbIuZswj,648500
Vitaly Margulis,4soPfCyByGUFsZzpLXh36d,3600
The Norwegian Soloists' Choir,2Crdta0ibpPOJm61JSa8W5,6700
Grete Pedersen,3NHpDHzQbPw8FYfwRgfMOZ,6100
Kate Hearne,10huUfnEkhQdjOfjPHYgyi,692
Joakim Peterson,1cD4yQnMozWnvCi2jNa9ZZ,423
Christian Kjos,6vSkcb1prQIbTN5ZbTYjuv,729
Dang Thai Son,2J4B5XcqpWnrnA4zEBrfUN,7100
Peter Schmalfuss,7mOe6jfxX9EILXET9l5L6H,154800
Seong-Jin Cho,1p0J5PXJQMVqk5uVV4T1ja,398800
Ludwig van Beethoven,2wOqMjp9TyABvtHdOSOTUS,6300000
Murray Perahia,4EEQIAJoeN1V30MqFFtXxB,360000
David Fung,6jyGuBCyR8HL5J2HQ0CE8t,378
Wiener Philharmoniker,003f4bk13c6Q3gAUXv7dGJ,2800000
Andris Nelsons,6fkV4LaygxybcMjo4cJLrI,172700
Frederic Rosselet,41CsWOH8P65RIg5ElXDtSo,9
Daniel Barenboim,78sEozQOEJxzXegUuqRSgH,2400000
Makiko Takeda,4i4zZf583Efn6P7XzVuzu4,2700
Bruce Liu,3GMPZX0AZo90KkPjFpgPT9,408000
Daniel Lozakovich,6NYeMhiOjcNVSXwvkllyTe,497800
Chamber Orchestra of the Bavarian Radio,1exMi2O48sWX7WBiahbM4J,123800
Radoslaw Szulc,6dN7iTjre6UakauQQ0JhGd,130000
Olga Watts,0hES81SPAbU43TvM4FCzWV,111200
Christoph Eschenbach,0xfOM47aJ8EcFX7T6Ugr9W,157400
Olaf Bär,5JBjcnHu4vz2ENaF34qOTq,10600
Crispian Steele-Perkins,3M8Dy1ekfMo0gXomISv0vi,6900
Pietro De Maria,294ISqTYyzX5De1L27S2Hb,9900
Göran Söllscher,5jF2METFutHd3av3ITYTrL,491000
Danvendra Arya,5U83fpbPsUzYMcKlQZv1Ub,5100
Rashid Khan,1cw8NspBF8JctQm5rpn3pv,2600000
Palak Muchhal,3yMmYEklQ7gLOZXEFNd3xr,17600000
Neha Sharma,6WoarfTITiPkrGXcsqvWeB,47
Aashim Gulati,1PlqHT1CiitmQYcgGgub8c,0
Yiruma,0fauHpmSHwodVYIjTqOGHz,2500000
Sultan Khan,2eOZNXw0A4cQKmsVPpIcMY,1200000
Shreya Ghoshal,0oOet2f43PA68X5RxKobEy,52700000
Salim Merchant,1TbRSunWGZ46mqnapcWxrm,8100000
Sirkazhi Govindarajan,0POTtVVziAK15RvxYMP3H1,391100
V. Selvaganesh,5fHFkjKfYRCErfRi2T3Nzf,225400
Karthik,0LSPREIgGMZXCuKVel7LVD,14300000
Chinmayi,5UJ2sHO2ELrgW6aXeRLTQQ,25600000
Kadri Gopalnath,79iXBDwJoeVZZSe1AV7ta7,83400
Nithyasree,6yLXX4buMky6p4XAwLmrNS,503700
Ramesh Mishra,02DZGYHWecWEOSpMxFJrkp,125000
Soolamangalam Sisters,6gQPz9cuV4hTsMFOuw7eSf,468900
Claude Debussy,1Uff91EOsvd99rtAupatMP,4700000
M. S. Subbulakshmi,35NVYJXOwkjY8bpul6OBQl,766600
Antonio Vivaldi,2QOIawHpSlOwXDvSqQ9YJR,4700000
Cet étrange éclat,,
Gidon Kremer,24ibCRKLtfIZcfrixiBAsm,252400
Leslie Pearson,0vgwnEgt7fQ6Gni8yixpCi,60700
Claudio Abbado,6HclTVD03WSY6GUpN16BkP,1900000
Anatol Ugorski,7JJ6q1xkNvce4kNwrEuJRr,24000
Allen High School Symphony Orchestra,0LyYoFH6yrEOHxkPsNSXtS,72
David Devoto,6tuBYlhJJ2KJ6BJk4D0AXc,74
Michael Barenboim,5q3izGxzdw6r6FBkRK7A7k,5900
West-Eastern Divan Orchestra,5yoK1WIR8YxebzUx2wN1pC,9900
Pyotr Ilyich Tchaikovsky,3MKCzCnpzw3TjUYs2v7vDA,5100000
Andrzej Cieplinski,2EvSDRGvOyo4wYoVGmcr0y,32
Tymoteusz Bies,7aaNfAZLvLmLa97vyMlC4l,263
Michel Béroff,5NIKNgHIiBGMyIRnGWoRM5,36500
Cabin John Middle School Advanced Orchestra,04g4PQWN9uQKCtmAUPIeLH,22
Scott Herman,2gg0uSNRoKldMLoRedm19O,22
Avi Avital,3NbuyRJml6VdSfpDFC5a7b,172800
Venice Baroque Orchestra,68xp8lYo96f9PMra0LHHl6,146400
Krystian Zimerman,43wuPaPcZVMJQWLRaPR4Yz,723000
Sir Simon Rattle,4GQwgdcDQwqtcHICjUNndp,1700000
Renato Fasano,3BpPySDf573f7N62lx8H8I,2100
Luigi Ferro,5nS2rs37339UnIuQyewJwh,332
I virtuosi di Roma,7urncFKvXuGNcHSrBPT3rR,823
Cecilia Bartoli,3uw6GzeL10NfFrcikMo9Na,267100
Arnold Schoenberg Chor,2WyMSi625FrLBuYebIJjMu,29400
Il Giardino Armonico,3ffMbKIrSWo557U1wDxNDq,97300
Giovanni Antonini,6p4RwKsAymPrqeEEluZECW,76400
Anne-Sophie Mutter,6pzfUmBsQAKxOhy0NSi8zn,367900
Wiener Sängerknaben,0STz2kvDor8ZNKW08D769t,7800
Jean-Rodolphe Kars,5PXgZoCjPcqAsZk1ESRudj,32700
Arturo Benedetti Michelangeli,0eQTutigtSNq6DmsYU9hPS,30800
Paris Conservatoire Orchestra,6LhnhEI78rDEtmetQTjCwX,1400
Anatole Fistoulari,2WWEvS7IZ5jBu3EP1bqCea,16700
Jacques Février,1OQCyupovaAIbtFHIpbtyy,4400
Martha Argerich,66MvLAvLznk5UOvASVGjk4,939700
Nicolas Economou,7lG2YvP9ePFW3PwZfL83W6,12300
Mstislav Rostropovich,50hiYMhi0g77BOkkQ4zebB,493700
National Philharmonic Orchestra,2Ek1WGW7WeyDoxsZiu0AAd,906000
Richard Bonynge,6JAPOSeaWl61UBRKZYgAeZ,864500
Prasanna,2r6h7HtxCQtmG3jfXs2ZmZ,1100000
Namitha Babu,1TEV1vdNSAsuSHdpabDPeb,546500
Andrea Bocelli,3EA9hVIzKfFiQI0Kikz2wo,9400000
Chris Botti,3eFo5fMv53RYZBYlvT5Z6a,531400
Reba McEntire,02rd0anEWfMtF7iMku9uor,3100000
Erik Satie,459INk8vcC0ebEef82WjIK,3900000
Franz Schubert,2p0UyoPfYfI76PCStuXfOP,2600000
Burak Çebi,7JWaod68iHqJ1VdnOLLV8d,99
Mischa Maisky,6rlVhQqS15yJMO4DZqrq6I,567600
Pavel Gililov,5D9mKDCGUc4MzgkPq2EikW,126300
Anne Queffélec,0VzF0TRE4XHQiTqDrEmvW1,127200
Zürcher Kammerorchester,33cajGDdkhowQ8hiuEucXM,441500
Evgeny Kissin,71kYWgqr6eHLOZj6u3JTuJ,357300
Los Angeles Philharmonic,6yeL5iw4hXNZtd8T7FOoFU,551700
Gustavo Dudamel,0cxXnDhpgxcMMkKddhORHY,684600
Orchestre Symphonique de Montréal,4AcXapei4U7xnWecv9AEBd,409500
Arlington High School Philharmonia Strings,3jdZfnnE3y5d4iN6ixRQu8,81
Jonathan Handman,3OY7h6SUA68ygwtz67oAtW,38
James Levine,4qFQgEF1rg6a9WvJM0MQIa,334100
A. Kanyakumari,1KpLrWibd8HAU54JqTgEaH,15000
Janardan Mitta,2TEo02wv1MCf0u7KbBLiff,6300
Priya Sisters,78qmjdCxeGrzTTPSlvieS7,294800
Camille Saint-Saëns,436sYg6CZhNefQJogaXeK0,4200000
石丸由佳,6HJA9marzPxB20VwmLJOhz,612
Jeneba Kanneh-Mason,4N1PbaBSiRha6yzEmdwcCZ,1100000
Kanako Yanagida,0P9mSF2pzv2aCNIxZViSu6,6
Kentaro Ifuku,6SGlFixqNI2FN6iw02s00D,6
Daniel Reichert,3xbWANvJEmIH2YDroVzi1W,14
Simon Reichert,31MTGfp2Ee4IDicb4vQVov,100
Chorus Viennensis,1oXTuUuZ4mJ1CU4XowxXwP,12900
Radu Lupu,2BoWH2w47EUxEiOuvl4mxF,182400
Edvard Grieg,5ihY290YPGc3aY2xTyx7Gy,2400000
Alfons Kontarsky,62by2vB4gAwHbrCGmh8Tbc,41200
Aloys Kontarsky,3mabOGxmXQo74MHWrzsJlz,39800
Karl Böhm,3fyr5uksidSlLzsUjRIz5A,385400
Johannes Brahms,5wTAi7QkpP6kp8a54lmTOq,2900000
Erwin Ortner,1wKberIIAiAPoIaVcjdbDg,3700
Arnold Schönberg Choir,6pq4kkWyXJafhPfFRg6WsL,4200
Camille Thomas,4jr0QTGJnWJNUPeHjju3RD,369700
Brussels Philharmonic,5Rg1unDkJrxrTV08BKoFrP,408400
Mathieu Herzog,3KWR1j2ruhV2I6uJQGDuJC,197400
Yanica Hristova,1O4mtXlZiYq8fQQU92Uq2L,3
Pascal Rogé,5X5cGjYEmKnuihYXEePQcs,603000
Cristina Ortiz,36BgOKslOMQpqjTGn9wSuY,423800
London Sinfonietta,68kuKZp7yrgzZpoh5m6dWA,467600
Leander High School Wind Ensemble,6r5K1Z5AKj0dXdPXgqf65V,38
Robert Selaiden,0bQuE8iO2ImgI9fLq9QuyM,29
Dietrich Fischer-Dieskau,10CN8N2O3FlGlPVJWBiu5D,101200
Hartmut Höll,0H9HCqWNZ47Sl7JvsAnJ8o,8000
Eva Knardahl,00e2zNalQ8CEZ9mCFqRu8O,3100
Harriet Krijgh,5V9Qpd9ZLs4gcrADy24ABP,411400
Magda Amara,2Up5WVjoeitdvQLxE6aZzP,8300
Karin Lechner,5J4H8Y348MUCgJnk0tmceZ,4700
Jessye Norman,0zdBW3w3XzBuPMUEiarUUw,69900
Wolfram Christ,43QU3aNgNZubtmd0MSOLTX,3800
George Frideric Handel,1QL7yTHrdahRMpvNtn6rI2,2500000
Posaunenquintett Berlin,1qgefVVyoGHSTcVpCL8SVN,584
John Alldis Choir,1c0LUqvKTiWVsdrIn4LTZz,658600
Gothenburg Symphony Orchestra,1XaPI6thQ3zTKqIU6sCvd2,347800
Neeme Järvi,5UHZvYJA0aPcJSLYkYAeps,544400
The English Concert Choir,04aMNLu6adfcRyh59eta7f,18500
Robert Schumann,2UqjDAXnDxejEyE0CzfUrZ,1900000
Alfred Brendel,5vBh0nve44zwwVF5KWtCwA,664300
Pavel Nersessian,4sNM92JWBNgucONIxUMHMt,20
Nelson Freire,22jDZXnu8F1BNH63ujGkT3,199400
Sergei Rachmaninoff,0Kekt6CKSo0m5mivKcoH51,2400000
Marko Stuparevic,6d2psbTdZqgrPIFx8SypWI,7
Talistrio,,
London Early Opera,3xvKx7a4udfl3sLoXci3Jw,2500
Bridget Cunningham,62VJdMRfYUB0n9aCWXGY4V,156
Howard Crook,1mAP7NHIicuF4oLccc1rCa,25300
The Cambridge Buskers,1mHZCAq1DvTttRYKH1SImp,694
Swetha Raj,6hkdZtmJeubhfVXsJeSXdF,23600
Mahesh Raghvan,3pIP5lTDPYWqjrjJeHeosi,229400
Rajani Shridhar,5CbuLVkgNJEIAumY3gYBPj,51
Jacob David,2ClAWj3iKUlyddnvR6faUP,240600
Vedavathi Prabhakar,1XpDO0yV4fSvEHyfeTy6vP,26200
CHAYA DEVI,,
Radha Viswanathan,1IAW3zc42QrGrZZEsTB9ft,494900
Rahul Deshpande,05TsqmnjBF2zgaB11M5tlT,276000
Vasantrao Deshpande,09smRvEwonFPNjNBuidYYL,215900
Pandit Jasraj,6vvIQFcpGLIum7HYhYwNx0,409800
Aanandi Joshi,7qj8b5tuzeSkb4ff01h5rJ,1000000
T. R. Mahalingam,3pIIEzoMgZiupDQsu0CucU,56800
Bhimsen Joshi,5MHTQcUQIhxhZdB6Glwmmk,367300
Rattan Mohan Sharma,4C23kiP2TYGyv6iZ7qQn3l,224100
Nithyasree Mahadevan,6UPWm7jqlonf0Xy4EB3x2m,1400000
Sharanya Srinivas,26tzHBE89rz5MSLeSi3qsB,281700
Darbuka Siva,5t97rjifUl8d4HNwSzbCv9,3300000
Franz Liszt,1385hLNbrnbCJGokfH2ac2,2800000
YUNDI,1T6BHJnhY5xIVvZKzV5f2u,158800
Luciano Pavarotti,0Y8KmFkKOgJybpVobn1onU,3300000
Kurt Herbert Adler,6hiFukbNj4yzxTtQ2CrUFP,87300
Gabriel Fauré,2gClsBep1tt1rv1CN210SO,2000000
Kun-Woo Paik,22B1T23YzVRPPQkvN6AjSX,357000
Jorge Bolet,5qkuXNIdGoT8rdwHc3XTGE,0
Antonín Dvořák,6n7nd5iceYpXVwcx8VPpxF,2300000
Emerson String Quartet,4IBl8k6ZsBagsI5zRjyXH7,140500
Daniil Trifonov,1fUhTALoWXPL6PZSkKImY9,1100000
Yuja Wang,7HUNjWo242UAVHZvj9zk4w,717100
Leonard Bernstein,2LmyJyCF5V1eQyvHgJNbTn,1500000
Paul Lewis,4LYCuV8d6rylb6zjv2k03l,894600
Ajoy Chakrabarty,6Xg6qVSMnpyFFBf8mtuUrR,72300
Parveen Sultana,6icHDJ25LIt9b8hyW6Zm6e,105900
Manik Varma,4k8m5RbGgjq2UDlYve5qNV,85100
Niladri Kumar,3Qol2r2jehhR5yKbmk1Dg4,3700000
Sikkil Gurucharan,2n5XFSvKch0WL1A066NLFt,22100
M. Balamuralikrishna,4OTsinUjquvK195Hgs3u8I,104800
Giacomo Puccini,0OzxPXyowUEQ532c9AmHUR,1900000
Giuseppe Verdi,1JOQXgYdQV2yfrhewqx96o,2100000
Vincenzo Ciliberti,0oaxpeiI2CUFtWoIn6x7CJ,16
Felix Mendelssohn,6MF58APd3YV72Ln2eVg710,1600000
Henrik Måwe,1WCGM94WQwqQnisq2QEOHl,64200
Dream Theater,2aaLAng2L2aWD2FClzwiep,1500000
Jeffrey Tate,08C4m48uN8PsFIPgTS1KqK,301200
Katia Labèque,5Pj7u76MK9VDyzDiAyYPSL,646800
Marielle Labèque,4Xo09YXm0lIRA80IVUTe09,641700
Maurice Ravel,17hR0sYHpx7VYTMRfFUOmY,1800000
Yukie Nagai,771iICjTPiBeKas4ZdczlC,669
Mirella Freni,5dz9lXIYillOvg5xH0t5EN,142200
Randall Goosby,1wgIWZ93QjeVdMO6k6Cy6K,120800
Zhu Wang,3z5WrAR67znbCVkXjFKM6Q,33400
Andreas Ottensamer,2ArlRtVzTxoRTY58C8kA0T,87100
Schumann Quartett,0QyOyCDcUJxl5IEHV5Ybsr,28300
Gunars Upatnieks,4O1jqTRm1Z8JqBZ6onpeua,27500
Christopher Herrick,5FMLbvy0kbuHZEGtnAKE00,1800
Simon Preston,2w0dRPpzDTNYZmV9AplCD0,250900
The Choir Of Westminster Abbey,1dDKUFwinr4kwEjiznLwdm,165400
Janine Jansen,00hfOKuZEhvKKNXmVdb1We,222100
Antonio Pappano,0xHw5qPRSEc8sUmSmXf5sw,328400
The John Alldis Choir,,
Wandsworth School Boys Choir,3Al8lu5X4j3QY40s4OIawp,597600
Zubin Mehta,3FEd0qHPFOgcpfw7bCXB4x,1100000
Chicago Symphony Chorus,18PZhbpywoKUnS1nCmXIPK,36900
Chicago Symphony Orchestra,6TD08jYeuN128P2MZTbc8E,771200
Junichi Hirokami,6ejbdTvUbRwrvzwcSj6srO,17000
Malmö Symphony Orchestra,24TyvSlEEO55MTNEJo5VFc,92400
Duo Synopsis,6TnqESgfgyxAh7ECTWYqFg,2
Michael Davis,6hZnJZ1AVWEU9c1gN7M8BP,4700
Luis Perez Canabal,3KXR1thcklZJtyAJzkS5uV,1
Central Washington University Symphony Orchestra,7qWSU2Wf9dJ4SQE13pxvRI,23
Dr. Nikolas Caoile,0DXOJFtea7LeaPTzI3hzvF,7
Kumar Gandharva,4nZmnoNMkDwdutbWCJhL22,40600
Radha Jayalakshmi,3CbJsEk6J7236SRCIWDMzR,40600
Veena Sahasrabuddhe,5u1S4wqSqEH05Aup3Z1SuO,46300
Madurai Somasundaram,5MFM9YhDZZcsVPisKKp2fD,129100
Jiří Horák,43HScyaOrzPzHaKEqEkc3x,156600
Jitendra Abhisheki,1EVeVnal9cVmVEFFBSzTWW,173000
Sangeetha Kalanidhi,0HEK993kxvcNetgOxMqXuu,42000
Pt. Jitender Abhisheki,018e7eLQ4nMRKFzNMyONoq,26900
Ajit Kadkade,1D5dS1JSxhpLBfYkQ9EMwN,269000
T. K. Murthy,5MKusTZLvb2ZDqnQsXDgiY,20000
V.V.Subramaniam,6sIwR3tKGprhJN9PMjhkTF,20000
Ramakrishnan Murthy,1b97mRI7537QfqZHhBqGlT,43200
Nelly Kokinos,6hpRhyx59f3xKAAQayjuCR,397600
RIOPY,4ytDz3A9nHcVMjEbdNSKzA,649500
Johann Pachelbel,62TD7509VQIxUe4WpwO0s3,2400000
Gregor Simon,0dsbs6wzVYpl7gUUSCn8VE,13
Jean Sibelius,7jzR5qj8vFnSu5JHaXgFEr,1200000
Hannu Norjanen,1wDzGCNuvfOwYo4ie5a2HZ,294
Friends of Sibelius,4SfMFSLpt18tAcTdEvlAoT,0
Tapiola Chamber Choir,7fZYj5RBYPiIC6xtUpy0gW,2400
CBSO Cellos,35ZY7Bd2BHf4oIO8DnXFhQ,82000
Joseph Haydn,656RXuyw7CE0dtjdPgjJV6,657200
Sigiswald Kuijken,6bOaVLF9coFqrdZY4l4pWy,25200
Flanders Opera,5dp4zECVSuC4kUWhhbjQH7,306
Helmut Wildhaber,0HOXr0IFWzI2FnBnCirXpu,853
Krisztina Laki,099mSIhGGBLZnSWiAqh0tu,4600
La Petite Bande,2lRoRG1RLZvweoEVIAPmka,18900
Sergei Prokofiev,4kHtgiRnpmFIV5Tm4BIs8l,1400000
Miriam K. Smith,5NsHt5jHDTUptze3fWcu6S,220
Sandra Wright Shen,7r3Nwmb474uieVVldowTQE,132
Gustav Djupsjöbacka,6jEjWkIKuUxqcnJtrw1FRN,112
Tom Krause,0uRyoGMnJfoX8u1vDScXkk,80700
Peter Lika,6W0OkcG0lOZPd5Dvc9xeaI,1500
The Choir Of The Flanders Opera,6NrD7NPOfXuDq3DeSea1ZN,10
Hilary Hahn,5JdT0LYJdlPbTC58p60WTX,525800
Orchestre Philharmonique de Radio France,2Mwa328GasJUju1YNDLSXd,193000
Mikko Franck,4NDdDDmlbZ0CNT7rxKUPGq,9300
Georges Bizet,2D7RkvtKKb6E5UmbjQM1Jd,1800000
Francesco Verzillo,4KIzD1FO3joHeXSitBPj5w,3
Danilo Dellepiane,31XL6wkRAyX8ox1VpLrJXL,3
Manuel Blanco,691xsqiV4USVWoUkz0LnHg,0
Josep Pons,1TlFTSPL1hXKUTjHIqqFvV,30000
Orquesta Nacional De España,2fjrtbDUXoUeZBoAL8ry0P,25800
Tushar Dutta,11vTT0rd9WX1xFvx0Ae4mA,16800
Trishit,2BvMKEoAXfMbaM4a7FuKzW,0
Supratik Das,4NwftYPRUGSTZycjGcL0Yw,29600
Roompa,73enfxLgPKJNB90DdlrJGA,1600
Pradyot De,4zwY2BBYgSRXCrmCdmBY3s,39
Malladi Brothers,1HzMZZ1AoBExWHVbsDSXgI,2500
Altamash Faridi,38IHJBGBuaYXHEkIQd4DtF,12300000
Antra Mitra,1LCoUOgtZvQKy1D4Q1CDmN,14400
Prasad Sawkar,0PQaS1hnfOnp9IBQc0qt08,20400
Sangeetha Katti,20K7c4KKuOy98zaujRNNTg,526600
Philippe Entremont,4x2fCu6MNErew0pb64yOBO,1600000
Kathryn Stott,7JmDqds7Y1LRSWZVM8e0Og,1500000
Arcangelo Corelli,5dmMpIyAVaH6b9FLFgWPrF,259600
Philadelphia Orchestra,6tdexW8bZTG8NgOFUCYQn1,1300000
Eugene Ormandy,3naY4Tq98GRh9K8xOsINyv,542700
Thomas Brandis,3QfwNwowTadJWTHU8R2G60,18100
Emil Maas,07Mhm295Bi31K1cnwZMpNR,8400
Ottomar Borwitzky,7s7mJ4NrJc1XcWWblPVgaH,18600
Waldemar Döling,5YKhjeMVBdWAOKxkMV83fO,2400
Wolfgang Meyer,2SuezTKxIOTLrrVOVFlPfH,68000
Bade Ghulam Ali Khan,66vrmYfYjnbimFfeICtiRO,41400
Gundecha Brothers,2CLs9jwuEzEqyjX3YG91PF,10800
Shivkumar Sharma,3ehCEIDusX13qf207bFKGS,39700
Lalgudi G. Jayaraman,3H1Wru3lkInKnL3yIvnzrF,8500
Sanjeev Abhyankar,70napPWBnaiRereRVDhyB1,109700
T. M. Krishna,46SVKeOGxlqIAzE0BKXQWM,19400
Elliott Jacqués,,
Rajhesh Vaidhya,4ymxXOXgxZVu5dDot8oXuL,27900
R. D. Burman,2JSYASbWU5Y0fVpts3Eq7g,15900000
Bombay Sisters,3NV4Xf5qhdS0a7dd7E0RnF,104800
Sudha Ragunathan,1wnVXMMfv0OElONAKrIS1r,1700000
Ram Narayan,1PLrw4LgEWD2tFlAfnCWND,5500
Suresh Talwalkar,61TBwoNacct3xrgHpQrP1r,785
François Auboux,1Ee5Px6NebIUIl4SqqL9lG,0
Mambalam Sisters,7BeUVblb8JKctsmtZWCsOl,145900
Jidnesh Vaze,5PanIH5bWrXzrNanCo30Fh,5300
Alena Cherny,5kgAnLGI2biBHvY7hDsF7P,389500
Martin Jones,1VzJXXVXsYbEK773GWSoND,715900
André Previn,2tfWguHr2nj4e8KXLKciVq,1900000
Kent Nagano,3JzgNB1Kzlc17zuSzrC51x,217900
Andrew Wan,5uzHTiIlBm52CfvHki0BXF,172200
Michael Harrison,53m8Ry0RyMlCc47U90tahc,142
Duke Ellington,4F7Q5NV6h5TSwCainz8S5A,1900000
John Coltrane,2hGh5VOeeqimQFxqXvfCUf,2500000
Arvo Pärt,2P6ygesd9xg5DPOBnda2jg,672400
Franz Schindelbeck,08ijqN6rMXf6iYbzgu4z4v,159
Die 12 Cellisten der Berliner Philharmoniker,3YZqGxNBOlhhAETu2LrNB7,106900
Jeremy Backhouse,53briF9i45bOTMyBWWkmzy,5700
John Keys,5zkmOYaXiNHBKxKnnd1rvl,19000
Vasari Singers,2QInYkK0ys9Uj6aa0n8XFx,7200
Gustav Mahler,2ANtgfhQkKpsW6EYSDqldz,1100000
Peter Seiffert,5CG2w6xFi8rQeP22GNMLrn,2200
Thomas Hampson,6pxEWWaFpWFJGEZK6dOzsF,26700
City Of Birmingham Symphony Orchestra,6wuudWq7XpVutoFp4bsVDo,220000
Bhai Nirmal Singh,50syQHChFy2qMUdBUo8N8c,81400
Sonu Nigam,1dVygo6tRFXC8CSWURQJq2,26800000
Kailash Kher,4oVMLzAqW6qhRpZWt8fNw4,18100000
Puneet Sikka,4X0Rc9YhCA9DBeVt3r86hC,587
Harbhajan Mann,6NhiWVGtq25QmacOUbTXKf,424600
Master Saleem,0BEr6nvOOHQMy53md08n9Y,1900000
Roop Kumar Rathod,03SZmfKAgYRQKUwy0EoJUa,17500000
Bhupinder Singh,4FMGD43a8aLM0LRKXDSXne,1100000
Sapna Mukherjee,2ME9akyjf2IaOM5DLTqHUS,3300000
Harshdeep Kaur,3xU8YsNNkmWSPewlB18NUz,11400000
Ishwanik Kaur,08r9sn4OL8oHiUoxEL8qSH,587
Jiya Wadkar,7J1echNVnHVyYfqGIHWXvd,591
Tej Boodardekar,6hnjgzi5upxtDKaypsEmum,587
Sukhjit Singh,2spaaDhqwg0S8YKfPVqac9,2000
Manjit Singh,4K19YjsKp6V9as1DL2B85V,2100
Uttam Singh,0AWYFpUfZxzxKUgN5k0GrQ,4000000
Begum Akhtar,2s5kwiBL19Iw2PnrJ6vYDf,102900
Purbayan Chatterjee,7cOq32s7XaaDAgYnMp7aPW,64800
Kaushiki Chakraborty,4qWXi8Qj92dQOEJihdVqjI,75400
Yogesh Samsi,0w1T6iC8PeJnmb118ywMck,4700
Nana Ou-Yang,22JbAaWA5Abf5esf6N4PHY,185100
S. Sowmya,1dqRsc8t8CsSAy4MDUXPAw,36600
Kishori Amonkar,0tLjWOxzh42O8gr0nFzv45,46600
Kristoffer Wallin,0mn754DaAJCH4nYkvB3IzT,143500
Hariprasad Chaurasia,7CozfB3IEACZpAelpwkUon,94900
Arpita Chatterjee,2tTjyBVsDVEW9vLkNP7idm,45600
Igor Levit,0japPUWMmW3gxqjSB1VEVL,820800
Sirkazhi G. Sivachidambaram,2qiqvIseQQw7vvb8STzQEA,210100
Michael Forster,0TORlmlTHaneG9k4nWPn0V,246300
The Piano Lover,4oNnOHeDAsXkVzum3RNnTv,39400
Jayateerth Mevundi,19luQMYXotZTdx8PzWOmST,32400
Florian Christl,4yanWaefFUJnIUV0aITdvV,1000000
Bickram Ghosh,5OKmLebAGFQrReDP0cS5GA,77700
Kala Ramnath,6otXkyqbgdA8w0xKTw8JLQ,24800
M. L. Vasanthakumari,57qJi2vBiYuUKAxPzhcreL,16900
M. K. Thyagaraja Bhagavathar,64LJVsjBP6bkbacv9SmepY,15200
Lisa Beckley,1as94BCaGCiokfZjnS26MW,24400
Elena Filipova,0teBSkQ1Hp3Zw2rmfp1ZRT,30200
Magdaléna Hajóssyová,6HVRP4tBi40K1Cw1ZPkhtD,925200
Peter Mikulas,59vBfT1r5y1VZ2XhXg2ixg,949700
Michel Piquemal,3NbsF5A8yWeNRdypH3AeKB,25200
Gloria Scalchi,3jYv3ldYxV0I5HwUDNGzPo,30100
Michel Piquemal Vocal Ensemble,4cM1V4pK277kGJn2bqp3to,22800
Hungarian State Opera Chorus,0rSz4XGJJJMaBCXViWTDWc,43800
Oxford Schola Cantorum,4n3fkOerBLaJCA9gRXcUMB,32800
Slovak Philharmonic Chorus,5x7Kp2knfxL9XwzQmmHc6P,1000000
Hungarian State Opera Orchestra,6rLUj0kWUXAEbz26rtS9wO,59000
Orchestre De La Cite,6vfolayguXSXvi0ixntvGU,20500
Oxford Camerata,1r5Se2Ts0fmLzFreCTOy2I,85400
Slovak Philharmonic,2rfkmr5WzRN9D9gAfb2ycd,192000
London Mozart Players,1sylrdKARMDYTJbs8IPWGy,876100
Howard Shelley,3pxt6077A2xXBAgMrgHRPg,770900
Antal Doráti,3kBrUZAp2FVhkN5bcTu0QL,281700
Ottorino Respighi,7KkUirCiJZhgRN3NbgG98L,493900
Paavo Järvi,3V9McxlPI0G2RmkU0DhYGO,264400
Estonian National Symphony Orchestra,3wnm0pkc0sPfV7UI2xlZlW,27300
Richard Wagner,1C1x4MVkql8AiABuTw6DgE,899800
Otto Klemperer,2ljDHW0zt90SrHDwjVIGXs,24000
Christoph Willibald Gluck,7vfydQ0nVBVgJ0ajs8EtRM,734200
Silvia Colloca,6M89CUZBEnlqaXs7xDtN5O,820
Van-Anh Nguyen,4yWz7f8lbTWD2qgsqk6dsF,23000
Henry Purcell,3tMLo1k3iUo82coMLWXzxq,676100
Eugénie Lefebvre,03IwiX58gSZqR6GQc3ido6,478
Ensemble Leviathan,0Mr9ceGLtKNN8kjgJ6dx6E,319
Lucile Tessier,0EQrNbyTCjNIBndXL0n7fN,319
Shobha Gurtu,2pVsOUtP8afxsCQHO8wHiF,21700
K. B. Sundarambal,03SKVbVxXGyhpkddYdOEt4,51600
Bhuvanesh Komkali,5wqAPDVFT5PhC2RZiA53zB,13600
Josh Kramer,2stOL2fH4SxcTNg7RXo9AG,175400
Vidya Shah,4xxHMnhHrKGM2yRUhS5gga,60800
Pithukuli Murugadas,31wN4fPaN59PRJUBhi7yhk,12400
Sikkil Vadivel,7gPLmSRaqU8SKI9uPiogbQ,3100
T.S. Vasudeva Rao,5FvleFPAvtIW0BKvz0SyBd,7000
Sanjay Subrahmanyan,3Q215HSlFN5mIwiwgAiLu8,39800
Sreevalsan J. Menon,0UvzPNyXaFZtBvI6SCUUtk,52500
Rani Varma,5jhC9ILkk6W1dFii7HbIVC,60900
Adrian Chandler,7qJsLLT3iv2Uc0XbpnmEKz,840100
La Serenissima,15PIcAgtP1zCipRK3sniUN,841300
Kedar Pandit,3vZMa9tWbeSYpQYhGRKHws,97300
Michael Finnissy,2tsOm9CPRD4SbZagsqAhj4,392300
Academy of Ancient Music,60adCptqwRkANTtVja0bvf,886100
Luke Woodapple,2KNwx5UTputMUl54ggtPpK,189400
Karlheinz Zoeller,3hWZ5HYXvAJf8ZS9KkFYtn,69900
Niccolò Paganini,39FC9x5PaTNYHp5hwlaY4q,1000000
Salvatore Accardo,4J806QjdyKrK4guMFMRzKc,267500
Jean-Philippe Rameau,4JSWO1Pf2zV991fq64uAce,776800
Gioachino Rossini,0roWUeP7Ac4yK4VN6L2gF4,1200000
Orchestra del Teatro Comunale di Bologna,1lSYYojBSSgq0bgJ3vQErg,329300
Giuseppe Patanè,5ZJ9PMKBpN56YhrhFzAR5o,98800
Kumari Shweta Pandit,3RKAD9fJWcgybsPXhcBhhK,43
Sarah Watson,3pyGXjDKAt3czGsh7vxkT0,381700
Mao Fujita,1jN4Xmeo6upsAer2hRZhrl,516500
George Gershwin,1YuknfkSYTTbolRpwZBOv4,578900
Nick Russoniello,6YnuW4oumIAiWitoelN3sI,10
The Golden Age Quartet,7eEnZCdRpNU45rI4vhKqtn,131
I Musici,5TYM4xzvG2OuZafhTEuAHX,241300
Pina Carmirelli,6U8Jv7oc7hXN7HDIOaKz6r,82600
Danielle Laval,1Vl0ohJ9vjZK2qwmHZqjvz,30800
Ingrid Haebler,7GH65UbP1uRY9HtNvq4R9Y,122300
Gürzenich Orchestra Köln,,
Günter Wand,5r6BbRI2QTDC9dv4rkSgCP,29900
Jan Lisiecki,0iZW6hAah0wPk6gOZCGcmy,481800
Wiener Mozart Ensemble,27zl06rdQgcsNFqdPmhmot,12200
Willi Boskovsky,0KE7MPlNGYZugOqQngcqQV,206800
Concerto Köln,6dxdut9Mhu7r7SM9HZB5Ob,237500
Anton Steck,1TEaO9h5h0PoR8uTbnlMQZ,7400
Heinz Holliger,1td0Lqu4V2wiTnvmrHzDkW,70000
Hermann Baumann,4tBIGSfQ2jUnapXsvA7EEt,8400
Michel Gasciarrino,0x5UVc2pOs5pgw2WF2bvbV,1100
Henk Guldemond,1sjf3DnBJUKqV446IjttrS,1100
Orlando Quartet,4O44c8bI3CMBhkYgClyYUY,3800
Arthur Grumiaux,0DfXBLdnI4KVzyNua2rZ8Q,39100
Walter Klien,2OQorEVvzvGCM4J4PHa6di,21800
Franz Schessl,41HsFE8nskVld3I3fi6b1V,124
Andreas Röhn,3fogaYCver1teKoyOEMdYW,3200
Yang Wen Sinn,5rSyNuX5ResQHc5Spn4NlI,121
Gérard Poulet,3jj9y3dcosBtZXO9d7JYFq,2300
Blandine Verlet,4UxZ2IJjJ0zDgjJVk2EljJ,4100
Erik Smith,3ZK3VXyLRpY5dy40nlCDH0,225
Stuttgarter Kammerorchester,24FP6WNu1LQsMt1pzgdX4y,0
Karl Münchinger,2nhApVkD1mcbeH3ubJHiGg,129100
Academy of St. Martin in the Fields Chamber Ensemble,0GxmtPx1WpArjSIVPjn7Xo,2300
Wiener Symphoniker,6XZxFuZaBnZBngpxbut80O,251500
Christoph von Dohnányi,00Z7CY1UMeGccawHXlZ6Zd,54900
Sir Colin Davis,0TrG2LSot4KhaXqdf5K2zE,313800
Ludwig Hoffmann,5pMdgZxvIoV1XsvkM0ISGN,77000
Natalie Zhu,6wTycbcXniJwwz1SfhpSns,111300
Mitsuko Uchida,606pshIhidPHebEaDWSXDe,337100
Cleveland Orchestra,4PbricD5D8x9Fi8kzwhkbN,0
Claire-Marie Le Guay,4GNerwj0fOY3APF8NjMuQg,6000
Isabelle van Keulen,2CmmI8FKwKlv9SRUEYwXw6,8700
Ronald Brautigam,362GV7hdgLf9AHDE9l0zyn,12100
András Schiff,24K6LTZFqBAvKsorwK0iXd,428300
New Philharmonia Orchestra,11vpC3XmFb1LIP2ugl96lZ,115100
Werner Ehrhardt,4WXwM0GBirDxTJA6zngdfz,111700
Hagen Quartett,4301XXSbiO4YrZZcuyktbB,32100
Florian Birsak,4fkSXOxBkDImKYsa9DSk4G,2100
Karl-Heinz Steffens,6JNtfG8zqLa0I2cKnGl8OF,8500
Werner Mittelbach,0kTlDAoONn2cmTkV21c0y9,3000
Reinhold Helbich,1QZJYPr14vJUGoe7Y4xvZd,2900
Kenneth Sillito,3LWOprjaIQRb29ZtSOfFKO,23700
Members of the Netherlands Wind Ensemble,3dTZyVAgVRWA4rrZBxu3aT,2
Werner Herbers,2sPT5JRD6G3e1Ux78sVkf6,1100
Carlo Ravelli,307lUrl8dA15nPm9gSRQ3t,809
Hans Mossel,5Cs9gt6xOTrIG2jVWv8noV,795
Hens Otter,0RosGrjnjdYZ86XArXrLIJ,795
Joep Terwey,1lbeDuJDKKTHmOvrqawDNt,903
Kees Olthuis,7ERCT0VD1ARzsaKWPmhJLA,904
Iman Soeteman,2VyabXtkEQgULmXVGcAIA6,1600
Jan Peeters,17HnpCmvU3ApXHlXwPRL12,1600
Hans Krul,6EYTabFtz2TirzWq3ZQldv,809
Witold Rowicki,3dxW3ddXhprOEgMA8luTZz,2000
Raphael Pichon,7ANQphrf7E3r6dwst8oMbr,42500
Sabine Devieilhe,4f0pCOjszoLjd2Tr4SmUjH,97600
Ensemble Pygmalion,3iwUaQrP1mJFvC9waHuV4S,41500
Alceo Galliera,4vkGRuqbcBXgDF2fkfLlNo,12400
Yvonne Loriod,0WyMN3Wn0hKteagEoJp3dH,7600
Orchestre Du Domaine Musical,6QDo0yMNb8SWP2qGqTf7eJ,261
Pierre Boulez,2prZJWfQMnIgwUKxKcBxH7,426100
Jacques-Francis Manzone,0mWe6M7KmBGhQN4Dvl3Djt,257
Paul Julien,793e2atoM95BvzX9ZsBPHJ,22
Désiré N'Kaoua,0aTuiTs00qIS6fZ09yLt7d,243
Scottish Chamber Orchestra,45y5kS0Nhm3v7Do6W5dbcS,84400
Sir Charles Mackerras,1iyvtzGjtuQa1I5UGpzk6l,295500
Alicia de Larrocha,08yT4NXiwN4HvaayEo72sm,72900
Richard Fuller,1tD5a9zwgU66STLEYe9pHD,1900
Holliger Wind Ensemble,1AkECB0lAXUvLJmroDz72G,1400
Rolando Villazón,3BbwO46TU61EPYFcC9l9Lq,102700
Adam Plachetka,1KitbdmteY6xAmpTuamouO,10200
Alessandro Corbelli,0pGnh4HFJGMRsps26YwFye,24300
Yannick Nézet-Séguin,5ZGyCOrODWwaVtLSDjayl5,757300
Netherlands Wind Ensemble,0uI46Ri530txnaB89NNmYz,3700
Stephen Kovacevich,3Tsq7oTvga9K2osAf6vArw,111000
Mozarteum Orchestra Salzburg,7m5yQHpGKbm9YHcUdrZElN,166600
Leopold Hager,4HumAOOMTRnq7Vb1osyeX9,15000
Radio-Symphonie-Orchester Berlin,235Oup74vDDcxP5z1kmmxX,4900
Ferenc Fricsay,0BjUTtTzgWxoQkbGjz4NmZ,66400
Peter Maag,5bBulPVoQuw4lzargujOvI,67300
Capella Academica Wien,27SQHK4Y2VCsrfq5Trh9cD,727
Eduard Melkus,3QBcGLYJBozjdyzeXlPPJ5,7700
Quartetto Italiano,0Sa1iJBa3qhiBZOjjPrXDQ,10300
Maria João Pires,1hRLlo7ZGxEmc0ztMOKurs,454300
Christopher Hogwood,0vBafEFOLXtq5mZuhMgsyL,345700
RIAS Symphony Orchestra Berlin,53ph7h0Lmvy5KbOV8syYwN,0
Thomas Trotter,1944DkTaJnTMQNXiUVwxPf,2600
Giuseppe Greco,2k6E746VvyyN2CcmkWKc7S,656
Sarband,1sNdkV7MK3BycEZ92cfly1,4700
Vladimir Ivanoff,6LzgNsUl2xNg4hSqRME0bz,655
Francesco Piemontesi,1snFy8CL2AGHTrQiWcvQR2,20000
Staatskapelle Dresden,3Vfvyx6OouTxYU3emXonW7,300000
Joachim Olszewski,7fDmG1t13AhovrGIb5iv4K,194
Erich Leinsdorf,4WAWF88jefCusmHVGL0qem,25700
Richard Galliano,6yXri0y0q95UDiAyLzTM1y,93700
Michael Wessel,7eXVdSVyKuttfW6QHw07tJ,40
Edo de Waart,6ZI0A8Ffc8are1mphRfpVl,59500
London Wind Soloists,5ORbFUIUxvT0ChIV526S9D,1300
Jack Brymer,27BeGbsWkRPd72UTvknd7i,87000
Gesaffelstein,3hteYQFiMFbJY7wS0xDymP,13600000
Pharrell Williams,2RdwBSPQiwcmiDo9kixcl8,39200000
Jay Dunham,4JWZwoacJTvnATTK9BUE34,308700
Saint Punk,0oad1RRAiN1UpaOWbIB0EW,119200
ZABO,19zQevA415Jm6ThEtIwVIb,132500
Limbo Slice,5flDeddXEgK6WWsI6PZk3d,104600
KLOUD,24Hb4GKFYquK73R8mTyInu,92700
Fytch,4A18NGfdKU0HrkmvVlPO7I,146100
Max Brhon,5DxE39K4wk15NUk2c5zpeI,202200
Glee Cast,0SCbttzoZTnLFebDYmAWCm,4000000
dj Shawny,6d88nPjQLpyxi8vH3wgkrx,396700
One True God,35Of0m0cvpLYrmQ6qd5ocp,370400
Fabian Mazur,5BBBDm18Y0TCRXZggaOnZG,319500
Owl Vision,5bC2AQ49NEL0cWpev4dgnw,202100
Power Glove,0dalJaAT80lKfkZsC86lnW,696700
Roniit,09KYpkm7IEPR3nc8omKpSY,128400
Lucille Croft,270fGluVXrZVyTNECXbrsy,62100
IShowSpeed,2DZw407Bgg2Hu9E6NDgRTb,20900
Absolute Valentine,0ntJWEv4bwPUp16SabEbKM,120500
Darren Criss,3nQ59hkeciYoR6RreQL4Rv,381600
Swan Meat,20GBDDzRPgnhVRuIjkrSd6,20700
Jonathan Groff,7KkqUt65v6LMtR369OQ6FB,3700000
Linn da Quebrada,5gGBopc7iw8yLqwxfPIv3t,84400
Urias,6BXiBj4eAZsiynbcmSRHUs,597100
Alice Guél,64voDtcB8UgIPjcHeR37xN,1100
Jup do Bairro,0gfL54JIv5ufwbMZC61ZGf,110200
Danna Lisboa,4eAT912SEh1ne4GB6j6R4b,9100
Ventura Profana,5OtKmdYx2SsAzr6RjrwAip,24800
Verónica Decide Morrer,2j7BDoavQE8LmMPxZsLcvF,135
DJ Flex,6u5ThkG5DOoQCoCR2j8UIs,2700
Kyle Edwards,5zvOGQ4uW2viBHMmkyl3C2,60900
DJ Smallz 732,6GrHfxMFCXCdIhN9DrAxjK,314700
Gabriel Paris,5mC0vGi5lOCqYs53SOojs4,8000
Corvad,1uAeRH61SbagcD2W1DWjB6,26100
DJ Envy,63rJq5DaUMq2OhAnh3al79,126000
Fetty Wap,6PXS4YHDkKvl1wkIl4V8DL,19900000
DJ Sliink,0t9dGS12PMZmiJiZa9vpyk,345400
Head Splitter,15nEVeIcqkAHozFdELFtrN,68200
Infraction,7qlhXQA7QMXRwHtfTcQoyJ,247300
adam&steve,2dyKpSod3qFziPKbU36zza,22100
HVDES,3koHmmPvpgZWHcVmK8AKDq,165900
sharks!,4CHSb2LD9dieuXZZRVQrnj,0
Dustycloud,5O9MafawyW4O2WhJQKXj2d,103100
Woesum,1W9H5eED8Mc5p20B2qo0Qe,74700
Yung Lean,67lytN32YpUxiSeWlKfHJ3,4900000
Daniel Deluxe,0OTY72l7CC7ynKzp6N2o5b,254700
Tenebrax,1qO2kVWrIVuccNvIKXdeMC,47100
Far Out,7aB2KbM3pphL9mU3dXbyh2,346500
Noisecream,2EiUFCnwVBJ11bHlbwBypw,82800
SOPHIE,5a2w2tgpLwv26BYJf2qYwu,1400000
2CELLOS,6Fi8CHfO8WGtu3yO8c2Mc4,838900
DEADLIFE,6YAOorJSNGWyH8m9N7cDeX,68000
DJ Frosty,5SDMjCyEV7yNsMV0pPBoQt,2400
The Hacker,763V8ZisRsw5kCoquzKTUp,249300
Electric Youth,45YbCFM0an4hsEXMdQ4k3b,707900
Mvntana,2R1eaUL6px3ayM1FT776ki,334300
Jdub,1IfCgbuSZv64yER1NdmcPP,82
Odd Mob,4qLwtWhlhyAoQ4S9mSrDW9,4700000
Aim To Head,78tfBR026VhVUGCBiZMX06,87900
FOVOS,1ccmwHm4DPRPR12TZVWdu8,1200000
Toutant,4jToJwWL1QJ6Tgs43MRuGn,71400
Arca,4SQdUpG4f7UbkJG3cJ2Iyj,1300000
ROSALÍA,7ltDVBr6mKbRvohxheJ9h1,26600000
Vondkreistan,2bvupXXvapDzcny8NROY2C,10600
SIERRA,25WCO5tS4sXMxIfe3nIXL4,205200
Ziggy,6g4c4k3KbogVLZvFbcjrkW,113300
Aloma Steele,0Th7ebqyWRIwNfNDIkEpNX,62500
HORSKH,64HwzpdqXwxwkAWV5VEXIw,30000
ALEX,65sChHf6etCvSFdXn8NPUO,151300
THE AKUMA,20kxwZ3KtZExRwq4s9IXZW,66500
Gold Geisha,4tpDw1W5WG1Tf7puULUur5,85700
TWRK,2wo3eLY26t8AMyYuYi1pZQ,101700
EDDIE,0LgrViZrCyMgg5MfTc33bd,172300
MASTERIA,1cI5bP7j48xbopq0T3PRZO,22300
BADSISTA,0KdLlx7p42yA7aftp3dgpb,32400
3FORCE,0FHXyAFKLg02mIUpNApPgo,57800
Luísa Nascim,5j1I6HLmRd52lplPaEl6uU,2100
The Magnetic Fields,6RWjTQqILL7a1tQ0VapyLK,1500000
Kristin Chenoweth,3DgcBA7P0ji5co7Z1Gfp2Q,2200000
Eartheater,18ca9d5EU5R1AhVKPR1cm0,447600
Austin Millz,43UmVQp9qZILibJ5vHq21k,1200000
Sega Bodega,1ZvF4Sgnre3Rk2CpiNy077,222300
Wasiu,5U1eJDpMKZiQustw16e0g2,660000
Phil Gonzo,5MOUpeSR9eHImHFNg78RCU,60600
Zak Leever,52YFhvzbffRkaVJQCjFlpU,33400
Extra Terra,4wjUOQuVVl9qzSdSX1E1yU,101200
COUCOU CHLOE,5xmw3tD4MbvhA1ay1U0HEC,120900
Dark Smoke Signal,58bgh5AlgD5jEKBJlt9hs5,25100
Alexi Action,5Q3fDuVVQh3Bn8SVcIdqKw,89500
MAGNAVOLT,0rYuZn0zZhIzTLVJ9FmhSV,50500
Julian Winding,2n73yy6NNrGAo8wMDzmRax,48800
Scandroid,27qG899eLldfpYtPr3S3NJ,158600
Denise Belfon,20rSjugHQ6CwKR44JnteQf,187000
Boss in Drama,3vayFOuOTSUgqcrdoyjZWB,29900
Retroj,1Q7sV3ike1OCmPxaq1tsdO,49800
Two Shell,4mcHKwboFDmpDBQ4fiOrf3,87000
Rrodney,17DH4a7VS4JaAr2bbsWe0n,27900
C.D,709rmeAswe9n36FbeXXOFk,178
Kage,6ehv7BnQkNEh7Hqd8rRcot,33900
LexBlaze,6qfJBqhy4o6zpyuONoegri,77900
LICK,62R6OE0R9RB43aSCyzVOxs,81600
LUNA AURA,18UrIT17pqz5fG7J85iwSh,288100
LeKtriQue,2ZZE8SPVWBysGWL1pRDHEy,121600
Proxy,3KOzW9NF2ZGwYRo0KfID1R,27700
Neo Fresco,2Z7uwArjFFDPwJGujZTzlN,19300
Kingdom,1ofhNTFMyFVSs62cJWG0oj,252400
Tiara Thomas,69FykkhiqpzqeSNYRxc8BI,45100
SWARM,07OF36h5y4S6s9ckQliaj3,492400
WARGASM (UK),1NRudBLaT84LXxfsYdFMhB,501000
El Tigr3,0Z43xNK0ZhtPW2eKi1L1OP,87400
Catnapp,2W47Nby5KFaS1pdUt7qmCU,37200
Coka Cobra,6hkPxsEatcEhLl6sRPTHuC,108600
Gost,46HcJG62ky3Tj7yJpB2Qqg,111800
MXMS,385fK73L7PCt3RMlZQOu6t,43700
DJ Bake,4dPrnpHUwARi37NN9ImXwx,0
The 6ths,7HzHgQO5cFieqjoINahKkm,48400
Pepita,4dIZeMZqLu9pSUxsmItDxa,38300
DJ Tray,2SB69q91iBsQuwE7g5NqFZ,696
Teki Latex,1hJv8PCKb3M0PSHQ9UxgCa,4500
Lio,48sZWxnqspohWtxJNg7OsI,207600
Gwyneth Paltrow,4njFVSUWyxD84ur7w8Oy7h,389900
Rabit,2X3e2rDdxibDfJGv0CwS7A,5300
DreamReaper,3ymwdUUHPaNIVeWoACbiIg,44900
Bladee,2xvtxDNInKDV4AvGmjw6d1,1300000
Thaiboy Digital,3cGojc1Yu89IHXx8OeSnee,395700
Gress,3syUzJVGOFtfucBhO9icNN,46400
Vania,6h3MHimQgTrJFz3UIrXgcC,10600
KilSoSouth,7zjVVZjY5P6hvIg0gOYc8N,13800
Malibu,49OuyZuJPvCmm5I86pYUW3,54
Lazerpunk,1xFCRE0T1SELBAaxtlG5X3,70300
Bad/Love,0lJyKe4CxWOeYOV4dbAFkZ,37200
TMRRW,2T5c5IrQGkNGuQNOVJSU9y,8900
Kelvin T,5eKocRaHaAoxtdSAL1zDyT,1300
Takeem,7xfeo24u8goKQRhKRj6MP1,12800
DJ LILMAN,0IYk6BQrE0HkCOkdITNEUi,169000
DJ Wallah,3XfRXaV5OK1ekWkm8DtYyS,155
Smerz,1f8PlfSHEW6fHnILSzm8dI,865500
Fire-Toolz,7nJawFIm90c4jAQFLabc1o,13100
Sophiaaaahjkl,7otvnD5KZH9KfeMk62VqSj,112900
8901,7otvnD5KZH9KfeMk62VqSj,112900
Even As We Speak,76TkEBFTqaVNF4KWwaQudW,5200
Podeserdesligado,3UiYxofVeRJ0fFkYbdljwG,3200
Caster,4z7OnrBHTHdfpjNKl7NGox,69100
A. G. Cook,335TWGWGFan4vaacJzSiU8,1100000
Cecile Believe,0nZHjqvdLoBy50ZzUH5FNU,1600000
Vector Seven,0Aob82fk8XM9qBRhiCvSBO,64400
Modeselektor,2jYMYP2SVifgmzNRQJx3SJ,238300
BRVMES,13OXgp0fFDhWRPSXnN8yLT,59800
TINYKVT,0sWZs1jin3oOieFS6lXE5T,92000
DJ Taj,0QOP5VL6UOJIz4GlbWL3rk,125200
STRNGR,7J3YcscK451VHYLO0LKD4T,6500
Destryur,4LoJzV2veCWijTidRRCQ8b,32500
COBRAH,1AHswQqsDNmu1xaE8KpBne,1500000
Rachel Mcalpine,3eSC3QxUm5FbAGqhjDG6Vx,36100
King Stephen,0U4CYkG0Aggl62zvIJXHJL,6500
The Cat's Miaow,3uqAgLJSws1rheJ0Lh7Lvt,36100
ESA (Electronic Substance Abuse),0DGtv5OHFgXsRhHh81ATPn,11200
Gaze,7nRXUCPuFbA0y7dGZ06Jlq,7600
PYLOT,3ZLe7OttXFn3JOPVZ9Vrr0,192600
Darkk Matter,2O3J0AjoDFcNFSrVFp5NYS,41500
Oklou,6fFcUOFcbjeIuEomuUthkw,1200000
Voicians,5DNApAt05XowaylsOJo1eW,129900
Shredder 1984,1OnOuA3QcYGa4rAWtu8GrQ,19600
Qqbbg,6ZmrXLpXLuqQRvZNvgHg1O,345
Big O,6ockfkoeDR6HxtxhttjCRE,0
Tullycraft,3KtOvpYuKClAuYxJqdITm6,14200
Dinamarca,4YFGNIynoM4Kq6f4VcZ7SX,1400000
Talisto,0iRbzSabNRvx071nUt1ayE,26600
Allo Darlin',0cygwaJypZFDlu4NLQTm7b,11100
Z6b3r,10TuJ40aesRnZ7AJSFrOMH,1400
Neil Patrick Harris,3UBvyQF5Hipou6Pm7wncxr,128699
Tiger Trap,0hTUZPp1ELWpYFuSYoNPgB,31600
Potyguara Bardo,1GA8PoLYhHREPKuYYB5A3B,104700
Tinoc,6BLaVUav8fhTgyAayfWfT4,40100
Sia,5WUlDfRSoLAfcVSX1WnrxN,69000000
Tarik Bouisfi,3M6rhDgXERmIspsfGmWotX,12400
ISEKXI,3qvt6fnNv9YIelz6USYR4J,0
Klasey Jones,0wPOVO0uMbHZy2ycXkOmY7,33500
Ase Manual,7d9PaRqnesvoUvMowJ2qoE,27800
SBF,7D7jFn2grcSooi9WCz48KJ,38
Lvcky Fem,2GJFPfXZM1AYNJ7cCqoXFf,0
Kelman Duran,6PIl48ctj6HDmqVM2uIikd,7500
Haezer,1OsqAzBh0YCmsISYLgIOqa,70600
N O W A V E,3wXJxYqErTFgKHkposKgNE,25600
Misanthropix,6L6Gh1qaHyuKJtyWNP99tc,18800
Blackhaine,5YUsQAApp3PLKOyhdyKPw5,2600
ARIUS,7wgs0d144iA6OnyYE629qE,39700
Jiddy,2pVWwaFwgfOc1pwlDoj1uA,203700
Smash Stereo,0ffEREi3eBDgVZTHgBFQQN,135500
Nick León,3qOGTt4eTeEkCn3efhAGu2,301700
The Encounter,4BoYO8cPeKT28GGAYjDW3g,26700
Street Cleaner,5JZgp0VC1pINQXHLU3tuEW,48800
Meth Math,1avO1wALC75qKqIUpkJh0T,88500
Dj K-Deucez,3TE5mTqmLBjN340lrmW2YF,9
Nyema,5suFkDzCAYMesNUjY2WNBh,0
The Hit Parade,0eW2MAqK9MLTdD4nZKiw4W,7400
Girl Pusher,0be1lImX0yBJ644Df8kIpd,9300
Big Dope P,0eebKLG13kCWzqNI1LItJe,12600
DJ Slugo,1cdLR0Fz14MLkWY78hNTYT,31500
Lauren Flax,1LUYSrytHIC78JbMgFBIG7,4600
Reznyck,24aVRLXhKXWYLz4KE4vLCC,24200
Tayhana,647u1oTQ3MgB1k4FwVrPfg,21400
Black Tambourine,2xLjx9vPwpFEf7Jx62ZTuh,35400
Kai Whiston,0hktkVFcCRG9z2NTXE6jhl,18700
EDEN,0WDCVd5uAX4QvasaOzqe8V,1800
Moa Pillar,3z66XA0pztleqKn1xlI9Zr,4500
Ушко,1uaWIOyz0IrQnzTetxjWfK,0
A-Star,1fPa3fXJDNiSCfF9U8uvaT,151300
Edouble,6TDYQohH59F3npTnqLJ5gU,0
CABLE,2spFq4vwnf6DXIl5iJOkaJ,66200
Gastel,7d6C5CD4RootVplK5H9eii,17100
Social Kid,5MTN31B0DYG43RQJ9zT5fq,49400
CASHEW,15ouNMI0IA7d45Tez6JbRw,129000
Garçons,5GwspE8uabYkKBCEF1gWSI,815
AIRMANN,6KBj5g0TZbwitzaklHvagh,10600
Flyy TheProducer,74iuhv9ckDRfg4fGDaOMTG,17600
Pyt Ny,2nUK9dIcPlhwjBZ8H6kBKy,15200
Donbor,56mXBoiHYV9QEJxHS5TPk3,74900
Paul Marmota,1hWh4VJXSSsQeqcxKkHqcK,122200
La Zowi,1jB62pOe5WpGiHOBDtKBBG,818200
Hiérophante,4XQhHrpwlao14UgSCjNp4a,11700
Megan McDuffee,4n34M10wtYMrhh5tNsKwnn,74100
death's dynamic shroud,1F31FB7Y6ic4844PbqMf7c,44300
Aberdeen,6yr1ctYVijaonVg9CEqGCl,2500
Television Personalities,4MlLVFHiA4e7BU7vQ4r5Lh,46700
Sharaya J,6Z4puj0KYgtcxJrVXKmvBX,1700
Tonebox,3r5rHoyzqZHGJkU8fGZtNO,100900
Mellow Fields,4LXaqntarVcHPpcLpRj8fr,65200
Ultraboss,38nGQptZNhX8obVa39oI7y,15200
Varg²™,4g2EfgpanE2Z9LG1nQ9zNy,215000
Kick Puncher,1WvDvicIZrQVB2gFXZHIBN,49100
Conan Osíris,,
Niky Nine,6BfisSQ0hi2SM8ldtYosDw,44400
CRaymak,150jtRwN0MU5qRxkhKnzNm,29600
AFTERMYFALL,3bCsC2exlNg7bFRESSXXWK,3500
Newtone,2ou8uYWmrmdDswx8F5BDiK,2000
Trembling Blue Stars,708Zhi8JBJ5oChx0hYadnK,8400
Demi Lovato,6S2OmqARrzebs0tKUEyXyp,36700000
Adam Lambert,6prmLEyn4LfHlD9NnXWlf7,3100000
Ricky Martin,7slfeZO9LsJbWgpkIoXBUJ,20200000
Tre Oh Fie,6cA0eTMEit4fD6ZbTNoG4p,133000
Unholy,3hc7ufwx95yDtLGScjPg0c,65099
Big Flex,1qq6yMuMub8Beia5csFwQl,0
JVLIAH,5140UckyWFUNGkZcI8k9KE,157800
Nadus,59myknL407PNXcExTEeUpU,891
Cameo Blush,2Lx2CAHHQ2IC1iXjS6Y70v,43700
Matteo Tura,4MDRNxNtr5Zwyhgk6TC0ur,103500
Lyde,4ndJJZtDFKpWpmYaNg7kuY,15800
ATHRS,5AXI65sMlxQ1GtWmoyf3jN,7700
ZITH,4qqhNBSCHmDVXl4N68VDkp,1400
Jasmine Infiniti,4Ii6N7zTISiFbVsUPPD0sE,968
Sir JoQ,0t2ATkbihdqPzUaE9PZaEs,1400
Starfarer,7b2ClJ7TipeidVNEFhgIOk,19100
Powernerd,2vio6wIiVR3XOM1zlgMxXK,58700
Nightcrawler,74GPpxM5i8gN1sgNXh8JKu,50900
Five Star Hotel,4qRvtAdrXBBT0flfKrVmxG,8100
GAZZI,07V8t8EEwskMdjlXWulRsK,18600
Autodidakt,6EglFzay9VHfJ5ZEL67V3q,2200
Irving Force,1Hse4lep7I9RUgQ3Ro1NgX,51400
Volkor X,5Us4fLalowFjzrjC85k4Xq,68800
MORIS BLAK,2qz0WpmwqdvK7jFl723AE7,37200
Pete Crane,0b970jS0erJQOYL8sZSwEL,159
Free Refills,7JU1PMVE6cNMa9UWUS1VXy,13600
Neoslave,5iaVOli0HEhe5paNpfBnO6,18600
Doon Kanda,6w7wqJo8dY6Q7BWIRFBFX3,22100
Jam City,4jEa9eTpzzkuDQ9JMr0LT3,155900
Ohota,4xKsjRK2wCjXwamNHK6dMr,37800
Tzafu,0dnIXqDzJgdzsztA6EPQuj,48800
Dj Smallz 732,6GrHfxMFCXCdIhN9DrAxjK,314700
ONI,6Rnp9z01jyCXbdynsTOQLB,119800
Green Lantern,2OFLlNUP994plOyeo54Bw3,10300
Urbanstep,3Qq4056RMPoY5ehQrpNeVi,68000
We Are Magonia,6ZfZ3k4azxmrGfYoJHdJJP,53900
Marina Herlop,4ZG4S6skttdVhHz08AjMhR,33300
Sleen Mp,4iuGTB7yiyKYk64P1u2xAN,2700
Sissy Bar,5GERA69qDuH0t0shHlZgAC,8200
Into The Pale Abyss,0QmNQgXyElHWWuKV6NtZQr,13700
The Softies,0Ve1sk7tcGsb7ZVsp4o8GG,358900
Lil E,19umloSECHCuqkmkkT79nQ,154
Megahit,31r426ivwXMoZRDpTOTLLA,29000
Casey MQ,2LCeCCDzbmCOqnV33eB3q8,116500
Pomme,6e3pZKXUxrPfnUPJ960Hd9,4800000
Danny L Harle,1PNvaesh1mkKZucGhBuqgD,877700
Lederrick,7wT0a0iOAuvNC6tXUav7Xt,1000000
Iceboy Violet,0fawETwi5I0sjVcLpiimxh,0
Anz,1Ysz8yMgr4g1Ol3l1m3yOt,42000
13,,
Shygirl,3M3wTTCDwicRubwMyHyEDy,1300000
Chris Keya,7zCJiVQxxnpXTnIDVMihPl,54400
Celina,0wKjrcSrAe7PEjxSsbhzy7,13100
Revizia,5V9RbFZN8G82d2BoRKeJAP,44000
Andy Stott,6BuDxEE5rfuYeyhxQsl53K,87800
Yikii,0crlyQXak0HBTXdE9eyaiJ,0
DJ Rozwell,5ETn9pXrEi2upRr6P87jew,20600
Zamilska,5spFDEIIv5V1yEHxIBStKH,39600
Speed Machine,33Jy4yZmgx5d9zO1FcWkm4,0
Gregorio Franco,4A62eMSETwz3eJIVpw19g5,3900
Occams Laser,64qCw2HNCDMQeN2rx9YSSG,29200
LEYA,6Af4zImb75tO0LxOAEdUI1,23000
Okay Kaya,7d64ZVOXg02y73HB5UMqkb,267400
George Riley,76rh78p0cww0l4OqgKabLQ,65600
Quinze,20gDD3CGKvzoW5nVHT8oPa,244900
Hotcaller,76QJV7KTVHMaqCGILdk76Q,7400
Nexy,3tm6Lk6dQLYdMP65JiDaa8,4700
Stefano F,5GtKNEITu0IfKqdEbapCZC,0
Mascarpone,1ZEO1krHa0ACcotXAANFmL,23900
DJ Jayhood,7s0NPSWJQJOS4TNhENy85G,16000
Navie D,02VthzO4Cde9DFB0Up91Ka,20400
Dj Flawless,3EzrxBdiOvZb9NZq7slEgf,0
AGLORY,0t9kSns5R3QZouBepEjLT6,10900
West End Tricks,4KWruAZX5BRTjIW1l9wgSK,424
Tygapaw,2PyscWeidzp9QnSWc5QMBq,9400
Shatta Wale,42q0rYXtR561ypg1Fcw1PI,1300000
Uk Boga,2104q16ceYllfSyL3TbKeZ,0
Huerco S.,0Wy3xgOTkgtDlT9wJsOQjy,46800
BlackGummy,3ExR7ks7OAdqrm99r1PJby,34100
Louis Vivet,5c8rdJfIrtDTnRak9cuzwv,9500
Brosher,4eBOYh1aR4VoyWMulfFZuU,0
Dj. Great,63Ib5jjLTApndHRhpDbnJd,14800
Laysa,5Jycy1Tg8JDcxBxFDQL8A6,3300
Billy Mays Band,4OCWKdHXyAHrA4JHEGl9KE,13100
Sam Lamar,2ihPQnVz8d2ePjGcXLbNf8,24000
Djedjotronic,5c8Rd2gCeW7KAdTnwWIZKL,29500
Lokier,0p8GctWFVZV1FaCziO7Bil,5900
Vessel,3CVP7vT9JUFGLj8MgiVKjY,724500
O.L.I.V.I.A,4t97XgRwDBrTr46y53wjAK,2000
Oli XL,3L3ejltt5dmjXkES4YSGKX,54500
Namasenda,5T68nryXXOMNE2kVe61fKX,232900
Joey LaBeija,4u53d3J7G8vqKQYOPotIUJ,13000
Leonce,4CtHfoB4Jfn9hpWMHBq3lc,17200
HDMIRROR,49iW3yJIUqMeeJ11DjC17a,7500
Processor,3PsLxyLABzuf3dUMpS05Mp,122600
Modesty Beast,485IZYocUFAnvbd2WoYvGE,23000
Himera,1Vi0Dq6hC56i3a6eVA9Y6g,15700
JEL: The Digital Dream Girl,227nUVUblPNKbOvvXDrJne,163100
Kate Hudson,5AILMlfEtVO0ehMpDhesME,132400
Judge Bitch,1cb5TpyNZSiPv4GVnrtDaS,20700
The Aislers Set,3hhbHynBIT7ulyfJfrDKLt,4900
Organ Tapes,2dSa2lW4FLaQcPlzAcZOTS,9900
Dark0,1Jehpab4kMvjrpsHcBtYHR,6500
WVLFPAKT,32K4yu0bPR9VSeXa1rxdFl,0
Mecha Maiko,53a9zoSEQzvgcmy27AUkMq,3700
NGUZUNGUZU,5wJl2eFe6LqoSHSlk73vRr,3800
Karium K.E. Edwards,4XrSJ2M8vIQNoVxQqC9fFk,0
Wakyin,2CnJJITnV40TB5UtCRhwIZ,3300000
Campaign Nino,534GJ4CV7NzQuIgSfkL4L7,1
Blueboy,6zlPOCKOWyrp0ilSGFegHk,1200
Yawning Portal,68fiKpJLoB94P1fLMZTZbC,29300
Ray Gun Hero,75QDtvSbmuKHyb0GXCiUZh,9600
Babyfather,3DmDJOQgrwlq8MxXGLeFvA,170800
Madelyn Darling,1j60AcfVBF5WUmGWfhFIel,5600
Deathpact,09C3CKFxKEw1n1Z7kvT3jb,281700
Language of Flowers,48f9sLvv4atTHDSHpYAff8,2600
MikeQ,0H2tgKu7aoe1YVflaRWH6o,29600
Various Artists,0LyfQWJT6nXafLPZqxe9Of,401700000
Karen Nyame KG,2TsxAQQq0xVbjBOPXozFVz,173200
Mista Silva,2h3gbLjsYV1bTFr0qGYNb5,44300
gosha,4Jf1PKoGgtUPcqLgCc1k0O,14500
I-Exist,5hutk27muJqNAjWdTLZ0CN,22600
Mobiius,0jHnzOGooKPzt7qA3Q32mw,58400
Gabber Eleganza,4rCySlHzijM0ZiFPx7tUhd,9000
iMarkkeyz,2B7xPcMn6lsriV26tb0K3R,9600
The Orchids,6W8VbSclDd31QHMBwoC84H,2500
Jinaction,0v7ijjL7xRpUO5P9zfYqO2,929
HKE,7hRT5X8T2Dexcv7whFC804,7100
Katharine Whalen,5VXt67uAanyInI5rtMtqGr,20200
@1Tmt__,,
Kaydy Cain,4nXXIxTneJksvGXrlmX8oA,1700000
El Mini,4I5bs1BXz3JsItL4pze2GN,67100
Spirit Waves,2oZ5Wq0ERq3ZtLLaUj5mdu,12
Byrell The Great,7jj6ryjbpwtcfH9bwbPL1X,0
Dav Dralleon,5V8x0GqH9GCBPl1fYeOhuB,14300
Pierre Kwenders,04B6sMoIopTgUAQM3dcSxP,48600
JACKIE EXTREME,3lTxQgwx9i1S3u0UoZHCRr,7900
Nelson D,3hSRbxpRL7fJ64PepWjCof,6100
Samuel Organ,3Dsj31QwoB51xRtvTojQZ5,27000
1788-L,7oB4pCSzvvRtZka6DxXUfN,77000
TYNAN,5oiSxivTCIoOk5UlMSwzWM,433900
Tiny Elephant,3nYK6lZqdAM3IOEr3mxzLa,7500
Not The Father,2RGCVHkfmLPJcZVrPBsvY0,5500
MIDNIGHT CVLT,6fT08N8EN9rPdbeWxXkNdX,25100
CLIP,3gkLLAZaxTaJhHnUaxQzCl,148700
Kelvin Krash,4rjJpumNzqRUf75vCzSlQb,48700
Oscillian,6bNpZ2lr2qhlpEtDrimoI7,30300
Raydar,42cxe5wNs7fE5nRbEt00Xe,9800
Sarah Cracknel,3C9GcaEKEuAS3s6PfnlpR9,2400
Cobra Wipeout,2AgdWJZtAAWfJYMZ16J5lQ,452
Jon Lajoie,0ru4hXR4RJY1mikvbQKgWa,2100000
Lil Dicky,1tqhsYv8yBBdwANFNzHtcr,3900000
Afroman,4Icvbp9RDt5aY2TWDOVDsr,3300000
The Lonely Island,1f5GqyOPo0CkotzzRwviBu,1400000
Akon,0z4gvV4rjIZ9wHck67ucSV,40900000
Brendon Urie,6eYFryfcEu3QSq59D62wZQ,2000000
Rich Homie Quan,5lHRUCqkQZCIWeX7xG4sYT,2700000
Justin Timberlake,31TPClRtHm23RisEBtV3X7,57800000
Pink Guy,3yJnBqAoRUNeDabdYoiYWD,479100
T-Pain,3aQeKQSyrW4qWr35idm0cy,25800000
Muck Sticky,6sqYOwAxskqmauNw5674kL,69000
Mitch Fatel,40hcRRXFc6FPAy2hBh5caY,9900
Katt Williams,23MPAWNQLgjmhquLiZ6tWg,23800
Jim Norton,3vIOYTxzWZMXnPJl0G7O0r,17600
Stephen Lynch,1z4MOvDCbCQ0ZFqnSkVSUC,72600
Jeff Foxworthy,7zOcRYg1BYXpwr71XTWNr7,22600
Kyle Kinane,3o6jqTGntV0vVY9Mo9XpZL,39800
Hype Duo,6LBOJekW2MMIrFs564Hd4g,19100
Ron White,1xlkcCr7PNHw2dRG1Gm6YF,17900
Larry The Cable Guy,2iVKGetYUZQElKZKWECyF4,20400
Kevin Bloody Wilson,5RSNr43Y2rXK0iCVsHt91C,134400
Russell Peters,2M0B9O1xQufuiXvwYVeR1Z,7900
Linda P,6cPJvz5zmRucy5yjF4Yw1J,4800
Kathleen Madigan,1pA1nRkXRM0pzpZ5BhTcOJ,14700
Jace,3MEdIhw0C1WCzoIPxtifZ2,38300
Brain,5O96KhEf73NCSkeORu9RwW,3800
Michael Bolton,6YHEMoNPbcheiWS2haGzkn,4600000
Iliza Shlesinger,62YT0QLaqrFT04TgRkN4El,19200
Tom Papa,354il5j5dktNj5AslFqHGJ,142
Tommy Ryman,2D6qojMcA6LuvtEdVKVlvv,8400
Greg Warren,5Ep9KoPuMcT2c2YZqoslPE,12300
Josh Sneed,0vZbvoyHDSwTGY4v1oUo31,10100
Al Madrigal,4MnpNtb1z463VnWL27oP17,16400
Robert Schimmel,0ehhgyupkY048gd6MmW5TW,3800
Matt Braunger,2k2cddLaNFk3PF9HrJ78vt,18500
Brian Regan,566AijAv3pxSbRYM0kgyYf,69500
Big Jay Oakerson,6WykS91bn7CcqhsnUsoWuX,14200
Christian Finnegan,4Nwg6u4aPLC7lRbDOQ0pzn,21000
Chad Daniels,4v9flcc9gbY91EQBT1LLup,44400
Bert Kreischer,5ockbqgGT6UUo35PgmTZnI,33200
Dan Cummins,6fVThowyOiRqu0WpYn2nYL,11400
Erikka Innes,5t9fjdDBoGhMfjNlfnZJrH,2800
Laura Benanti,6KMFhD0SFLgUNoQJGxf37V,43500
The Wedding Singer Ensemble,6jckGssIDfD5aFCUPJK2oZ,12700
"""Weird Al"" Yankovic",1bDWGdIC2hardyt55nlQgG,1300000
Getter,3QryVD03gGZOLQQXjy3EoA,1700000
GaTa,5eJwzR2zzh5zkXcUjZAvDL,20100
Wyatt Cenac,25dWON1MPAkZhYaDhtIr90,9100
Jeff Allen,4WmGYgWkiSUWf6X84hNU5p,110
Brian Posehn,6ETz3zIqiwE31EpbYMS5j1,17500
Adam Ferrara,7rUgwiSOw24mwhspqXoQD0,72
Caroline Rhea,74pbjvGoRN1lgoio4rx04a,2600
Christopher Titus,1w1PH7gaaWtJd6pwywB9TJ,16000
The Adventures of Duane & Brando,73Q3Xyt6q3gcTZGC8aNzWz,3300
Ralphie May,6VkHwrEjxNBiwKjNxZI8bL,145
Rachel Feinstein,2yyBD8tp82KK8ppVaO4r6i,10300
Sebastian Maniscalco,6zpSDQIaxMnhvDUhJ3JvoO,67900
Mike Birbiglia,7LA4bHpsuQA1bNuxHpqeIT,25500
Tenacious D,1XpDYCrUJnvCo9Ez6yeMWh,2900000
Jamie Kilstein,5UGrYiVac7edLK47ywZx0H,2000
Jesse Joyce,4X6QziGKVQbDqS9cIbJiZf,3600
Michael Ian Black,1RIsu9xbn9rOuixozFisGH,18300
Ben Bailey,2JxJiWgEfpm0UX8XWfuRHh,9100
Doug Benson,0VxJIeWiVEKVinnkusea8P,4300
Chris Hardwick,1hbB92HZsMexFHecSjMXn9,11100
Darryl Lenox,4lr0Jus271NBJDqtnwW1sW,18200
John Pinette,3tVc31isarO5guX1jYDYt0,26600
Steve Rannazzisi,0X2yeq27cMQ8ebyBCmC3jZ,8000
Stuart Thompson,7A6QOBpubmzwsitPWwi3sT,13
Martin Lawrence,6LlitI30eC5HRXcTR5zBKO,1900
Sugar Sammy,6pCQIQyWK0t5HWxsureA2D,840
Rodney Carrington,7xsMZdxw6eEJXGTLZulONO,173300
Eugene Mirman,2405AUADWenBRsMcOcDPd0,102300
Glenn Wool,7GeWYxavuAVEZgbXni2Lq5,7200
Lee Mack,4L6DYcseP9Ja0UMPYs3JL8,2600
Ian Edwards,10t9CUSI7h7fXyHmr2mLtr,1700
Eddie Della Siepe,28O7FZuTPC732b5hepk4hS,412
Billy Gardell,2MFXhBjYDQHYZ99lqLjvBL,7200
Louis Katz,6l8WoIWQsS9K0x38gw0J0G,5600
Aunty Donna,590eeDBmZjoahBTswUJ3AM,12100
Mike Epps,2j9o2nPQjfuSyGgeqAn6q4,5300
Patton Oswalt,6YvKo1VtZxCoT8IkbAYswy,47600
Bret Ernst,08eUAzCBL0KD4MiFX0s56Y,7200
Hva Snakker Du Om?,6cD6zHzod1pg68dRitjQDU,72300
Anders Matthesen,7ywx4levGzk6v90WXQToXe,155900
Bossy Bo,4pudlJe8KnxSjT4rXb8D9x,36500
Chris D'Elia,68zDWPD0VlACZBBnN5cETu,14400
Chas & Dave,38unGip4o3KhMfqHdHWB7K,120400
Yung Fate,71vWw4sRhbUAnzXqbSee9o,20200
DJLeach,5AGUZdclehMnWvn06McgPh,14
Jake Strain,2liN73EoaEZ94CTvL2lXYe,17200
Keith Alberstadt,14JY3DKf0X2bQmI32YdsO3,9200
Simon King,70FJfeTWhf2U7BFIVm3XRq,1800
Micky Flanagan,7oQMBipVd1aPL5e5Xdtrtl,12100
Ryan Stout,3rYH0eT8EkSbxGNkcaJEzW,22100
Louie Anderson,2KprHqznNjX8h26Xv37Mav,884
Marc Maron,66VG2mrV8hpXCAiPI5WYG6,19300
Todd Glass,1DXO9tl7mebiGlF0k7c9pw,10000
Tim Wilson,3rePw1J7Juz7bns9J54PIN,36200
Shane Mauss,54ee3dUdSbGNlVN1H9WeCE,18300
Pablo Francisco,3Ac7ymYqL8NMoyhuU6vrNJ,36900
David Cross,2URUumnB8mguimUYWej7Vh,10900
Professor Elemental,74v1evvmANyDL1LqJiFIWm,35400
Adam Levine,4bYPcJP5jwMhSivRcqie2n,2000000
Kendrick Lamar,2YZyLoL8N0Wb9xBt1NhZWg,67400000
Dirt Nasty,4xZDgDbs4eQcpauHyyip0I,75000
Too $hort,4sb7rZNN93BSS6Gqgepo4v,3000000
Andrew Norelli,6C4qXuEJ6dc3tt12RSNwPc,16100
John Bishop,0GzaTknqoSujxrk7PL4euG,6400
Jim Florentine,0dCcYHqcOo9RUTDP3U4zSu,2900
Don Jamieson,0T3bQ5SUWAWF51brWgT5YA,1800
Michael Loftus,6FHIFUwToEdkyUVq00hV6s,2100
Katie Hannigan,0vwbK0H9iRnTko3EU7i6UE,5
Mo Mandel,6AswjYeXwwf1Xgwk054w3a,4500
Kevin Nealon,7lviQH9yzkiVR05JkF1iRG,5200
Andrew Orvedahl,6qj5gpAvCzpHhiMUO52E3U,2900
Bruce Bruce,09UxXSXASuJcfJEGw2a5Sw,1100
Andi Smith,7r2RiE4MXUY1ICdA3gEHRv,2600
Kurt Braunohler,4OcRK0DwktizCsSadSCuAA,4200
Froggy Fresh,0QsjXBgmv5j7WSHYfo7L82,52000
Dan Levy,5ubdjQN4F9Xe6jPIVqrce1,17200
Frank Caliendo,3nbH8bjK9XpgSSJ924LL1F,25
Seething Fuck Patties,6qE0Wjeqeohx82Lk7AOUxe,6900
Baron Vaughn,6GFFWrN8uz0IS4U3a4dmZX,8000
Chris Robinson,7C1Wl8H93z5X5UqD8fNE94,13500
Craig Shoemaker,5NSrLlZ0PEkuxgbplaZgc9,5000
Andy Hendrickson,4CtIDyahzIAizNs5X4cn9Y,11900
Ryan Dalton,79zcSgITNb3NEaMHGc9NRg,346
D.L. Hughley,6bw2w1Dfi7Dzv5tX42PmDc,6700
Carl Barron,49wkj600eh0Az9uaCr5y8y,1800
Anjelah Johnson,5uM0Xhxwo3D632eVABcctF,77
George Lopez,6emrXi84Xjdb8YcEm82XEZ,192100
Rihanna,5pKCCKE2ajJHZ9KAiaK11H,113000000
Joe Zimmerman,6fulEar0uOeRNYLp7RvaKg,2200
David Spade,2nRuWIaHlJnRcMp7Adi1jP,19800
Aaron Wilburn,649XcoyjLzsTRL95nZA8dN,4100
Greg Proops,70Rqn6ovZ6kIlRBsvWfCEI,1600
Mike DeStefano,0qO3ZGP3zj0L85bmg5hi1c,2700
Ryan Sickler,3HkJ7rZQaa7bYyjiJD54eL,2900
Orny Adams,1MOSuu65rdp7zT6rQPkBIz,7400
Moshe Kasher,4vNh29QjtpewdqjtNfaVIN,4400
Josh Wagner,00Qvr8kS7sShLLyPW7MEgu,2300
Michael Colyar,65sji4xDX61VTNf5eaAJ9m,1900
Alonzo Bodden,62YNOQb1XzTOa7axuV6np2,9200
Andy Sandford,3GqY3deiqsaatQFthJl52F,5900
Kurt Metzger,2W3x0MvAzQqekj8inJlnkJ,8300
Lady Gaga,1HY2Jd0NmPuamShAr6KMms,96400000
Arnez J,2zIJaSfvTLo3is7KRCHuH6,8600
Andy Parsons,1jjNh1cXmFZSCq3l1wYIn1,1200
Artie Lange,29b2hpIJbEIgVeAxBhyQed,30900
Cathy Boyd,2t19gK9x1KfSlRxoEv7mOJ,175
Steve Byrne,0WtH2lX6ujNHYdBgev8xAv,10200
Jason Manford,5EdQhheuLDUd0L9O158xLK,12100
Matthew Saldívar,71XxGyoq3r9hH3hUJsSlna,6300
Kevin Cahoon,5Twoqog2pnoJRP1sRDUwjH,42700
Chris Lilley,35IcEqKpbWghTlAf9ssQrY,12800
Jonah Takalua,17cjIOwDjkXPR7E7mKSJk4,0
Brad Williams,7gbfgQj7WmYqL496bdIRCA,14400
Nick Swardson,78LOZfmCBpTxTkuqxkLWB6,31400
"Joey ""CoCo"" Diaz",7gSyKYCwGoRMQQGP97GotT,4400
Nick Thune,0QYnDwtNinti1FzfzpiEcf,62
Marquez The Greatest,3Xq8P3gHgyX98GzPe4rDqf,3900
Richard Pryor,0zokIKbH4c7crvZP9Xel1Y,6600
Flanders & Swann,4AR9DghWVyZK6ylUPb8mLI,8800
Goldie Lookin Chain,0pobPzcYFoVSprUnwY2Bio,53200
Alfred Carcieri,4UAxXQ5kEtXFUNoJHOWpIS,425
Tracy Morgan,0W7nWv2YrpKKwsTJPWgJ8L,13900
Clinton Jackson,6F5PxdyBz676RS0DdGuqkt,1900
Rhod Gilbert,76GimhwWuzMJIsIPfpYw7c,6500
Mike Sheer,,
Martin Short,0dV9xcjrW5YwkxG3gEBhRx,108200
Harvey Fierstein,7G6zawIBBtDX1WvuT97Ei9,963000
Margaret Cho,7jO2GajJA9YuNIZTb1Z4ij,5400
Dry Bar Comedy,1KrWXCPbbYS7LAjrXel6c7,26100
Joe DeRosa,3ArNmw6j0EUE4sEuiPjmhA,21200
Gary Gulman,1e6dQzOjEh1eHhme10gUjm,19200
Jake Thackray,5RQakjZIdS9R1yplVBO8Pj,9900
Adam Sandler,2LB9H0px4qWbCHg9Axzhga,300600
8 Crazy Nights Cast,5XJxfpB6uBxxxnorQDPATW,2200
Blake Clark,5f1TuoMjuYP6Y3cuBj50S2,12
Kevin Farley,7qQrLf3LoE5yq2ID4TS8cD,0
Tom Kenny,0j3pJsIWhjyoQeajnwSWU4,9700
Lari Friedman,4YZf44xS51B83lzfVhqiOv,0
Jared Sandler,6yvdrJoOj0nJs7IkqMEn27,398
Jillian Sandler,2450lXlLWosBe0cnKgmqnA,0
Dylan Sprouse,6fK25nC3SZSIkJarddmWNk,0
Carl Weathers,0rZizgh8ZxVDzEayVeyeKq,396
Tyra Banks,2qRCCNXQcF3aZofRrCPozH,22500
Cole Sprouse,6LnsaAaWRTuPCtvQvEIi2i,0
Ann Wilson,4lPDIYPFDs5gpcToUczJDs,453000
Richard Page,7vdEaXxp1JG1mnRdwYJxVx,19500
Willie Barcena,6BgfY43zIGLDolD4Tx7zLy,709
Bob Saget,40hB7iPLAeXsPpQvCgvte0,13400
Ali Siddiq,3cOzi726Iav1toV2LRVEjp,12600
John Caparulo,3upqBHklKNJAC3YoqAOSUo,166
Dana Gould,1e1hMHJbMgb1QNtBg2edHA,31000
Myq Kaplan,5H1u3kcNM0d7DJlihbXvBp,20000
Redd Foxx,26g2UJXbxJZsa8rIqherT0,4900
Max Boyce,45OGELqhUY1Rtbd37CGQR7,11600
Tommy Tiernan,3Za6iqTtnp1NvcxKEGuvSV,3100
Charlie Vergos,,
Chingo Bling,7uWSNqvFk0TnPO9zKbzLI5,62300
Jessi Campbell,4YIRs2ZnJztE1GRlw5juXH,3000
Montaigne,1ZcnsSFqWusWlRK01vKE6b,970900
Boilermakers,3K4JXzoV9ykx3J2GQ382y7,168
Dara O Briain,64JqmyscFxMbI2CtzExa9O,8300
Jenny Talia,0pHKnj4hRQxoMu8B5FbnvS,5400
Jason Allen,5Ygx40t0UllDW7Mwpgn5ck,34100
Comedian Bob Marley,45qKirPplVcz1no4oz1Ddj,8900
Lavell Crawford,1earjHx1SE5wWSbVQkMUyq,6000
Ian Bagg,6m6eySFbtv8u6n7tmM5Cn8,12000
Jon Reep,4kmLFSfnRYr416bNLj6LhS,4700
Billy Connolly,7ubX7CBZbkPM3O1m2WBBd8,34100
Ari Shaffir,16dlgXLNR0XE8sStlIcKwH,17300
Matt McCarthy,3V4ODgUObsEHFX6GQUy8xl,382
Tom Cotter,61Nvvu4EPzrS8ezm3B4P2K,4900
1 Trait Danger,5V1JBlUDh7XcBlmqa2mfwV,4800
Whitney Cummings,5nrXNyP5XC1DIgN1CPycmy,9400
Michael McIntyre,0cAmY0iPoZHFSoh20GaEnV,73700
Sean Lock,4piyq6puFGv1BgiucebqVS,9700
David Crowe,4GIqOGhorwXRijJ4QrfVcV,0
Kevin Hart,5g5BNIj2twETHdLV4VAH6M,8
Nick Jonas,4Rxn7Im3LGfyRkY2FlHhWi,8600000
Jay Pharoah,4IlxosDD8SmIv7NlEPwjOP,26300
Ryan Belleville,24Qd7Sw3RiEagZqeYbexcg,518
Andy Griffith,7hEbJvh3BAedDS2vVJvx0B,38600
The Lancashire Hotpots,5ac41g3jUH9rBoe6zawiaB,28200
Rita Gardner,0dDr11ltZYuXGQ005GNiQF,5200
Lil Rel Howery,245CRwGNgdSkkwUo10Xpre,1100
Frankie Boyle,7okniEZkjEUIZXNpsVKjI1,8100
Hugh Dennis,3YjM5kNv6JXij7fcW09vDY,2600
Russell Howard,261pRjvz7aaIhSM8WiiHt1,2800
Ed Byrne,4Nlpyj6I5rdYyjWg3s9FdB,4900
Felicia Michaels,0NzerbkxKXL9MZSbhoaOdn,501
The Sklar Brothers,5GRO9K9KunzmRzxtrCUc2t,2200
Lena Horne,2I6nP70ltmOHi6xjJUXHMe,63100
Dwayne Perkins,32cqXFEVL4d9DyvtHuleHa,4900
T. Bubba Bechtol,3Q511Kpqby2gA13x5AaQ6m,1700
Kenn Kington,6CsTe7Z3Iu7AYKj9WjQpDv,2200
Dennis Miller,2l3AsqjYiGIfZe0HUJ8Kyp,5500
Aaron Karo,1vNO9E8kXwjfBQXw4i0tOw,5100
The Jerky Boys,4afEuMmqeS7G5nlKF3jSM0,10800
Jesse Popp,4yPqVLvjFg27SijtppmB9h,2400
Tig Notaro,2qWOTC15qbAUKtaH477oLC,9700
Tim Minchin,4adgHnoK84DgtLot2jxrp2,248700
Jay Mohr,6LEQi90vURdDAjUZ6OsASy,3200
Josh Johnson,6E2QUbsHDVzmrf1TVfGdwf,49300
Dov Davidoff,2BlecWN5bo5QWdgZJTAfnq,859
Todd Barry,0i5tBhcOplutWfWG482CYh,14500
Demi Lardner,4c0q6nme6IulwF8R61JDpl,0
Steve Hofstetter,3L68G5ZpW6iZBuir17gsTC,19600
Dan + Shay,7z5WFjZAIYejWy0NI5lv4T,9500000
Justin Bieber,1uNFoZAHBGtllmzznpCI3s,122500000
Luke Bryan,0BvkDsjIUla7X0k6CSWh1I,12300000
Thomas Rhett,6x2LnllRG5uGarZMsD4iO8,13900000
Zach Bryan,40ZNYROS4zLfyyBSs2PGe2,24500000
Florida Georgia Line,3b8QkneNDz4JHKKKlLgYZg,11300000
HARDY,5QNm7E7RU2m64l6Gliu8Oy,8199999
Danielle Bradbery,5iqStkZi6QmG8sgQZQrfGN,535500
Creedence Clearwater Revival,3IYUhFvPQItj6xySrBmZkd,34000000
Jordan Davis,77kULmXAQ6vWer7IIHdGzI,10600000
Mushroom People,4ziIr4aQsNzHu1uJssQAUJ,48900
Shania Twain,5e4Dhzv426EvQe3aDb64jL,18200000
Jon Pardi,4MoAOfV4ROWofLG3a3hhBN,12200000
Cody Johnson,6zLBxLdl60ekBLpawtT63I,12900000
Clara Johnson,7q6IlJC2mNOig82tET713B,58
Brandi Johnson,0jIBCSsOUIdkmAG2SOCZfD,0
Cori Johnson,7z7oZce0bq3ymiVb3omWPM,0
Eagles,0ECwFtbIWEVNwjlrfc6xoL,28600000
Bailey Zimmerman,3win9vGIxFfBRag9S63wwf,12400000
Carrie Underwood,4xFUf1FHVy696Q1JQZMTRj,9500000
Alan Jackson,4mxWe1mtYIYfP040G38yvS,11100000
Isaiah Fisher,70keqETgUbAWzsr3cfjsq3,0
George Strait,5vngPClqofybhPERIqQMYd,10000000
Haley Mae Campbell,2NDqx1z4TTkFr0QOnk8nX3,94200
Blake Shelton,1UTPBmNbXNTittyMJrNkvw,10800000
Tim McGraw,6roFdX1y5BYSbp60OTJWMd,10700000
Gwen Stefani,4yiQZ8tQPux8cPriYMWUFP,25600000
Michael Bublé,1GxkXlMwML1oSg5eLPiAz3,14300000
Kenny Chesney,3grHWM9bx2E9vwJCdlRv9O,9900000
Catherine Dunn,3tgurcCC4NE9Vri1AzDbZV,0
Eric Church,2IvkS5MXK0vPGnwyJsrEyV,10000000
Sam Hunt,2kucQ9jQwuD8jWdtR9Ef38,6800000
Cole Swindell,1mfDfLsMxYcOOZkzBxvSVW,5200000
Kacey Musgraves,70kkdajctXSbqSMJbQO424,17100000
Dolly Parton,32vWCbZh0xZ4o9gkz4PsEU,16200000
Lainey Wilson,6tPHARSq45lQ8BSALCfkFC,11000000
Dierks Bentley,7x8nK0m0cP2ksQf0mjWdPS,6300000
Maren Morris,6WY7D3jk8zTrHtmkqqo5GI,11400000
BRELAND,0C86lmpnwiyLDUiyo4d0P1,1800000
Keith Urban,0u2FHSq3ln94y5Q57xazwf,6900000
P!nk,1KCSPY1glIKqW2TotWuXOR,38100000
Jimmy Fallon,7mAcgRMD6EfCKHO6cIkDOP,140400
Willie Nelson,5W5bDNCqJ1jbCgTxDD0Cb3,7600000
Norah Jones,2Kx7MNY7cI1ENniW7vT30N,7800000
John Denver,7EK1bQADBoqbYXnT4Cqv9w,11600000
Camila Cabello,4nDoRrQiYLoBzwC5BhVJzF,48100000
Troye Sivan,3WGpXCj9YhhfX11TToZcXP,18000000
Zooey Deschanel,2GEW6nJjHKAFyqnsE3TdWx,1000000
Josh Turner,7vCtweS8UVAXTyau2j0rDT,6100000
Lady A,32WkQRZEVKSzVAAYqukAEA,10800000
Kane Brown,3oSJ7TBVCWMDMiYjXNiCKE,11900000
Swae Lee,1zNqQNIdeOUZHb8zbZRFMX,43900000
Khalid,6LuN9FCkKOj5PcnpouEgny,54000000
Restless Road,5XLWHp9tjK7PWm7SMcvo2q,709700
Brett Young,0fiWOxhsBsQQvFDtxUQWo0,4099999
Rascal Flatts,0a1gHP0HAqALbEyxaD5Ngn,12300000
Natasha Bedingfield,7o95ZoZt5ZYn31e9z1Hc0a,27300000
Parker McCollum,0Z8XVUAOBPM4x12wKnFHEQ,4700000
Riley Green,2QMsj4XJ7ne2hojxt6v5eb,16700000
Little Big Town,3CygdxquGHurS7f9LjNLkv,4500000
Darius Rucker,7FY5V3XMwlNBPitEjXowHQ,10100000
Lauren Alaina,1v3tdpIdBSW14rHUfiEVOv,4300000
Kenny Rogers,4tw2Lmn9tTPUv7Gy7mVPI4,12000000
Toby Keith,2bA6fzP0lMAQ4kz6CF61w8,10900000
Kim Carnes,5PN2aHIvLEM98XIorsPMhE,6400000
Chris Janson,60gmlHZmT16wiO9GiXKYK9,3000000
Gabby Barrett,6Iz3eq2aQGFf7TbGT2iahL,4099999
Billy Ray Cyrus,60rpJ9SgigSd16DOAG7GSa,8700000
Charlie Puth,6VuMaDnrHyPL1p4EHjYLi7,48200000
Carly Pearce,4sIl4BTo9l9KqEi0Y3RE72,3400000
Justin Moore,30e8DmahrEamvLbFRPdWmk,2600000
Maddie & Tae,34bhyY8jfKez7uKakMfy4y,2000000
Billy Currington,1By9QBFnjZAoI83BZppHlt,6800000
Travis Tritt,2M4Yt7oKGoYd0wqU44k4i2,5300000
Kelsea Ballerini,3RqBeV12Tt7A8xH3zBDDUF,8500000
LANY,49tQo2QULno7gxHutgccqF,11000000
Hozier,2FXC3k01G6Gw61bmprjgqS,39300000
Tyler Hubbard,3BEV5FcxOtkQJ7lLRKMh3V,4300000
Faith Hill,25NQNriVT2YbSW80ILRWJa,4900000
Brett Eldredge,0qSX3s5pJnAlSsgsCne8Cz,2200000
Midland,1DTZRmlVZBxx2wRQBtx6yi,6200000
Upchurch,2pSObt5Fk8izuX8ZfI3jRn,1200000
Randy Travis,1pTuR132U5b4Rizal2Pr7m,7900000
Steely Dan,6P7H3ai06vU1sGvdpBwDmE,8400000
Eric Ethridge,6h3SuFXFhINbYsVyIgaKLS,69300
Ingrid Andress,0jPnVIasXzBYjrlpO5irii,1600000
Trace Adkins,79FMDwzZQxHgSkIYBl3ODU,3800000
Kip Moore,2hJPr4lk7Q8SSvCVBl9fWM,1900000
Koe Wetzel,1Tie3AZgLQZqYEp8Fv4zOZ,8800000
America,35U9lQaRWSQISxQAB94Meo,18200000
Don Williams,4Ti0EKl2PVEms2NRMVGqNe,2200000
Bob Dylan,74ASZWbe4lXaubB36ztrGX,14900000
Kidd G,5edcHuf8pWH3I00WTorajM,851700
Conner Smith,0y2FPygoi6LVc75pxCgsMk,1600000
Vince Gill,3IhWQSrLj8EJjdvjFTpCyo,2600000
Jenny Gill,6DcfyDxSXarwnXR9X78DGB,88
Ian Munsick,7HjGPPtdNuHcK8crc7iNkn,2300000
Eli Young Band,6eKWqnckwdIlSnjaYgIyxv,2900000
Scotty McCreery,6ZV6lGY0prbqpTD0Md8i29,3600000
Ryan Charles,2BQredfxFMAX642ezVqQOS,631500
Katy Perry,6jJ0s89eD6GaHleKKya26X,89600000
Chris Stapleton,4YLtscXsxbVgi031ovDDdh,25700000
The Band Perry,75FnCoo4FBxH5K1Rrx0k5A,2700000
Hunter Hayes,7H6dkUChT5EoOQtUVMg4cN,1800000
Trisha Yearwood,3XlIhgydjvC4EniPFZT20j,2400000
Loretta Lynn,1FE0rls8gfQT3laAeRYNgl,1400000
The Shadowboxers,3gq3IRuBKSmyBbGXwfagj4,62900
John Michael Montgomery,7mPcfx7PhnBh6n4HMCd61A,4200000
Gary Allan,37W8SKV5Vc8lcGtdyWCA5m,2400000
Spencer Crandall,6to2NJmRWY1h7rLU4c9TyG,959800
Jana Kramer,2PaRhxWFaqCUZybJDDoNrf,434200
Luke Combs,718COspgdWOnwOFpJHRZHS,27000000
Katelyn Brown,2GB8NPGTvSHk3KwmxtVvaB,1100000
Simon Casey,2qUyxcsseI3E7et9hyeS2i,28300
Devin Dawson,2ySHS7UojGu20XfUPaBlyu,1600000
William Clark Green,0cshCXEe1I7wlRwdrL91ZQ,956500
Uncle Kracker,2DnqqkzzDKm3vAoyHtn8So,6400000
Flatland Cavalry,4SfGzWmeoNPKIOmiyc7Pav,3100000
Don Henley,5dbuFbrHa1SJlQhQX9OUJ2,7200000
Jon Langston,4BANbHDs1IluagTx5eRW2P,708800
Big & Rich,0oBEeN6BCxEgMogzThqrPf,3400000
Bon Jovi,58lV9VcRSjABbAbfWS6skp,35000000
Rotlaus,4ivFOCSoFSwxPXQawDqylT,308900
Vassendgutane,5sSnMyOXFRHWNFcC2LgdT2,281100
Easton Corbin,070kGpqtESdDsLb3gdMIyx,2000000
Glen Campbell,59hLmB5DrdihCYtNeFeW1U,5700000
Sugarland,0hYxQe3AK5jBPCr5MumLHD,2300000
Tracy Lawrence,2BQVRw9md4UKcGUrDXABCD,4099999
Joe Diffie,3THMgU4KdL7LlO5TEREs2g,2800000
Lasse Stefanz,0ntVZReCfBFQctUiiaTaeu,444200
N!NE,0RF3teBjUzbf1SDpnuR8Ro,225600
Morgan Wallen,4oUHIQIBe0LHzYfvXNW4QM,35700000
George Martin,4Fgf6RvuWpiwDXSE7Vammx,14300000
Parmalee,4TshyQDihSYXSWqvclXl3I,1700000
Jake Owen,1n2pb9Tsfe4SwAjmUac6YT,4300000
Lonestar,3qbnxnvUqR14MJ9g8QwZJK,2600000
Walker Hayes,7sKxqpSqbIzphAKAhrqvlf,3000000
Tyler Childers,13ZEDW6vyBF12HYcZRr4EV,11300000
Tyler Farr,3vHV92ecrylnUHDM4d2MtC,601400
Jason Aldean,3FfvYsEGaIb52QPXhg4DcH,12600000
Michael Ray,6ghiFYcwn2Vzl6K50U0UPz,1000000
Travis Denning,6CegFHnUqJcOBipgphZ2CJ,866500
Clay Walker,4MPkNgar5uTd8Sqvrr7par,2300000
Jim Croce,1R6Hx1tJ2VOUyodEpC12xM,7900000
Boston,29kkCKKGXheHuoO829FxWK,11900000
Music Travel Love,2qNrJcE9LjzPdiXbrjkqFa,2100000
Gerry Rafferty,7tjbDPvrdvDshcpEMXKRVb,8199999
Casey Donahew,4bbloxL2d1IeYwuT2eIgib,524200
Tyler Braden,63wjVVauFUQ4gBw6QXTT5N,4099999
American Song Contest,3pPClIZCqgahG8bguvacGh,160700
Ashley McBryde,371jpyGdoChzUASOIG2ECV,1100000
Gunslingers,0deCzMQAldZQd336Lks2BJ,3
Dr. Hook,2Mhi3jfuRSdbVZPdjqsnnN,2600000
Hannah Ellis,6jHWWttC33OQdEDnUXtYrq,101500
Nick Wayne,6Y92NtvBVk5tL0wIYXGVhl,34700
Emily Hackett,4dTcd3R8sIuVhoOlqgqr0V,49600
Will Anderson,3jASw3YQHarl90fZWNyCdn,15700
Bryan White,45kyLFJs5SIEqyzfVopuSc,599200
Taylor Swift,06HL4z0CvFAxyc27GXpf02,100600000
Morgan Evans,6fzQ81ouajOEFqCIB9VwrS,708700
Tyler Rich,78eqps3BavCqe2q7GCU1VK,415000
Little River Band,6clbbhnIqpHnqxwtOWcilg,2400000
Steve Winwood,5gxynDEKwNDgxGJmJjZyte,3400000
Katie Noel,4nreGSB7QWCSeYWKpcz3pt,147100
Chucky V,1sB2c7EpbEV1uK1A76zGo8,4900
BEIST,10OhWVHbW5GVS77R9qkWWC,103800
Stjørna Heimbrentslag,40WYRdzpABj4U2tEGEUpHP,71600
Salebarbes,2k67IAknAbf9ShxGNRU2wB,109800
Tomgang,3Qj3nUfSYOKCaDqcvIdgYe,118500
Ava Max,4npEfmQ6YuiwW1GpUmaq3F,28600000
Mitchell Tenpenny,1p6CdzJRoicjRcSdWoB9Qc,2100000
Seaforth,1ryJB2bhfYjjIt8kqy4BoG,351600
Eddie Rabbitt,0jgAONnsHxrwAlhkMUVS78,3100000
The Bellamy Brothers,5iB5AWIa7qreioi0AF3Bxa,2400000
Mini Thin,3aPYuq26jmGYQ35Z24SzJ5,101900
RaeLynn,5dMnvpYEfXvSexjwnSRH5n,769800
38 Special,3zXw2Eh96iTT51pytzHdZi,2400000
Hellbillies,0PqNs9XCK5D16ihtRMuOoU,418400
Boz Scaggs,46njgd2Rq9tZc4ZjeQMgbh,2100000
Adam Calhoun,4fZ8AuVP6Y8mLmCoybfKpC,697100
Synne,4s8a9nBSdGhzaIFGW34vP5,1400
Staut,3Gm11qlnZpq0J9ee9rUJ3P,139600
Roger Miller,1RP2UpEaRzkF0Id3JigqD8,1300000
Niko Moon,6Rw7DRa1dzChBvxGPCpOxU,1600000
Juice Newton,4L1z1IcfK7lbqx8izGHaw5,2000000
Francis Greg,3M4HosBeaD82iQkv8HVnzB,497200
The Handsome Family,72PnPUc1qv9UjRPaGVZ1jq,2500000
LeAnn Rimes,2d3VHzlOEwXvmBdS4pzOPL,7800000
Leo Sayer,04LIHk1SobiQwt2tlupoAV,3900000
The Chicks,25IG9fa7cbdmCIy3OnuH57,6400000
Dan Seals,55yEsJBqyn27JPsw5hHzqi,906700
Tenille Arts,0gSAxSvAApQc71cTpoXDFu,590900
Joe Nichols,4aJTB79uwT4sP0Nb8QGWHc,3100000
Bleu Edmondson,4hieTkZSZ7OWaN8hTB8tC1,61800
Crashville,3OzXAMfPfwenAot8z2NPpL,103900
Reckless Kelly,0jmPjksXqVrO92Urmx58vg,220500
Big Murph,6oAyFIhOYKi3Kn57EL3tkf,82500
High Valley,5sQqZtsAbXAoAnvA8iN9kN,503500
Byting,70WHziQLTycOFrXWZJbrE7,72200
Corey Smith,2Da6v0shOpKrOG07ZxonXo,180400
Avery Anna,5rjz63sgMaAUAyBMyCUK5D,8199999
Sheena Easton,5dcOK4stT4JDkP6Dqhbz5s,2100000
Aaron Watson,5BKzvAPtNXnt0LwzGvKOH3,625100
Stoney LaRue,0T7J61YgErxSH8yuyggHJO,350700
Too Far Gone,2ECB7a9n5WMAeMUgTJuMZn,11
Spelloppmaker,6hA33Zcv5XlydUzUFEAgmi,66600
Plumbo,6EokhXVfuwkt5542gzakJ9,254200
Jimmy Buffett,28AyklUmMECPwdfo8NEsV0,6400000
Cayouche,1BK4rRbvgkgYoOpPweuSJS,95800
Gunnar & The Grizzly Boys,1MaT8tk94UkY3k2thWudot,29200
Ashley Monroe,37BiX28I6pF104F92U1hDP,967700
Russell Dickerson,1E2AEtxaFaJtH0lO7kgNKw,5500000
Ludacris,3ipn9JLAPI5GUEo4y4jcoi,9300000
Megan Moroney,5Ppie0uPnbnvGBYRwYmlt0,9200000
Collin Raye,4AwLiAGc1rRLrCepj5rdTI,775200
David J,1p69S5zXlRxV3O15Wjabab,162
Brooks & Dunn,0XKOBt59crntr7HQXXO8Yz,14200000
Randall King,4Uux6BdaCNrVFQ0bqGRtfh,1900000
Jameson Rodgers,5pyVHz7lcfqKoV9BflFYwN,1100000
Frankie Ballard,0dvKgSdNB2U1gfp6ZcekYi,1100000
The Oak Ridge Boys,3XnO697XIus1M0cMuxZjos,1000000
Robert Earl Keen,1jjpkAHC8bd9fRFfgKyYLP,386000
Sawyer Brown,50hFWG3MaUUX5phNrrVc97,1600000
Kim Petras,3Xt3RrJMFv5SZkCfUE8C1J,12500000
Sean Paul,3Isy6kedDrgPYoTS1dazA9,61700000
Dua Lipa,6M2wZ9GZgrQXHCFfjv46we,67400000
The Chainsmokers,69GGBxA162lTqCwzJG5jLp,52100000
DJ Snake,540vIaP2JwjQb9dm3aArA4,48600000
DaBaby,4r63FhuTkUYltbVAg5TQnk,31400000
David Guetta,1Cs0zKBU1kc0i8ypK3B9ai,86500000
Bebe Rexha,64M6ah0SkkRsnPGtGiRAbb,44000000
Ariana Grande,66CXWjxzNUsdJxJ2JdwvnR,98600000
Lauv,5JZ7CnR6gTvEMKX4g70Amv,20000000
Doja Cat,5cj0lLjcoR7YOSnhnX0Po5,55100000
Calvin Harris,7CajNmpbOovFoOoasH2HaY,80000000
Anne-Marie,1zNqDE7qDGCsyzJwohVaoX,33400000
Shawn Mendes,7n2wHs1TKAczGzO7Dd2rGr,56200000
Jung Kook,6HaGTQPmzraVmaVxvz6EUc,16600000
BTS,3Nrfpe0tUJi4K4DXYWgMUX,36500000
Selena Gomez,0C8ZW7ezQVs4URX5aX7Kqx,44400000
Hamsika Iyer,35jsUTwBj5cW9GuNB7Xp61,6000000
Gym Class Heroes,4IJczjB0fJ04gs4uvP0Fli,21700000
Spice,0wEvWMQRqaXcgnrZv6KtyL,6700000
Shaggy,5EvFsr3kj42KNv97ZEnqij,26600000
Avicii,1vCWHaC5f2uS3yhpwWbIA6,41900000
Ellie Goulding,0X2BH1fck6amBIoJhDVmmJ,52300000
Ty Dolla $ign,7c0XG5cIJTrrAgEC3ULPiq,34900000
benny blanco,5CiGnKThu5ctn9pBxv7DGa,26700000
Becky Hill,4EPJlUEBy49EX1wuFOvtjK,10000000
Ella Henderson,7nDsS0l5ZAzMedVRKPP8F1,8900000
MistaJam,3qi5fhSI6aUecvRN0XqIJ2,692800
CeCe Rogers,2hNpOiBBvdArEJy7ACY4O1,136900
Sam Martin,66AE89GQTx88zLYhXn1wFK,4700000
Chris Willis,2qSEpijpT3YSXgxcXac1ly,3700000
Fergie,3r17AfJCCUqC9Lf0OAc73G,16399999
LMFAO,3sgFRtyBnxXD5ESfmbK4dl,13600000
AMARIA BB,1AC6rw8sH8VGrzMzgFUDG5,912600
JONY,2ISiyx4DLCMAMBCvPesCoq,3900000
Wiz Khalifa,137W8MRPWKqSmrBGDBFSop,44700000
Coldplay,4gzpq5DPGxSnKTe4SA8HAU,94900000
Bruno Mars,0du5cEVh5yTK9QJze8zA0C,131100000
Anderson .Paak,3jK9MiCrA42lLAdMGUZpwa,22100000
Silk Sonic,6PvvGcCY2XtUcSRld1Wilr,14900000
Afrojack,4D75GcNG95ebPtNvoNVXhz,28100000
Nicki Minaj,0hCNtLu0JehylgoiP8L4Gh,47400000
Saweetie,6cK3NBO6uP7hh0oyuVELFl,6500000
J Balvin,1vyhD5VmyZ7KMfW5gqLgo5,72600000
Paraone,1CDXFheONJtKnfUhf2HlRI,395
Erika de Casier,1nIJEqPyIj5qutlgWNmQB0,346800
Christina Perri,7H55rcKCfwqkyDFH9wpKM6,18000000
Jennifer Lopez,2DlGxzQSjYe5N6G9nkYghR,49600000
Pitbull,0TnOYISbd1XYRBk9myaseg,85900000
Ozuna,1i8SpTcr7yvPOmcqrbnVXY,52000000
Cardi B,4kYSro6naA4h99UJvo89HB,32400000
The Vamps,7gAppWoH7pcYmphCVTXkzs,6000000
ILLENIUM,45eNHdiiabvmbp4erw26rg,10000000
Daya,6Dd3NScHWwnW6obMFbl1BH,19900000
ノーマニ,,
Selena Gomez & The Scene,6dJeKm76NjfXBNTpHmOhfO,16399999
Sofía Reyes,0haZhu4fFKt0Ag94kZDiz2,6500000
Jason Derulo,07YZf4WDAMNwqr4jfgOZ8y,40300000
De La Ghetto,3EiLUeyEcA6fbRPSHkG5kb,21500000
PARTYNEXTDOOR,2HPaUgqeutzr3jx5a9WyDV,26700000
Sultan,7mNUTRMb4tuzhEW0jakWvu,5600
Shepard,4xuvJJeREN4HxIBKvYHgZF,152900
Jonas Brothers,7gOdHgIoIKoe4i9Tta6qdD,17000000
Tainy,0GM7qgcRCORpGnfcN2tCiB,27800000
Young Thug,50co4Is1HCEo8bhOyUWKpn,28400000
HUGEL,5PlfkPxwCpRRWQJBxCa0By,40900000
Colby O'Donis,7fObcBw9VM3x7ntWKCYl0z,833900
Juicy J,5gCRApTajqwbnHHPbr2Fpi,8500000
Skip Marley,4ryoUS0W8qXokfMxrlJt6O,878600
PRETTYMUCH,5Y8eJDj37KhaEeqbVO7Ag1,1200000
Kygo,23fqKkggKUBHNkbKtXEls4,31200000
Martin Garrix,60d24wfXkVzDSfLS6hyCjZ,25100000
Hazey Eyes,3r0RZ55RKisnnF0jVcYrVR,139300
Initial Talk,0YQmcNgfnoqxBMJ8dcw3Eh,137800
Duke & Jones,3jNm5wvIx1eR5NDdXhMkNV,153300
Louis Theroux,016Rz5DsXUPPxosNTZLYcv,290000
Megan Thee Stallion,181bsRPaVXVlUKXrxwZfHK,26900000
LISA,0blbVefuxOGltDBa00dspv,4300000
Lunay,47MpMsUfWtgyIIBEFOr4FE,13200000
Clean Bandit,6MDME20pz9RveH9rEXvrOM,34400000
Lil Uzi Vert,4O15NlyKLIASxsJ0PrXPfz,30200000
Kranium,1LKo6ZA3RNvKtLa6zDu32S,1600000
Nathan Dawe,2gduEC76ry33RVurAvT05p,3900000
Niall Horan,1Hsdzj7Dlq2I7tHP7501T4,12900000
Julia Michaels,0ZED1XzwlLHW4ZaG4lOT6m,15000000
Major Lazer,738wLrAtLtCtFOLvQBXOXp,34700000
MØ,,
5 Seconds of Summer,5Rl15oVamLq7FbSb0NNBNy,19900000
Shakira,0EmeFodog0BfCgMzAIvKQp,107000000
Wyclef Jean,7aBzpmFXB4WWpPl2F7RjBe,7100000
Vishal Dadlani,6CXEwIaXYfVJ84biCxqc9k,21900000
Shruti Pathak,3wZBspj86lRk2XLf4gfnSE,3000000
Charli XCX,25uiPmTg16RbhZWAqwLBy5,30600000
Gucci Mane,13y7CgLHjMVRMDqxdx0Xdo,17700000
Rauw Alejandro,1mcTU81TzQhprhouKaTkpq,52600000
Deep Chills,12rBrcOPP50qIan8ew4iTP,1800000
IVIE,2ol1cb6xyYpaxRTUsl1CYN,2700
Myke Towers,7iK8PXO48WeuP03g8YR51W,42400000
Drake,3TVXtAsR1Inumwj472S9r4,91900000
Social House,5UjifI1TYefXWn9GdqDOHl,6800000
Sean Kingston,6S0dmVVn4udvppDhZIWxCr,28000000
SZA,7tYKF4w9nC0nq9CsPZTHyP,66000000
Swedish House Mafia,1h6Cn3P4NGzXbaXidqURXs,28500000
Eminem,7dGJo4pcD2V6oG8kP0tJRR,72000000
Axwell /\ Ingrosso,2XnBwblw31dfGnspMIwgWz,7400000
Imanbek,5rGrDvrLOV2VV8SCFVGWlj,9400000
BYOR,0Upxnyh9nIUNSOmNE8WF4R,4700000
Freshlyground,7AcV1lk8Zrgo1691PDWEle,125000
Stevie Appleton,5qMHOzLlXeOEjOncWYtRfZ,5700000
Alessia Cara,2wUjUUtkb5lvLKcGKsKqsR,19900000
Mabel,1MIVXf74SZHmTIp4V4paH4,5200000
Miley Cyrus,5YGY8feqx7naU7z4HrwZM6,56600000
Reeva & Black,0rOhkUniWw19ZIyRDMehqy,9
Diplo,5fMUXHkw8R8eOP2RNVYEZX,44500000
Labrinth,2feDdbD5araYcm6JhFHHw7,19500000
LSD,6IZ4ctovY9dl7bgHClAvKJ,4000000
Becky G,4obzFoKoKRHIphyHzJ35G3,33400000
Stefflon Don,2ExGrw6XpbtUAJHTLtUXUD,6500000
Burna Boy,3wcj11K77LjEY1PkEazffa,60100000
Wizkid,3tVQdUvClmAT7URs9V3rsp,17400000
BLACKPINK,41MozSoPIsD1dJM0CLPjZF,19900000
Blxst,4qXC0i02bSFstECuXP2ZpL,4800000
Lily Allen,13saZpZnCDWOI9D4IJhp1f,10400000
Mike Posner,2KsP6tYLJlTBvSUxnwlVWa,22500000
Seeb,5iNrZmtVMtYev5M9yoWpEq,14700000
Zedd,2qxJFvFYMEDqd7ui6kSAcq,19400000
Grey,4lDBihdpMlOalxy1jkUbPl,9500000
Sandro Cavazza,5JYo7gm2dkyLLlWHjxS7Dy,7200000
Aloe Blacc,0id62QV2SZZfvBn9xpmuCl,4700000
Agnes,6SsTlCsuCYleNza6xGwynu,1900000
Vargas & Lagola,2fVW2ix4ANKiofDZIsy1XR,215900
Nicky Romero,5ChF3i92IPZHduM7jN3dpg,5400000
Phoebe Ryan,4N874uPqBka1QiCvnCVOtr,1600000
Lost Frequencies,7f5Zgnp2spUuuzKplmRkt7,24300000
Calum Scott,6ydoSd3N2mwgwBHtF6K7eX,18800000
Zara Larsson,1Xylc3o4UrD53lo9CvFvVg,60500000
Arif Cooper,4iHVimA5dLi09LzxKwYKXn,2600
Black Eyed Peas,1yxSLGMDHlW21z4YXirZDS,65800000
Chance the Rapper,1anyVhU62p31KFi8MEzkbf,8500000
Bad Bunny,4q3ewBCX7sLwd24euuV69X,99500000
Juice WRLD,4MCBfE4596Uoi2O4DtmEMz,29700000
Iyaz,5tKXB9uuebKE34yowVaU3C,15100000
Kid Ink,4o5M3YjPwK0MWaXXQZF5PP,0
Latto,3MdXrJWsbVzdn6fe5JYkSQ,16000000
Tom Walker,7z2avKuuiMAT4XZJFv8Rvh,3700000
KOLIDESCOPES,21ey6s5hEcTcVKDrF5MWby,316500
Until Dawn,49hK2KdkC23KHY83DwIfS2,29100
James Carter,5344K3N7rx7kw1HjO8psuq,4500000
Bazzi,4GvEc3ANtPPjt1ZJllr5Zl,14600000
Astrid S,3AVfmawzu83sp94QW7CEGm,4500000
Britney Spears,26dSoYclwsYLMAKD3tpOr4,49700000
Mohombi,37GUqxafAvAKGMZbXCUnmr,2900000
Girl Talk,5rIKA2r7WokktfLJy7uMJV,371
Lil Skies,7d3WFRME3vBY2cgoP38RDo,4700000
Future,1RyvyyTE3xzB2ZywiAwp0i,53100000
Lucky Daye,5Vuvs6Py2JRU7WiFDVsI7J,4400000
Francesco Yates,5X1JzPIIonP3u9lA580pPT,8000000
Alida,1kiq2kUV0cbLUhJsr7cpW0,1600000
Backstreet Boys,5rSXSAkZ67PYJSvpUpkOr7,30100000
MAX,1bqxdqvUtPWZri43cKHac8,6200000
Ali Gatie,4rTv3Ejc7hKMtmoBOK1B4T,6500000
Musiq Soulchild,3UVRliakQfa1pMWIsNuiZ8,2500000
Tish Hyman,6WzffCtFJ1iDsAwEV35h6K,111000
Alan Walker,7vk5e3vY1uw9plTHJAMwjN,29500000
Tungevaag,49CE2ffZ6Z3zeYSDauSKck,3700000
Mangoo,6ObeGN1qTsep95QRNOfNc3,1800000
DJ Mustard,0lZoRmP7H66F8NlPQc2ajB,425
Mark Ronson,3hv9jJF3adDNsBSIQDqcjp,32200000
Post Malone,246dkjvS1zLTtiykXe5h60,64099999
Kiana Ledé,7jZMxhsB8djyIbYmoiJSTs,2000000
Jhené Aiko,5ZS223C6JyBfXasXxrRqOk,13300000
Mustard,1w47PGjlIC5Zfj1IzZI2t6,24500
Gabry Ponte,5ENS85nZShljwNgg4wFD7D,16700000
LUM!X,0TKFPt9w0AAEnhB9bd0pLy,10300000
Prezioso,3iMzbvXlgNUpoFccD60bvr,5000000
Kanye West,5K4W6rqBFWDnAN6FQUkS6x,68800000
Speed Radio,7lbOsvk3lUWYry0Kjzsj5V,883500
The-Dream,1W3FSF1BLpY3hlVIgvenLz,3800000
NEIKED,5H6xmHXjsq98NLbEjuE29f,6900000
Mae Muller,1BEUkE2CSUgHTLSBMZdnFB,2200000
Polo G,6AgTAQt8XS6jRWi4sX7w49,14500000
Hailee Steinfeld,5p7f24Rk5HkUZsaS3BLG5F,8700000
BloodPop®,1okJ4NC308qbtY9LyHn6DO,4200000
Rixton,0kkxsdcaWmWU2yWAqclDh4,3800000
Kodak Black,46SHBwWsqBkxI7EeeBEQG7,30700000
Little Mix,3e7awlrlDSwF3iM0WBjGMp,14200000
A$AP Rocky,13ubrt8QOOCPljQ2FL1Kca,37500000
Madonna,6tbjWDEIzxoDsBA1FuhfPW,54900000
Sickick,3NR7hAacOhmcztWvD7vJfS,5700000
Why Don't We,2jnIB6XdLvnJUeNTy5A0J2,6400000
James Hype,43BxCL6t4c73BQnIJtry5v,12400000
Miggy Dela Rosa,45ruzGUmIr8WLjLOPJ9mGU,4600000
Jay Sean,4pADjHPWyrlAF0FA7joK2H,13500000
CHVRCHES,3CjlHNtplJyTf9npxaPl5w,4200000
Bipolar Sunshine,0CjWKoS55T7DOt0HJuwF1H,7200000
Rudimental,4WN5naL3ofxrVBgFpguzKo,12100000
Anitta,7FNnA9vBm6EKceENgCGRMb,38600000
Don Diablo,1l2ekx5skC4gJH8djERwh1,6300000
Nicky Jam,1SupJlEpv7RS2tPNRaHViT,37500000
Natti Natasha,1GDbiv3spRmZ1XdM1jQbT7,16700000
Darell,1TtXnWcUs0FCkaZDPGYHdf,17700000
Sech,77ziqFxp5gaInVrF2lj4ht,21300000
Ms Banks,4imxqng3RrOBmykL2DhIJC,482000
Just Kiddin,4bazJLWIv8CuqmgxJRiGqo,376800
Cahill,02nqwOvmlIhYQtZ5kVqJZm,458200
Beyoncé,6vWDO969PvNqNYHIOW5v0m,64300000
escape,5b18SSI2uKDDejs0Zxh17R,5600
SLANDER,20DZAfCuP1TKZl5KcY7z3Q,4700000
Dylan Matthew,6d0ZjIp5L7Ygy2l02HskRX,3000000
Jack & Jack,1INuLZXjjVbcJRyWvD1iSq,3100000
Big Sean,0c173mlxpT3dSFRgMO8XPh,22300000
Alesso,4AVFqumd2ogHFlRbKIjp1t,17800000
WATT,4olE3I5QU0dvSR7LIpqTXc,87400
Sabrina Carpenter,74KM79TiuVKeVCqs8QtB0B,58300000
Joel Corry,6DgP9otnZw5z6daOntINxp,8300000
Matthew Koma,1mU61l2mcjEFraXZLpvVMo,382600
Topic,0u6GtibW46tFX7koQ6uNJZ,20200000
Shift K3Y,26OrZl5U3VNGHU9qUj8EcM,838600
Jack Ü,1HxJeLhIuegM3KgvPn8sTa,6700000
Pritam,1wRPtKGflJrBx9BmLsSwlU,49600000
MEDUZA,0xRXCcSX89eobfrshSVdyu,13200000
Goodboys,2nm38smINjms1LtczR0Cei,7300000
Bradley Cooper,4VIvfOurcf0vuLRxLkGnIG,12000000
Majestic,6QMABvTzixnxzsLYyhqRxI,7000000
Boney M.,54R6Y0I7jGUCveDTtI21nb,19100000
Ne-Yo,21E3waRsmPlU7jZsS13rcj,49700000
Ahrix,0kXCdaJ7C5MD27jXxzvHsa,699600
Sentinel,2GPNLOJ6KU8G9VyrLsz1Sw,728300
James Bay,4EzkuveR9pLvDVFNx6foYD,8400000
TINI,7vXDAI8JwjW531ouMGbfcp,15800000
Flo Rida,0jnsk9HBra6NMjO2oANoPY,44900000
Sage The Gemini,6d47Z08T4snK50HgTEHo5Z,3900000
Lookas,27fy6rHPC58Eo2VUu0iJSG,72800
Tove Lo,4NHQUGzhtTLFvgF5SZesLK,21900000
Macklemore,3JhNCzhSMTxs9WLGJJxWOY,34300000
Fall Out Boy,4UXqAaa6dQYAk18Lv7PEgX,26200000
HRVY,28y6CyJNkGNjJQKrlx4AmN,2300000
Lazza,0jdNdfi4vAuVi7a6cPDFBM,4200000
R3HAB,6cEuCEZu7PAE9ZSzLLc2oQ,11700000
Reik,0vR2qb8m9WHeZ5ByCbimq2,20700000
HARLEE,6eNlaSdxs8F7F0XlfDBhZy,411500
MNEK,7uMh23xWiuR7zsNkuNcm2G,9400000
Omah Lay,5yOvAmpIR7hVxiS6Ls5DPO,11200000
Charly Black,5sK8BsvyDl4TFA6KaBf8or,7100000
Juan Magán,1ackd5XprZEkH3McKbQD51,13300000
Yonny Atella,5SviRqgYXc1nVR7XnA0cKS,73900
Shenseea,1OFOShsIbhy1l5x73yuVyB,12100000
Tems,687cZJR45JO7jhk1LHIbgq,36100000
Olamide,4ovtyvs7j1jSmwhkBGHqSr,4600000
Tayc,7gU9VyFRN3JWPJ5oHOil60,6800000
Fireboy DML,75VKfyoBlkmrJFDqo1o2VY,9300000
Asake,3a1tBryiczPAZpgoZN9Rzg,8900000
SPINALL,2NtQA3PY9chI8l65ejZLTP,2700000
Äyanna,61SZdJffkiHvhHX2nnkymD,100100
Summer Walker,57LYzLEk2LcFghVwuWbcuS,18900000
DeeWunn,2QeuYhXNA1WNPCeMLNBqIc,621400
Marcy Chin,3GrBqSjQjzwavLDJkmAtxd,43400
DING DONG,351x2S7CduShTNvtzgkMl7,418300
Yxng Bane,5AbLpsnTQVNB3OEadYiVrK,1500000
D-Block Europe,5VadK1havLhK1OpKYsXv9y,8600000
Alexis Jordan,5LmYIx9kSWBJOWbP4xAxb1,923700
Busy Signal,4RfTXjK9aiiIKDaKUHpL57,5500000
Oh Gosh,5gqVZWERbye5YMhDM2KoBY,45900
Chris Martin,4mqdtDjerKTbqzj02T3Vbv,2
Sarz,408vMm7y1227ASq7GmWygZ,5700000
DJ Tunez,64oW4P0vsDhlorOxZKQi6a,3300000
Flash,4adMMJI7fSSinRx4ymNnwY,1400
Tiwa Savage,1hNaHKp2Za5YdOAG0WnRbc,3300000
Brandy,05oH07COxkXKIMt6mIPRee,10200000
Luis Fonsi,4V8Sr092TqfHkfAA5fXXqG,26700000
Skeng,4SGo67MJz6DdsjzaRZ4OD7,712800
Popcaan,62DmErcU7dqZbJaDqwsqzR,4000000
Skillibeng,5FkUhnHQ0KC63549LHHtst,10200000
Vybz Kartel,2NUz5P42WqkxilbI8ocN76,4500000
Collie Buddz,5Ayl2bJtN5mdCsxZoxs9n1,3800000
Beenie Man,4L3GTE04bW5N7azA9QPhjA,4200000
21 Savage,1URnnhqYAYcrqrcwql10ft,40600000
Fuse ODG,374sWpAJsbZckf98df2jJJ,1500000
Zack Knight,7JMBJmGMqw4H33HECyW4QP,3400000
Badshah,0y59o4v8uw5crbN9M3JiL1,22700000
Fave,4wAqlYtTaaHELEgyCh9KjG,4600000
Apache Indian,4sLklwvfOYr12fMGwrnlc7,1200000
Daddy Yankee,4VMYDCV2IEDYJArk749S6m,66400000
Timaya,7gEgjd9W1P1iAD9FbubrqC,1400000
BNXN fka Buju,5lP9gGpuQklguqwiKaRYi8,37
Iyanya,3ZUn6LYxdmmPYQqBhFWI3h,711600
Rvssian,1fctva4kpRbg2k3v7kwRuS,16900000
Sam Feldt,20gsENnposVs2I4rQ5kvrf,7100000
NSG,1ZfGh4cgVP6taqy00naPhl,14500
LD,,
Cestar,1p5MGlN01vwR008ce7818d,108000
Stailok,3raEZI89hszEBTTvb5wLsi,943800
Davido,0Y3agQaa6g2r0YmHPOO9rh,11700000
Shamanes Crew,6J9Vq69rGl3fJftWDT8jaK,537200
Wande Coal,1fYVmAFB7sC7eDoF3mJXla,3100000
Capleton,21J3YJTyq1biE3SvSNjzuf,1200000
Elephant Man,6NOvBZrkd83MSD51xkq4on,492700
Mr. Vegas,1pmixngtBJleMrGUG5o8DE,1900000
Sizzla,72T7x96EAqN2UWvAgobYfv,1600000
Alkaline,2LIAgeQ5NZurwixfoG3CWZ,1200000
Wiley,7k9T7lZlHjRAM1bb0r9Rm3,1500000
Koffee,23VkWUeWQLiQtMzPquHcBN,481
Gunna,2hlmm7s2ICUX0LVIhVFlZQ,33200000
Afro B,7oMRcCu0OYSCtCyS3P37iC,1500000
Maleek Berry,520qA5VGL9iI0SbmEnTVNg,1300000
Korede Bello,2TwUVWFJs4LD0lOBbJXnNa,853600
Idris Elba,0wi7qglMjD1ucDG8UCzagm,943200
Tarrus Riley,4frHO7KPcfMjhnVdIMJ98c,1200000
Dunw3ll,0GXid8LlvA2twALSqLKYQ0,551100
Jeremy Harding,4RPAm27zZnyxkEEpdWmrd0,3800000
Murray Elias,110deyrdzDK0DIuHPeQgKL,3800000
jahmiel,1pcKqVZ7T90mJ2rKo9XWYV,510400
Ishawna,6qA0pd4E3zPAw9gmo5Kn80,47400
P-Square,42IUN9kTPdUdI1kre6L7Wk,3300000
Kojo Funds,2o9hRZ3xI27UQpHT61A4Mm,1100000
RAYE,5KKpBU5eC2tJDzf0wmlRp2,42600000
Sway Clarke,1chXzMmrrsZU1vnIMMepTr,2300
Mr Eazi,4TAoP0f9OuWZUesao43xUW,4500000
J Hus,2a0uxJgbvvIRI4GX8pYfcr,5000000
Tiggs Da Author,0S2dfczvN0sOxEw559snHT,1000000
Santi,7wN7QBM8EzKCo3PJF9Z5jP,1900
Victony,1E5hfn5BduN2nnoZCJmUVG,7500000
Yemi Alade,7fKO99ryLDo8VocdtVvwZW,1100000
Duncan Mighty,5N47dnIfPuGH8kIHpf8gZK,846700
Eshconinco,4GcktEVE1rB4Kyv1woxUrx,371700
La Combo Tortuga,1wyjMJTy6WbOvYBSDL9fMR,666600
Angelique Kidjo,51qUDJb5AtQX6jIL4VJx6M,704400
Gmiztik,47Rn4SdL3kgAMREEiOEkuR,40700
Syster Sol,76ViH9hMBGfdwkmp1wYay5,58000
Dani M,5ILMkt5lW4KAyTXMNYWaGF,649000
AKI,77FK5F2AWebXG5IiEnoHLv,316500
General Knas,42SZWoHp8GLbTAFCF8xOIy,64599
Ayo Jay,4TSjRyOkq6Y66bRXgyNSkG,1900
Patoranking,2hKQc001G7ggs3ZyxMdkGq,2100000
Diamond Platnumz,3cAisWS37sGCCtRgWfvrod,1700000
K4mo,7IziQIyiq8TGse0Mc1laYi,23500
Rupee,60TYV12IFUaDfnUA0S67zb,2200000
Frass,5Lj59IUef72B1UziAoOosa,0
Mwuana,0ahIOvoOixJ6reWSvAsshX,221600
Keyshia Cole,1vfezMIyCr4XUdYRaKIKi3,30400000
Delirious & Alex K,58zeLSwvlNwRAUp73BWIEv,42500
Miss Lafamilia,5RUIxQGzPzXUD19Rb3W4e9,20800
Banx & Ranx,2uFC1dAj5b0YU7vulKNZ0p,1700000
Chronic Law,3zorWCDx017sz4UYP2fC9w,522100
Stonebwoy,2ayt5jDUuTCpoTG7sHSvuq,596100
Jahyanai,09FXva53dWku8Gu5N73rR8,818800
Timal,2ptKt4yP4mYRZmvi09JYyi,2100000
Eugy,7eHXdqfirsAS2YLXijqMKx,26600
Sarkodie,01DTVE3KmoPogPZaOvMqO8,1300000
Donae'o,3xcx9CcYTM4M1890B8o9Bp,441300
E-Dee,52YnVw6gJcjOTz1QWUr9Q3,12400
Runtown,6mMtnxEQkYoY5FfJIQ9Rhb,3300000
Reekado Banks,3bxZkzk0PLHcetO9o4oxXn,1200000
KiDi,14PimM6ohO2gYftuwTam9V,1200000
Demarco,0af5VM6xubf8EXKvoG35x6,662900
Ice Prince,1sSt1DqqqFLkPwfrqafVyn,1100000
Medina,7c7ZeiPKWHf2E1rsf1P4VF,1200000
Escala Mercalli,0IjUy10U10GGUKrv4ZQZpg,45300
Luis Lambis,6ouwZ3vbVnP5WIwEMurzJ5,352600
Sugar Minott,6iTD167bhyfYwEd7fd2bGn,393200
Anthony B,7Lij2ZLJJQOfGojVR3Wmqa,886100
Sister Nancy,21pMSs2JHWwwy2kp1QIIVB,3200000
Disclosure,6nS5roXSAGhTGr34W6n7Et,24000000
French Montana,6vXTefBL93Dj5IqAWq6OTv,32299999
Tory Lanez,2jku7tDXc6XoB6MO2hFuqg,25500000
Protoje,7BGR8y1VZAWK2oR4zD9COr,2500000
Chronixx,2oZcMYiKpjaA2Et5mU3RPP,3300000
Wizboyy,6eTEMo2irgozfqcK4dEUeE,225800
Wiz Ofuasia,0sRlnqmmepk0FBxtULhUrn,160900
Teeyah,11N8QdhYGEkvG1WBEhNZ3O,75500
Oxlade,3WTrdbZU99dgTtt3ZkyamT,4400000
Konshens,3nwYsifpwrKmCIpw4i0HDW,2200000
Sak Noel,15jrieCvf3EklAScnD9kKl,1300000
Kraff Gad,4ULg9wVZKb01ORw7AIZBDR,696700
Luciano,3CJKkU0XuElRT1z8rEtIYg,6200000
El Feco,6Ge1V7vSZY9AhybUYP5IQb,109
6t6,3ZAiFadCvLPBEHpZe7AJTX,286
Big Smoak,06GpZJWPcLAs6Ms6AZToL4,381
Kempo,7b7Tsi98gjLPWT7awREEcl,8
T.O.K,06JH3wcXkJg7eoxZVMO1UX,1300000
Squash,1HXkVBU6RwIxxN6xuI6b00,360900
Rygin King,0IHg6uUuIes2nxFoT0otpr,135200
Lil Kesh,38XiDu0kK3Z5jdHUDqBzNT,1000000
Zinoleesky,6Kp3KWPiVgi33DkJqo9T4g,2600000
MC Piri,0ZWLAINff0XSEWUEoKPz4t,0
Efe Frans,2dunU8e9GRFPVsR5XGRAwj,10000
Filip Mota,0CsTwvCSyMRfPh6gkTUfPj,27000
Digital Dread,4eY7PlzdY8Rbqg79fT8ih5,10800
Morodo,2OnH4HpywAxWkSOEsyjdjn,769800
Maxi Vargas,1FtPGO6iOU4CTmJ5YCTWPy,77700
Tay Iwar,0iqznAW9pzZ7KOjx8aCMWo,788200
Projexx,2DFzMI8SSWPYBBSxVF7b2N,626900
Falz,2s187JqHC9kipPLBLWXubl,1100000
Chike,6zK1M4TcabpLQMNmmG2P0Q,2100000
Pia Mia,1BhWF9W2PngtPSyobKg0rP,2800000
Tommy Lee Sparta,2yHxc12dEUiLXNeqUadxBh,756500
DJ Laszlo,0rvKUcq439p6nDHOhiVzVi,103200
Kizz Daniel,1X6cBGnXpEpN7CmflLKmLV,4400000
Skales,1ixqGowpDM21RwyJmJ7hpv,3100000
Teejay,30hElzuHCZ1qzCl364SHma,780300
Jugglerz,5dM0ApSI0k1TcOseiik0sY,2500000
Miami Yacine,1XKjtpH5P81gpOXDB91IEB,1700000
Nura,3gkbRDj7pkIylWVBpRfrQf,334200
Bausa,13bDjug9N0pyv3ZUINjkDV,4200000
Joshi Mizu,03bmDyr8klGV17DKQnPZVA,200500
Myssa More,4UOhA31ItPKimYALyRkxsB,4700
BLACKGRAPES,2WqUlVB3ztFGKlZeFcF3IK,400
Eichem,7wqVyRmXhkLoe0CAMPtHMC,449400
Astrallbass,14dNhqhwFlu2nJuDZRuy8t,221100
Flavour,2ErLXaEWK1NHKA3JE44Fwg,0
Laa Lee,4cb3HigJCNGP3rcRhVbYwS,57600
Cristale,6U1hXHFTV27cbQVXZvnX27,399200
Marksman,59ggRM2BowvTe9nlnwGlBT,24300
Silk Boss,5eDVLjuN0hk3ZhjJdCvHLF,53300
1Biggs Don,6NuqWCp8VQhokoHpiUY1mS,37800
Lion Fiah,4MvQy0WYny2XpZdGzpxZzN,976000
Saybor,78PiAotSSIbEaaphpvJlQl,9500
La Corte Music,3eUDo4M9J5yUjkvHAZ0CwM,11600
Saint's Búho,2UeQaIiWHmg1JsvM8hh57C,4100
Jony Roy,0i45a3fCG66fn6bmqO13Vc,209400
Ciju Bless,0gU3EFd5cAjR0s0so87EiT,12400
El Shaaki,2ZCkSpm5VDWVqcO0DZJ7mu,155600
Ley 20mil,7tyMRcrPEHeGygn8rVsxvf,0
Degree,1WsU8n1hX7sjHqGryYXp1w,23500
Lutan Fyah,1QfjByidqUrsRhcT3fpWTU,422000
Kapten Röd,4G2UDRhQLUDq0f93giGYwA,474300
Tommy Tip,3CGNqSiWDajmCcLZqAbnD9,20800
Juancho Style,0f6QKxpb3RVFQ7cZjwqYDn,204700
Sanchez,6550dJCDSrZ8Cv6IDAjHpf,369600
Pietkun,2TAEAlmHigdK9FoOiSiruu,409
Gav Easby,5vEb8w7k9IvmO5RhJ3RiK8,7100
Kaliffa,0rJEJ9T9JwC6ajdnMeqREY,233700
Ajebutter22,36gl2NBJNRaQakdS4fTKGW,187300
J Capri,6rgMAmoutpto9ded7xYd20,894100
Don Jazzy,3orxvFDFViCLknRO2O2m8a,783600
DJ Tarico,33CYyUywVRqTra6IdaQ35H,232400
Joey B,7ACLUXo71FsLZaKMOPDnEJ,349700
CKay,048LktY5zMnakWq7PTtFrz,11400000
Epik Jones,6kI7MtafHYMtYIjCYpXfMb,47400
No Saints,4PutP0r7ZjDXKOGXXyBNjC,0
Gyptian,2JX4h8xm0hNxCB0aNBWzyi,3300000
450,26adkLTDA9c8FSkNXeYsqW,0
Tiffany Owusu,37hnVT1tp5qMyIwgbmLsvO,241600
Damian Marley,3QJzdZJYIAcoET1GcfpNGi,7900000
Roze Don,6PUMb9DPJ9l0j0goEYBFHX,75100
Aalvero,5pFsSf1pvYIyo9PpDWtSN4,2100
Gappy Ranks,4rkmaLySgI7sl9cKfJ3tT8,212500
Bravo Ravers,4VHcmo14BgEkKNBDNDLqM4,10300
D'banj,5RCdjio4ASMQ8CFaSuAl6C,690100
Serani,22099GssG7Ood0d5UIh2wo,1800000
Nitro MC,6fIgIbebL9YH2ZdRxur04y,52000
Donexprs,6pAMH90rLFZxt5Vs5gVaCl,22700
Flor De Rap,3ZIZqvSbTL7mIEyXmbbXs7,111300
Lechero Mon,5M9hvwevD5Aax121KCeKPd,83000
jimmy Fernadez,,
Gedos,2OctHyTM4ghQ8WA2cB1cRQ,8
Crea BeatBox,50E6jiZFUumitVaBGH9kn2,102
Sponer,3HDxRASYWWKbvljloGd0Bj,0
Delaion,7C1eh6jI2XCPtdFA1OLXtp,5300
Aidonia,5mYWkDD4b1eM4ZjFq5axxs,1200000
DJ Acres,6RhHQP5MQPD3waU29h43gZ,63900
Ycee,5zqRdlPXeCIuxgaPimSKXj,483700
Street Gena,4OsBSv3PMFbLPRhqjvTfLP,1200
Linky First,7A2TFN73Go9zmu3ymtCWps,79300
Meeka,3x1abDAAJYxgkeV9MRLlbn,2500
Rema,46pWGuE3dSwY3bMMXGBvVS,26500000
Cherrie,59E9dYtwLTUAGuAppwFKAW,183400
Ai Milly,3tDe39nFxWfPvy7wnzc4u0,44200
Jeepstarr,1wXinjMsxsHJGk7wi3wYsu,15100
S.A. Finest,5vPGm4ycGVLWCDhntdkoft,7100
Labyrint,5s77Nldm0GrOQkMIElogdo,278700
Bubaseta,7AiFAkvE8VYLDdsmLC78ik,860100
R2Bees,0LFsP7WPfu5inz9a1amcE4,2500000
JuanchitoSaico,3UZbzEG4O8zvcDrFBZFwB5,53500
Jimmy Rivas,0tVWyqDsgOy4Tro19WJT6f,38000
Panthy,6riRZqBPeuOUgaHvYJTiH7,149600
Sativanderground,5Gk7kZkr62Q4rPz6swYJse,29000
Vanessa Valdez,2jXsXxyhUaKn3ncDDASYrE,2200
Major League Djz,0N3AcLTAS3vcx93PxN2Agb,1600000
Mayorkun,3DNCUaKdMZcMVJIS7yTskd,2700000
Samantha J,5NicAFYgte9L3jKbAGuKhw,32700
R. City,4TH4BHy0LdBi3dpBW4P2UX,9400000
Chi Ching Ching,1a3wNO8RPhwmEBZqm68aqU,41200
A.R. Rahman,1mYsTxnqsietFxj1OgoGbG,46600000
Giggs,3S0tlB4fE7ChxI2pWz8Xip,1800000
Queen Naija,3nViOFa3kZW8OMSNOzwr98,1900000
Boy Boy,0g13afAB5b21BJC6KD4nak,2
Mugeez,2xU6IU13MYie8RcM54Ovt0,57200
D'yani,3c4mJY5ixVvzRBdYvBtxci,343700
Weekday,2ZoRuY63B7fzl9HaKjlWoF,301500
Ladysmith Black Mambazo,3FdLhnmXynPvZkbILPpB6d,350200
Motto,2yK06HIkW6eitM49lypo0O,56800
Lyrikal,0BSl8YKVliuvCXpUhROZf1,0
Malie Donn,0sP79Bq6zJj6EskteStNBW,645500
Moonskull,6joLSLol0LPW8RFUPeu7fF,391
Harlem Richard$,0yrt5adoyJ3pKGQkf8uCaJ,26200
General Degree,0CwVuGmnkIBc5uitBWkplO,358500
Mad Cobra,56MDhktp7hO6MqKCS9rSXT,367100
Lady G,041l9csngwYwSeWQhfbuKD,0
Goldn.B,4gGacdwZmUxzVWDOoGMomn,12500
Warren,3hsPrgSO08dwXVkDzFbfSY,187900
Hawkeye,6nmxznUOqKpVtVVMUTiuJd,114800
Partillo,1JaDm3lcNujg75Mq1mtE0u,7700
Quique Neira,7BfDn0T1IbJiD0U8j27obe,304600
Alex D'Rosso,6gT6Fw0g5nBD3RQiZub7cA,1200000
DJ Neptune,3L4ZO0ZaSe1qeucpQK8tBR,1400000
Joeboy,1XavfPKBpNjkOfxHINlMHF,4300000
May D,7ahfCquNK3ReYc2UHhugs5,265000
Fivio Foreign,14CHVeJGrR5xgUGQFV5BVM,3100000
Bad Boy Timz,68R39izwNAztATrXMOqkJS,520700
Peruzzi,5ywjxFhmhHGQBsK3DundNf,642300
MHD,4WnAHZz1pgl8hus8hidIRV,4900000
Million Stylez,2TF8gIfNvlOCCEgAoOUz2L,695800
Stylo G,7qPISKHhhKDLZTmYcX7bWd,838400
Stalk Ashley,6VCt6Dh7TaZF330ZFeNHv5,277000
WSTRN,5nSAh3wlH7VaqpnkiMjzDs,1400000
Blackmen,4SY0eqKwNmc3bgCbtNmUMv,80600
Alto contraste,4ZCWQ2tJlo5ovG6GSpF5tw,2500
Shaneil Muir,6ilIhmo2Ijzq3BnKuxf2KQ,258000
Imenella,6IuS73qKuYfrYqA5g5iq0h,39600
Petter,5A0Bu9azuFEnud3q7t0V2r,554500
Digi Doran,2Qfo4rUPSljf43lINIVirR,13400
Buccaneer,72FmoZBmYJDtdEc1R9JEcn,62300
Dibujo Mc,0YPpzLWMRuISsbfDqi9tYu,25400
Prince Swanny,2Jv0w50BNaGlwnXpq69HGm,313000
Gifta,77E1FYxC4buHGc5me0PT5t,3900
Garnett Silk,4xDC3G6OUck11fSodF11jI,193700
Show Dem Camp,0XqLMMiljB30SqHKV9PYsD,625700
Dj Braindead,6KfuBqaNiLpb0cLc23Pnfq,25400
The FaNaTiX,3pZyDeGMNPAWHdFe2K4ud1,213300
DJ Battle,5rQh3Nz0mE7UaBIp9hotMq,26100
Lexy Panterra,5bB58D2RfSIIM2eBJy2Kww,27100
Masicka,2Gzy8TYJ5xrEMDyUjZuDsK,1600000
Govana,5Xi3NfsVBIEbaWVUfBTy39,399800
Alicai Harley,4HIgMgldxGG0v8nSDWJrnh,68800
Moelogo,6mctsJBrfcWvWH7S8h716D,305700
Nadia Rose,0Nc09HuPN9ELmbTCLyNKnO,34600
Jeremih,3KV3p5EY4AvKxOlhGHORLg,18700000
Sanjin,4eubQnUM4b5sGZoi3fSRV3,501000
Garmiani,2yhI3iWovCQYjhjoqzKO2R,372700
Franco Wildlife,3Dnqbxd8TK6AJu4n29nBhm,5600
Mavado,0eezS9KmhdjGN436RdTIXu,2200000
Jeff Fullyauto,4GjfdRM9UmdLr6pxyLZrNV,118300
Armanii,48ZXHIYtqeBiklzhu3lAey,704800
Java,5P9gekewyiWxrNSpGDao43,324
Bugle,4J51t1ZO7ed5qgsXmz9VXM,251500
Nicodemus,0gYq0uFw7DsoJvgfoHr7nX,318
Larry Gaaga,62s0EsXQNJEwy8fKZ386VU,1200000
Vector,5bztGANSbmh5gkm5VwUQxy,16400
Tony Matterhorn,6taesTUSevB9eK8bm5Y7b9,439300
Victor AD,0yUUty3Foto0aVQ0qElM3N,623900
Hety and Zambo,4nto9BIaDbDyA2z18DScKk,11600
Super Cat,7hHDN8REbPLpv46ROortOM,208300
Amindi,1xQIR56DxgWYZPUvOLRIua,245200
The Viceroys,1D9gvipi900QNpsgh679xb,390800
Oryane,6ealaBsCtCp93xGB1sL1Mz,456400
Raskality,3iWwLfjZAKzmAB57v38i45,3200
9Mill,4eXJco1ppGz52rAiQna3sF,5200
Fully Bad,6FOsnaGZqVm60esnJdCadh,29900
Dj Slow Motion,2cAKXyWQ8Na3GSwF8n3tE4,3700
Going Global Records,2JC7YH9Umra4Zc8mseZsRD,13800
Young Star 6ixx,277jOUSGN5AKoZoDxvfmUP,8900
Tafari,7tnzhcb2y0dtPFIFVTp0A4,16500
K Lion,6fanvfSBKMMExePwhUq8Mi,57600
Cham,5G8IlDlnPQPN4YmtJ6NDxK,721600
Poplane,3eWPmecL05k40mZuIJ1MIo,32299
Chani Man,3c06xbau4OgBytTvM6bXXg,18600
Kenyaman,0H8S2RYgamz5oaDE6nERVT,12
Rotimi,3RBLdsnbj7amWSAM1p89Sj,0
Sekret,4y6nmEMzqkwisCPnxTNvY4,7
Mark Topsecret,0RomIE17hKYetOLQi0KHxk,10500
Top Secret Music,49RxFwI1QJQq6w1ffliAdB,58600
Almeyda,3ScIhY1EejsIFbTsU87XwF,4700
Conroy Smith,7gVYNOgZqIi5aAmSzd7xmw,51500
Tanya Stephens,0vL0HKEtNHGobKmDNarMFQ,726900
Duane Stephenson,4jdHfc4ZIDd7RYn1reuDg2,437900
Bommer,1SmcVs1Kj8P4OT2D8uIiMx,59200
Mc Cogoyo,0DlgRHSPpJi8CNBuoGgyha,517
Christopher Martin,3dXC1YPbnQPsfHPVkm1ipj,1400000
Geko,5vfmmb3UHpuQWJ55JP9slk,375900
Ky-Mani Marley,1XTGADISSMRf8B4TcVGYUC,789300
Noah Powa,6yKN858F7VWik5UyT9geTE,58800
AJ Tracey,4Xi6LSfFqv26XgP9NKN26U,5400000
IQ,,
Good Times Ahead,6M7RdR9ZP52h2mfNLmiHtU,2200000
HarrySong,3hflm7FUsWEKbI0fRnaW20,147800
Rudeboy,583D4MicNImtI9URI0fIFT,751100
Kelly Rowland,3AuMNF8rQAKOzjYppFNAoB,17900000
Skillibang,,
DJ Smoak,,
Vipa Music,2DFcB4rkYxBmeAAeLIQoer,10
Stein,0gZ94YliBPeRCBE5FRtjw3,30400
Kalado,49LHSIccKp7CYrofg0HHTA,198800
ShaqStar,4hUusgCL7ygXSbHyupFzao,14400
Intence,3gwIlS9NOwBgwV3RfQIYiR,335100
Harry Toddler,4ytwWK7bEj7noRfvIVDsgj,30900
Macka Diamond,6ETpDuVbzktDEfNza1CN8i,197200
Ken Vybz,0eomtAhpoAMBnsns4DwGCp,41200
Rankz,6DjZSHY1ANtCvlwvy0A469,5600
Snövit,0kEHzvdzvwa8GzqGZV8ePh,83600
Klumben,6l2TcYHKMr6XQn5hxfD48E,82300
Raske Penge,7fOvQFIRL7o1WGXujMXQ46,83100
Nico D,5xmfXwTbTxL1CAWPIO5owA,143700
Admiral P,2P87oRX5tCFl1PYQRbPCPD,291500
Simi,2bxwrKkl8eAYAc2MXTfiB0,7500
Bracket,5knnDYKq8qxrEmdbE4u8r2,32700
Migos,6oMuImdp5ZcFhWP0ESe6mG,20600000
Anju Blaxx,2JFZKD5b40RXXmpYJkLOvl,293500
Blak Ryno,7hDd2AjcdR7Pg84vR1ElJ7,184600
Natoxie,1Wqloe5S1i29Ff7YiWg0x5,600200
Phyno,6acbdy69rtlv8m9EW31MYl,1600000
Tekno,6IhG3Yxm3UW98jhyBvrIut,2300000
Sonovic,1Q1CFLH3TYVyOBe4TwhwTL,8800
Allyawan,5Pcez7u1H2Po6e2LmMdF3f,51900
Buju Banton,4wLAjfeqAsV66AocWNcowA,2400000
Carol Gonzales,44PncC03UhKo8tp6rRCXjg,2600
Mega Banton,2bl0Qv6eSrkSw82UCFQCCS,29500
Salaam Remi,0rlS0SzVFk8BoiAW0fGBbN,2600000
Lexxus,6LCFuJlEO46XKJlT3ZguIa,179100
Nervz,3EaSGNhCzrL0bAnlgwAfQj,1100
Navaz,3nvz2Q71yoooOgGGlDmSwZ,57
DJ Bryan,4u2bmSwMR8J1Ft2mkXFwQM,9400
Jkevlar,5rdHnwaOT4IRtXurZpvrru,125100
Tency,51RG7tEip3vlXG9y9vylxp,38300
Quada,0eAqhr1BfTzJEfOEn0Ad19,49900
Zerimar,6RaGqBhx4OKuzv500enZIP,0
DJ Fly,4gfD8BN4nSxyEyDX62V7mm,120
Richie Loop,0fwGtEcJ4v3H0btcbM0KWc,243000
Dasinga,33V93f49XOUAY2AgDkrNHl,5500
Negro Sambo,44D02T0aBZrnN7GKfB3VUk,28300
Promoe,6tbXwhqy3WAFqanusCLvEU,106600
Slim Jxmmi,7EEiVZvj6RCEtVX2F2pyxu,1600000
Ghetto Boy,5gztxlbwQ2Gamz2hWaNIrA,294600
Bisa Kdei,4AN8jBgYwV1ieMsX1Ntxwc,317300
Da'ville,4kV9mrNI60H24Jj55wjKfw,402800
Young John,0qfFZU0MyOgRZyZL39YVGF,66500
King Promise,4tIKaxUmpXzshok2yCnwdf,2200000
Jada Kingdom,2FgooFaZzZy6PUyJImk0kG,371100
Fatman Scoop,15GGbJKqC6w0VYyAJtjej6,1300000
Kes,7E6r9S8qCRfZVCjF1A8do6,709500
Tony Rebel,0eyU8FDZOOlay1MxO2ze4E,166500
Richie Stephens,6vHXmFLRCxvJPquxCpCl7c,105000
Marcia Griffiths,4qLV9FR6ZVLS6W8drD78hM,667000
Nana Mclean,4ICiFbn4rwMcbzpGDNwyU5,2900
Jack Radics,0YeIluqMsCUwn5NC3TG2iQ,49300
Terry Ganzie,6JPxSaFckme5SddqBQ32sh,7900
Thrilla U,2RX2qmiGKzkD18j8EjLHYb,1500
Kultra Knox,,
Dean Fraser,2NgsVYg7cMgPQNYXW7CO6R,89200
Miwata,5RwRoCyyMD8TpyPaRAa0yr,103500
ATTOMATIC RECORDS,2H1f6bfuoaDdkEhS6VXpEv,1300
DANSKY RECORDS,7mGpQgkaAYOEhzs1CpWBuK,0
HEMTON MUSIC,3CwlcNvrdY6pau8mlNtAp2,0
Destra,0xMFjTpcN1zaf1ZU5NaNmk,195200
Farmer Nappy,0zSbNvakUiCGzlvMl7ncaN,102600
Patrice Roberts,0crMctn4iXaE3XCHpeBkOt,281700
Burro Banton,5JbSHdkU5r5zOi5aj4JBrP,61100
Countree Hype,4trjztkEHNUqYhnW3XTG8C,480400
EMCI FLOW,1DmOoPXcxJBevY8zcwscEK,56
Precision Productions,5selbVFrTsq2rTkqPWrHiA,194100
Machel Montano,6wxP7SSzfvi21Cnl8JicdQ,738600
Johnny Osbourne,5TUTGRG0FlRoYTZ4GEdOVO,448400
Shabba Ranks,3j7Sw80qzL2FJlryUhI3wG,822500
Frisco Kid,3FQmk40XXoExWndDiA28I7,108800
Spellz,5fOppW3chS7Mz6MAoFaN7J,244800
Ntosh Gazi,1PVQZbVl2qjnSDoHF1PzQY,5600
F.S.,0KR0MgITEQAm0sLRrcuExN,66400
emPawa Africa,4lJlIZfH7NKzwWizTDuYmN,72800
SIKEM,1E2l9VxEscguzMQiDG81gt,98600
Bunji Garlin,6nPHDCN7qmxO86eN1grP54,376000
Seyi Shay,0WgwOS7j1CB5tIRa4QM50K,174100
Shadrach Adeboye,1xCR4iDc0Ix7Y0qcLzbtLM,0
DethWrld,5CKjN61fO5PS1OxO2besVu,134600
Dennis Doff,0xz4qcJAttwdoIDkWrzuqm,4900
Meryl,1AT8NKdQOU0EVPu6ehN4NA,3500000
Ozzy,4WuB4LcexILxnSMHrJtZjm,235
Xyclone,5MahnQmv4JAYFE5eUTliDI,4700
Massive B,36fJ2Mx3ktclhSlBbsUbFY,208800
Bigg Skip,,
Kalash,3J7r4VsNmuWixU0nXvyPd8,4300000
Lion Bigmao,7bGp7qMPwSdqdcxA9qOl16,76400
Miztah Killa,0oYIGCZ2fDGlmJtixdDUnv,5500
Efosa,6bMDcfWfOVl5mWw8DUgLO3,117800
Amsie Brown,0mSD97JUcoK5g6PNFDnUdu,5600
Mikey Spice,4pKmKFXWNCqDM9OfGraSbx,81900
Odd Vibez,4O8DItgZCW3Tl41jIq5EPE,2200
WurlD,5x2vmU3Hj2Y66luW7c7vIn,1100000
Shane O,3ZOaLn1Bn5j7Cb7fC2BLzF,128500
Greeicy,5dbaLmK5SHLLg8Z4CcTJpX,9300000
Ashanti,5rkVyNGXEgeUqKkB5ccK83,8199999
Sean Tizzle,6J5O4svAiMxfVAisbPhA5a,234300
Jah Vinci,0mkixmQkcUeE6egKHW4ojh,221100
I Wayne,3HQIkVkhoARQMb0XlvyUKL,563000
Vibes Gong Productions,,
Plumpy Boss,58GP6t4N8aiJkHTOM41ECz,154000
Jey D,0czfHLpib67DbWUG0wPmt6,44600
Eshconico,21VvetqnIcBa94eWb4dCF0,0
Gaby,5b0Ekz9vJvW6z5aSdhJuWH,2500
Makrobeat,0XrtNJphzkwss6A7MSWplf,815
Jahvillani,40vpvFOIfRil2lXkK5GrTK,118300
Energizer,2eidqXcrkEKxcR1MCXyzdp,13800
Lampshade Muzic,710P6hrWqHnZ6zA3wNdGre,9000
Dexta Daps,28UDeKu2FPrU0T7dpUiSGY,1100000
Wayne Jarrett,4rVPRD5pDmkvUUSSxENlkP,20400
Ireland Boss,3JoZVMSSVzYhhMQ5dthRuT,266900
Ce'Cile,1RnGhd2JfN5nbVOvYmhDyO,533700
Zaturno,6P8YjImNhI3N6nrCEEhISo,42400
Queen Ifrica,5SK75gxwqKq5Zc1mdLfwv9,261399
Bamby,0TYwR8cuLjB6OaoWFaw7FS,45
MIST,63X1WKthLQidtqxxO2sgeq,1500000
2Baba,2n4DcAtRMvfyRX3ljeC8Kp,842000
Walshy Fire,3yJLZoq3Ra2VmSW5teVgih,519400
Salvatore Ganacci,5PdkRVDASsw6P7QoqRpz0F,502900
G-Terra,60g534cZibfhY4sv3TmTFo,357
Solgie Rokcstone,,
T.O.K.,4c4iX8pe1SV13xToguoelN,2100
Kyodi,6cOLYUbqvfzY4joSA8O4jv,26600
YK Kastro,61MZKoPjsJdgbBuu9dkv5r,38200
Shabdon Records,4hDq2gP1jbxtCXSK5JwwCy,49600
Krayzie Bone,53B8dEQzmtefvkdCAkO0YR,346000
Spragga Benz,2RUW6D53228zMHAXjaQI8f,181000
Lady Saw,2X1VgNqQOiSbkyel3a9rjK,262600
Rookie Production,5JlqrEbq8SAUOLr4fbqqJz,30700
Medz Boss,6QJrx4J9XqIxXUBhacoJHC,228200
Elemental Raggamuffin,59QBqfoCL1LttP0x9MWLph,88100
Manes del asis,6W8J3y4U75zQpKxZTgMXWT,0
Original Jahsman,46Dr0vFSHsTbWyri7tQHZa,250
Papa San,06eDTSeVX3k8W5bNAbnF9a,46500
PAPA TANK,7GlT61FntWwcOumgPlkOpB,151800
Bushman,7LodktwOen0OBkVv3DyxMX,103200
Opeth,0ybFZ2Ab08V8hueghSXm6E,918200
Suicide Silence,6HZr7Fs2VfV1PYHIwo8Ylc,606200
Death,4f5V3PQ66nIrBCqugJtaGn,910200
In Element,5vayRG0PR5kz2F7EXey8te,89
Cannibal Corpse,0yLwGBQiBqhXOvmTfH2A7n,568000
In Flames,57ylwQTnFnIhJh4nu4rxCs,1500000
Meshuggah,3ggwAqZD3lyT2sbovlmfQY,632700
Burgerkill,77X41f0zoHXGhC3a3UvdJk,83200
Ahmad Dhani,2TSeIynP2u22bqZOgKkbZm,548200
Eulogy,4UKEPeD9RZhTsJzyzqQom2,8
Amon Amarth,3pulcT2wt7FEG10lQlqDJL,1200000
Goretrade,3HAtxvIqhwWnQukBuH82cQ,2100
Children Of Bodom,1xUhNgw4eJDZfvumIpcz1B,771000
Noxa,0IWtycUEF7PvDFGlBaRqXZ,2300
Beside,7iMZ0bkli5AUI2IHne2wfE,20800
Obituary,0SbGI4sb8dAKFZnK7RFyhz,319500
Testament,28hJdGN1Awf7u3ifk2lVkg,920500
The Browning,4DSNcg40nf6T3eNAObq1Lo,304600
Transmetal,5r1YlvQfX1TfuSRWzEEPlT,67700
Slaughter to Prevail,24Oiw7BlvO1BETecDLJt6m,1300000
Bodysnatcher,2tCl0ipvwJJRJLAuIGf6tm,350600
Municipal Waste,2Ah9OuOj7B57gPD1cbwiaE,285300
Eluveitie,5X0N2k3qMnI8kSrGJT3kfT,748900
THOUSAND EYES,1TYIWWpB4D9vdMjv8BIux8,4700
Arch Enemy,0DCw6lHkzh9t7f8Hb4Z0Sx,737900
Annihilator,0L8QRAAuWjqvTM8FpQ1gYO,335500
Revenge The Fate,1YiG8Hn66v3E53ay7YyJb2,29200
DeadSquad,2By8ec9DQOnN2aiiFyrQ82,50700
Eet Syahranie,3GRHCPCr7gZW1Z9ip9HLRH,0
Death Angel,6KVc8Llznru8n9LVCYe9dz,205000
Surra,5TM5LOr6mxQGod2sH9Uz9e,23800
Overkill,0NmYchKQ8JIR9QHYJA0FRe,208400
Evil Darkness,3AokCl2QBzimg7rg0mpEDw,26
Gangrena Gasosa,7bmlMF1tQCEqpaW0apBGEh,14600
Black Pantera,2PftOgEPewb4XsaeE4567t,77200
Upon A Burning Body,1bPBx2qbpWzEoLujeHC3G7,314300
Veil Of Maya,2i7CQcVBh2K6uOR3CH09M1,207700
Betraying The Martyrs,4tEWLl4loWFLgs25trNnro,84800
Currents,5pqvAI85RMxL9K0xHvSwGu,951100
Insomnium,3uIgLG971oRM5fe6v8lvQS,229500
Thy Art Is Murder,3et9upNERQI5IYt5jEDTxM,454000
Bleed From Within,5ZvwJikDgdP1PFU4PkAPVG,458800
Hellcrust,5xfoKvquex28UMj44A3lg4,0
Traitors,1GkXxneFQE4d5YTsrbN6Ya,66400
Gideon,5J9abvHhGDZoHVTfv9bg78,14600
Attila,4Uv5bceTJ2h3tLlssUNDNP,483800
The Acacia Strain,4tDkeVxH0CSkNiLVrsYmQs,217900
Horrible Creatures,1oaCTAx74IW9C30gD3t0fr,225
The Black Dahlia Murder,4xTDPgk4jHCF0qui3dH6BS,190400
Claustrofobia,1gB0ClpTLrOPBQyYDIylFT,3100
Exodus,76S65NHJHrNy4JTrXHP2BH,467700
Suffocation,4ItRDIouodpnW6nm4TYDk1,184800
Avatar,4jpaXieuls7LVzG1uma5Rs,799200
The Contortionist,7nCgNmfYJcsVy3vOOzExYS,126900
Born Of Osiris,4HgqjpBaWctBWVHafQIpRt,205300
Dr. Acula,27H1vwD2AiNOHp5W7iP282,15500
Finntroll,4ZgkHVHmGPXuRy8zd26ZJX,93300
After The Burial,0uNj4RxFjG0iVPlZS753en,510200
DevilDriver,79el7mcHYhXYW3Zek21i0L,492300
Drew York,58pm9tbSqVGw8ZKM5qyVh8,11
Within The Ruins,5mscNJ6lE9Kj7tWv4iCk7y,62500
Frozen Soul,1hwwmQI1vhQamuIksyDKG6,98800
Mercyful Fate,0W8edGiwAsv6HXF0Kyc2V9,156700
Emmure,1C62FV9Cltn9L4c9jAwCyk,438100
Equilibrium,5KvkOKroKLz202ioXfGWR2,322100
August Burns Red,5p9CTsn5ueGU4oScNX1axu,745100
Darko US,7C6FTHcdowgX4dzKUd678K,129800
Shaolin G,3OarEMX1U8mwmtCDvqFiOA,314
Whitechapel,5274obTQJjzjyycRyJlfml,509800
Chris Whited,5qBHy3NeiDD7HOabJENoHW,0
I Declare War,4Ive5h2zDEYWu32ik078C2,63100
Repugnant,5TWakwpOctfXseCIG1lQWa,8000
Verjnuarmu,1i1mQ6YttNQTMzd43UmcMU,6500
Chelsea Grin,4UgQ3EFa8fEeaIEg54uV5b,407900
Soilwork,7wqP36o9lqWteOCxBnXlwx,415900
Dark Tranquillity,5EHvXKnNz78jkAVgTQLQ5O,249300
Sentenced,5jQPKWBobu6cJwGSbbqgCk,121200
Kreator,3BM0EaYmkKWuPmmHFUTQHv,498100
Dying Fetus,2DqzOWVL2ly48IA9bpZdie,255000
Wintersun,6ui6SwChan7c1KYBQCqGKV,170700
MACABRE,2lbJzDX11fy6cLeFtlkUA8,21400
Cavalera Conspiracy,7F1K4WlMshx23V2TTz4KwV,115600
Brujeria,1VV61UepOgsPiOjljK6mBY,99000
D.F.C.,7MlOEUg7IX1ZHijxgWiRDX,11500
For Today,3xvHWAD1Bz6vvVmVMPpZJs,151100
Unearth,44wJRGNtWywCUJZug8FJg3,102100
King Diamond,5i0ph60TnwTlIGrOZAmcZa,135600
Bury Your Dead,2cGTjGiqVo9E2NQIz3lP9D,58200
Bolt Thrower,3EbMlZ7ZKmFWPTHrLzpzvs,178400
Mournful Congregation,3HZQm7muBa4Ho0p8K9X82M,10400
Torture Squad,6E3iq1WfZbw2YEeTKVZYJR,8500
Through The Eyes of the Dead,7fHM9eaM8o6OMwpyR4xMYn,22300
Sight of Emptiness,7ussuGb7DeYCMNN349U3Tl,1700
Nervosa,18cGl33UcjdHuaZIKAcG07,21
Leprosy,01U6wng00lcRJt0j2W0O3x,25200
Blood Incantation,6FGv87WQ3mJWn3cmLUww6x,100000
Exhorder,5kuYamMO00pHPdRQcAXWTl,98100
Sonny Sandoval,0aKUHdp1gJhQ6mpZcJLd4L,21500
Miss May I,2OTuoIi28WybVbVcykc237,608000
Betrayer,4B68toQEeQsLAhxdOr1Ku7,23700
Fit For An Autopsy,0qJpY7K8p7g6sacvaGNt6i,344100
Skinless,5OLgWkV7opwcxN7zOhKb6g,57500
The Ghost Inside,6kQB2RN7WwryMdJ1MoQh1E,968200
Varials,6EFV3PmaXblKwNbvpkGv9l,332500
Bloodred Hourglass,5LDGgIxaWuRV4KlY6oob6b,103500
Paradise Lost,0gIo6kGl4KsCeIbqtZVHYp,354100
Heaven Shall Burn,4sy5qWfwUwpGYBnCKnwfcW,232000
Nailbomb,4Q6EFOghPrRjdwsF4p7Nzm,298600
Septicflesh,5MlEt7qqXqNSReeX76xK6b,135400
Within Destruction,1kAX4yFdmR0hJe2tPu1785,76100
Jason Richardson,4fsZkYcSEUEvZK2tEjzrVY,40400
Kataklysm,7kozeGeawfP7IEEL6dddrM,176800
The Red Chord,3u0I9EqSd1Uo34MItEAIKc,15000
See You Next Tuesday,2j5thxS6vaOqDNEAh0SFEx,9800
The Agonist,3NrGqWwh6dKk99v1UFqQak,79500
Gatecreeper,0eCB2pwtPnLywA4rxe4i4N,55100
Malevolence,7KFv5Cni7kseXWHJnnejXk,295200
The Troops of Doom,1GCnpVka37q3EXMVnK9bma,9900
Molotov Solution,0XwUuXb2vhFXXBMtQ3SJPa,21500
At The Gates,6YXarbjg36ODFPez0PnOlD,252400
Between The Buried And Me,2JC4hZm1egeJDEolLsMwZ9,156000
Amorphis,2UOVgpgiNTC6KK0vSC77aD,261000
I See Stars,3iCJOi5YKh247eutgCyLFe,574200
Dead To Fall,4fJhgb2uzeQZUtUUVqQLX3,14100
Fluids,7AwjxGNLsFAov9qk9w1nwm,16700
Ensiferum,0krXCIkthz13P8o0v2tksH,190800
Norma Jean,55b0Gfm53udtGBs8mmNXrH,196000
Wretched,3sc34B4NYjNQZQqpxeAGnK,18000
Vomit Forth,7FauDKMDbUkCa6SuNfI0GP,10000
Goatwhore,59YfPxuxGghrdPumu6aFKI,24600
The Haunted,2WLmgv66Uq4vt2i36vwkAq,100600
Masacre,6pUtrpjIxcYWNUkJWLVk9p,167
Spite,2DynE7m1BMVl4hQMvCXXq0,189700
Disarmonia Mundi,0iem9JStyv56PV2X7avZbo,72400
Kaunis Kuolematon,325i7BW7vMnVBl9YWdT6zN,17800
Here Comes The Kraken,52Zn2uHVzdUXzLWl8D0uZa,23800
A Life Once Lost,6ZIzy7TzXUle6nIRDcK44a,8400
Skullcrusher,1GUaQ6GpaxFPKZ0SCSsnwD,119500
Rings of Saturn,67Zm35qXdPzYfl1c3M0toJ,127700
Dan Watson,0oMfJioocncmBnpZPI106q,14
Strapping Young Lad,457qPvtiBTIl6LR4dZiKZy,102100
Infant Annihilator,6eSSPyqys0J4j0kdi3hFrR,136600
Tankard,0lKpKsvjBKLUeyVIAPHUy1,61600
Destinity,553eIV3aSzE17cxgVVG7o6,19400
Mors Principium Est,1k0jnWb55QS6FjTU9LzMhi,99300
Strangled,1esCIjNvqmJP9hfG5qNewk,18800
Pintglass,6b6QVdUlocAllySCrU4gQs,75100
Vulvodynia,3Gqp4F4hxnfH2txPKU5J2J,63600
Down for Life,0fXQwG6b7IqKxNboDQT72q,10100
Bleeding Through,41btkKEfOGIHsd7WNahMCi,69700
Misery Signals,0OSABE1yGiZK2ALQDJ0SeO,83800
Orbit Culture,7k29FbDq69ju2fe6zTskxY,526900
Carcass,5lhaM01nwvsMZpmPY2HVER,307400
Kalmah,2YPVtFn6SsYNntkmrdDpGF,78200
Suffokate,1z33NUnc0GQ95Id4wVkxaC,21500
Ryo Kinoshita,0hFOSb4sdsDLsAhwwSheWH,4500
Undeath,1vbr39xw4sKFUOiogA0DWN,10600
The Agony Scene,74yhbgDkPbVWHZ0VmNi5M9,34900
Mammoth Grinder,7pIDCJJU7yAb4CIlaj9h3f,5200
Dark Lunacy,63P5FOHij9qylmUA4rjHwQ,34600
Signs of the Swarm,0yxJx8OEyDfd7dzLsFuNrS,205600
Scar Symmetry,2PQVMx0BpRQhzMWLa7X0T6,137100
Necrophagist,22GSc8UsPGIP5mrM4W57rY,110300
Ingested,0EziqO4Mehje1x6hA1Fg2m,67800
Before I Turn,6oAHBPNjkdXwcdt2AgJgan,35200
The Last Ten Seconds of Life,3AESf0xMv9HSc3svVqypnY,58600
Avernal,0Pk6A0iFcoDjG1w0P1OMU2,3900
Djin,0ZOVuLAkyHxEGQv7RaseRG,663
Liferuiner,4C5vpOIsgmfm8q59XMwvt6,12100
iwrestledabearonce,2eFVIT8j6TJ7pPMhZYPwti,56900
Fear Of Domination,4KmUqzBGTHWlO46RpvMBUq,30100
Blind Witness,2LwtcVTtqIvltD3kFtbE9V,30800
Benediction,1Lx9Dy5gi2OLlJBBs7GYO7,58800
Kam Lee,148fwALoWVWdBwpnlbjEIL,0
Imperial Circus Dead Decadence,5bgW1AysTzHav20snaPkyp,64900
Hate,13XggX75z0Hk0VNvOuTJoB,24000
Archspire,7F9ZL4TJNr8AoU0UUQX8ih,164700
Guilherme Miranda,6B5pDAw3dXG1dm7EnM888h,0
We Butter The Bread With Butter,1oA1SW4FRAis6e8krh5YAf,171700
Raunchy,4IE8lT02HoEygu1flFQB7m,33500
Distinguisher,2SAUkgFRLdVSLxMzT85HSc,34800
Desalmado,1jBvFo0KVo7XVKsqni4ueu,2800
Pestilence,6JcFn4PlXFuXmhRXpOpsan,67900
Sylosis,2RiGIRDi4GoJpDbjDnPVJl,222400
NECROTTED,7khBSLZWST1HqSjWpEFlXl,22400
Xaon,5MxqNOyXOnWwKgoj6uX1zz,5400
Jorge Sotomayer,2GGwGPkDYwR6izhAyTrrXH,0
Tribulation,7xTo7ipdBZezIoyAkmcRge,27400
Trevor Strnad,5ABUXkPbITc1OnlxG0fPmf,0
Arsonists Get All The Girls,24StNQXP5gjZmG95zAZ9KZ,13600
Carnivore,0yL1k21OjFpQtWsHz9fxTN,63900
Sonic Syndicate,384RPjoLeqSOcy5qS9oQgX,136100
Centinex,7DLdKCkMkrgltlWkg0dseU,5600
PeelingFlesh,40DbKvYvADTiks7hZIUPHG,352200
Jon Huber,24IDvD0V7Zta3g8378lSqL,5300
Bludgeoned,1BbBOBwkedvRKFXADCgIso,5900
Pathology,0YLsaJh7FiEOYZugiIE2o3,18500
Firespawn,6iuACyGPyhtixKHUiJ8mNu,9300
Gruesome,3IkWr3wRsPZ4lqcGVKKlqG,8400
Illdisposed,1B7QysZd61axZ8HxJgAVRV,31000
Hail Of Bullets,19dZdBP69QTj8Jdgsde60c,3900
Slugdge,2Vp1Prkc6ejKx01ON9LlDw,24500
One Man Army And The Undead Quartet,19Ynk0CW8wXMZYz5VIDoP1,4300
Candlemass,7zDtfSB0AOZWhpuAHZIOw5,202600
Rajasinga,4f4dloIXhJ8C7HddMwx3IQ,2900
Havok,2jw4wgixxa20jls9N3Bdpq,130100
Stray From The Path,5tGG1slV9pkcydU5eQSIvm,124600
Cody B. Ware,6aY7r6cZsCWifRsX6Fm9kq,400
Darkest Hour,4dso1lISV1Atdo3O6qbhqq,134700
Acranius,3pQynkPJgCgmfoIQnGvZKG,26000
Chapel Of Disease,7FCvMREKd4Uuo3HsyX6uwk,5100
Napalm Death,3UqRgrDIQ208yNGiWKRMNt,227100
Tez Cadey,5cBeFQv3kBVP8o15CmPTKb,1100000
Starley,02A3cEvlLLCbIMVDrK2GHV,3200000
Ryan Riback,33JQK4UoS2aMPYBfdB5Ftt,3500000
Syn Cole,6i1GVNJCyyssRwXmnaeEFH,1200000
The Him,5WdqBAQhGFCrZvBKXiPIu7,465300
Amber Van Day,6NFRBhq9SmNn1FAiRs9AEf,828400
Ilkay Sencan,5deLgmgAEgy8UHOfJ9Dj8w,2400000
Dynoro,3v6Ji4uoWtKRkhuDUaxi9n,6100000
Gorgon City,4VNQWV2y1E97Eqo2D5UTjx,3000000
Hayley May,1WcwbtAnG5HWNbPPK84ued,1500000
Ella Eyre,66TrUkUZ3RM29dqeDQRgyA,4800000
Chris Lorenzo,7tm9Tuc70geXOOyKhtZHIj,4600000
High Jinx,0XFmkmsCbCoR7wlqaZdt64,70
D.O.D,0Cs47vvRsPgEfliBU9KDiB,9500000
Kelli-Leigh,0m6f0nNS9GEq41eIJ288ff,1000000
Alle Farben,61ipISvUVa5LkJlKZnm3Oo,3900000
PollyAnna,3mRSi79NwnlKaOH8vFxBVL,679000
Laura Welsh,2QGdI8fUEuoVPJ4xuC5NDe,190900
Brando,5uEeqYFuIChoWKy34jp8xE,6100000
Ninetails,6rhYa3MFqd5BLCRqtytA7q,79800
The Avener,0e6qzpphJHtObTSwD75mi0,3400000
Phoebe Killdeer,318VpIRUWele6jD0k3ldkT,3400000
CamelPhat,240wlM8vDrf6S4zCyzGj2W,6200000
Elderbrook,2vf4pRsEY6LpL5tKmqWb64,8700000
Route 94,1dgdvbogmctybPrGEcnYf6,8600000
Jess Glynne,4ScCswdRlyA23odg9thgIO,29200000
Navos,6YCM9JwkqdEFQSzztmh4Kb,1300000
Mahmut Orhan,3t8WiyalpvnB9AObcMufiE,2600000
Colonel Bagshot,1tmpv57VTq9XG346FRsgqW,323500
Tita Lau,5g93IJMEpfC68NUaeVjr4h,564300
Ilkan Gunuc,02vT04WkgQ8dO4f1GLMTP9,986000
Clara Stegall,2eoYtMHGIMByBWHqEWFBUH,84600
Jan Blomqvist,5wMlMjOLeJfS5DfxqGfm83,2100000
Elena Pitoulis,0Zw91yH74OemLqD4rHn96K,599000
Y.V.E. 48,5zSWGyWE5d0PYaYrtdVwOz,719000
Furkan Sert,4IzsCody9kpNcm6FKl459I,251200
Dom Dolla,205i7E8fNVfojowcQSfK9m,6600000
Cut Off,4u6yL1tRulnmL5LimC64x1,451700
Nora Van Elken,04m3oUGzjO3EJTQidFzTgM,1600000
Cumbiafrica,72zmP13MQQhZHt4Kl0FOTs,3000000
Claptone,4mncDFjVLUa3s025Tct3Ry,3500000
JAW,05BpORreAobgNUA5feAsui,487900
Ben Böhmer,5tDjiBYUsTqzd0RkTZxK7u,3800000
Emrah Turken,5J4Z1x3652wBUvuci5gVXe,250400
Emie,7vMDKdgSZ2Scn4uzFdTDyZ,1800000
Oliver Heldens,5nki7yRhxgM509M5ADlN1p,5900000
Kaspara,4DTvSNQv43222tg1K7C8k2,16300
Lucas Estrada,2tndYCXQneCV4jtoWRwVpz,4500000
MIYA MIYA,62T4eJZxaNKzBzm8qbNnBy,85400
Clementine Douglas,4DWuml4Jf6K81b5rAPwMb6,12400000
Purple Disco Machine,2WBJQGf1bT1kxuoqziH5g4,9200000
Sophie and the Giants,4FrXHrpbDLNyO3pbVv8RmF,3600000
Eyelar,3u4qXYRgHgU7YtjZt9sduX,136000
Armand Van Helden,3cQA9WH8liZfeja1DxcDYE,8100000
David Forbes,3kwdB3aUfg0uneHczX2vTG,213800
Coral Reef,45zKGLn3gDGwZkZ1ashK5t,23
Bikini Bandits,2UJZu7S4F22tWYZ2CdsJQr,656400
Julia Raye,1GT05WVryiVlXNfESBJ1Hm,101
CID,6Msj2QQgxwwCu2smLQQy6b,0
Westend,4epc3Bd0DOBA0kDywkRAsu,1800000
Disciples,4ZCnOYklELEjDUrbP4e5dv,87200
Klangkuenstler,6H77vD9YyhyxHBTkRpbMBk,858700
Alice Phoebe Lou,03uMw43UVu9MsQCcHVSGjX,1700000
Nils Hoffmann,6sOEMfvCfHQ9dhSWyamXVb,2000000
Camden Cox,5mNpMP01Co4vXZ3U0fWP3C,2700000
The Shapeshifters,60FV7KyxIH9FH1uq7u8inP,2300000
Ferreck Dawn,3cnAJv9gydgm52KFIsdvO8,1100000
ARTBAT,3BkRu2TGd2I1uBxZKddfg1,3900000
RHODES,07FfkbljNIdl45Ijlh1aXS,1400000
Joshwa,1PzAgFVk9v8cxn9flrqrv5,1900000
Chris Lake,5Igpc9iLZ3YGtKeYfSrrOE,8900000
Alexis Roberts,2GtBFxIWM3H6wRI2uzZvyt,1100000
James Blunt,7KMqksf0UMdyA0UCf4R3ux,14200000
NPC,3YEsNNbHlb88K9QCog4R0Y,1
Klingande,1L9i6qZYIGQedgM9QLSyzb,2600000
Jay Pryor,1ZUpQr4VSnnP86WbaRRMpd,509400
Coldabank,3JOvRLynmP4mA6dvlWARoA,898300
Anna Straker,4irCZ5mqRsmTXEEbMvO2VZ,35300
TCTS,1mFGfrveXbpolppPgO29Io,579800
Maroox,5gMP6mQ9eKRREGd2ofMvfU,203400
Ivy Adara,,
Autograf,0FVj4JuzTyudaXAwfqDQ20,703700
Blonde Maze,7jKdwKEJDwdloy2X6fyk9Y,341600
TWOPILOTS,6tV2P2SciHytsSDufKr57B,4099999
J. Worra,4q0N3EI67tVnAeeaXbNQIj,939000
Leo Stannard,37fzXndf2fxVrk7qarhyo0,2200000
Danny Howard,14MtanGZe4G1fzC8raLFUK,218300
Tilsen,2RgfDvNnwJPMLSUu6H3kuq,61100
KIDDO,3lLDZNIMUmxMzIE6Vz9Agz,1600000
Ofenbach,4AKwRarlmsUlLjIwt38NLw,9700000
Lulleaux,6bA8L82JXU9CQa2nyUnLDh,341700
Kid Princess,1ASiBT2IQbg6HCujZCqb4m,27
Mougleta,4gmndqcVVyxmzgOunTiuAD,1100000
Hogland,5s21IKPvmxRf9WxpO8H5UB,524900
Moss Kena,2u6jNcpusijFS6ZzuWRwMv,661800
Delilah Montagu,3WtrH1zNpzoPSz6XpwCh6y,2500000
ILIRA,6mzs66iVW15C5iLt0JLt41,1600000
Robert Nickson,0dMK3g7XAApwIpLTyE7mqJ,161700
Flash 89,6Qw2MJjTWam59Jj7Z2S0IA,6600
Lilly Ahlberg,2s8bgT1CE6KOA0a2omeCDk,740500
Kideko,0ZwQMCRqfyh1OGQkBh9Cnj,298200
Bolier,65NscqgsoMPqBtoLbkP3jD,938500
NBLM,3y03cacOqPS9hc4UN2U9rc,147700
Zac Samuel,3imlibJrwqYv8gqII7u4r0,900500
MØØNE,7kKL0Z6mypwMkgCevMfuQ6,173200
KC Lights,0bUZrFj7rstq07E4iAJHgZ,814400
BLOND:ISH,6zsJjoCtL1WByG0VsuFWzR,6700000
Dombresky,2GVtgxcx7jg5xVCZsIHSGN,775700
Crusy,6oIoaURalGEtkYTswOLoft,282000
Tiina,6GVBNOQURiHG9apNXi9fE8,12800
Junge Junge,721T2PETMLaAkijbYu05VD,417200
Kyle Pearce,1e5T955wZa6GSsBXgm4hlR,307200
Sena Şener,7CW2eGwAuElNq09rVtZYsM,1900000
Tchami,1KpCi9BOfviCVhmpI4G2sY,2200000
Habstrakt,1YYJxpOXYk1z1WtqdeLMkn,531100
Lena Leon,0izKfMblL8LX6Bv2wG3Cy7,236300
Ömer Balık,4aZ0gNozHDwTmpGQvjM1Hc,262000
Irina Rimes,1OQa8VMULlbmbFmDcdfBZj,600200
M-22,4WFtYn5RyU8VGPpPyW9Pxw,505500
Sam Paganini,50ZyjIaVHOy5Xt7FLJ7RZl,461500
Adam Beyer,1btv9qmIpbp7q1ixCYNdHu,1100000
Layton Giordani,7mC3RkNNTV6p2j9w4F8Ip4,2100000
Nora En Pure,24DO0PijjITGIEWsO8XaPs,1500000
Elnur Mikayilov,7hdMO5XGg4Dgy0hVYA9BIi,93300
Le Boeuf,6yTeWbdwQqIVfU1jGk2aeH,160800
Kersty Ryan,5gqC2SEZzvwTSdUXkGPvGV,0
Marten Hørger,0EdUwJSqkMmsH6Agg3G8Ls,1800000
Arman Cekin,7vUJCRmF1if4uhMp2V3tRP,327500
Rhi'N'B,3lmnnomU294PX91GpYswMn,14800
Biscits,052B9SONfhoScw7dgYWw5o,1100000
Carta,1njBaZbPNWb2EYGoQJfhNI,55
kirstin,4wxZ7QkrF5Bv1WiydW7kze,0
NEIMY,71Dhj822M1LGpuryPIV2KO,2800000
PLANT,6gHfqtW8exAkwlpwHN4JyZ,48300
BCX,0g8dyAYXMj72hIsb8ttK32,200300
Garreth Maher,7JwCpwLeeAXbvUNIzifhjv,44700
Georgie Keller,1PWLRaLj3BjJ5L8iUkRJqa,153800
Cages,1Ck15KzRcbdOiyLRvw13QJ,523200
Embody,0e7jcv95x5MTycydtfg6wv,998400
Brianna,3q1xAVcUquRc7oCZYLLIvZ,262200
Francis Mercier,44qAhQu52dYKcHOFQd3esf,6200000
LYOD,2a97LenVl6Fez8pkVAcFuq,664300
Celi,6S1yu9QLO9WVS5V1Vciw5v,50
Kiesza,4zxvC7CRGvggq9EWXOpwAo,2900000
Alex Grey,1AAK1j4h0H8pdz4kzW2Bzf,905300
Jude & Frank,7rUJV3QhhZJVRucw5BK09x,391400
Paolo Pellegrino,3ewQZ4iDkC9CQzceitueXe,215500
Martina Camargo,2vGRgVlsY6BB9PyESPm6IH,305300
Hugo Cantarra,7bI21Y9xsFRFVtt3cWf73n,1200000
Chapter & Verse,5yPVuutf3WAXUt1VqDaN1t,444100
Oliver Schories,0iTjLBepeGaLgZS18kxgRq,384200
Eden Prince,31Eea8xaK1xAMyJy2iWE0z,535300
Alex Schulz,5OReTeTBZ578sj07hDS0x7,398300
Eli & Fur,5CkVLGKUJkIc1pmSk10QP4,1300000
Son Mieux,1BCBAzjX8J0qpvNTPRDCLc,698200
Campsite Dream,69VkQLf4DH7GJ68BCDOPKL,391800
Iceleak,1xtHru6k5JtigkklHFXJlX,19800
LVNDSCAPE,2QlwnS23KrBeshXFyK5U6M,1100000
Cathrine Lassen,5i09Vd9N18qRJl2RcXODOp,87400
Sumix,5PJSqzJXgW4srxEyIGoipB,43300
Arild Aas,0H9XxJcRLKTYCfPTNKmttd,153900
Sondre Bjelland,6rNvkbiuJQipnU9H3kLWSx,12400
Thomas Jack,6JmzdIDSQdeHg0pocIascm,430000
Ilsey,2ZKzqJz3pPfWKVRgz9b39j,3700000
Pawl,1ShHSfgvLgJ4i26xcXB232,172400
Dakota,2zzpznMuhKlKlqh1ma7Sms,4200000
Sylow,4EviTlMaY400FfDijNqzaK,158800
Pierre Leck,7qB2easTNF1byZVSesD39n,229100
Kingsley Q,3kt5afXyonq4F4EubODipc,60100
My Buddy Mike,1oyYbvt8KfYIGkDQqEcVv0,67300
Sabelle,4Ut1Ue0Ghwe6mbSkmixS9h,3200
The Bianca Story,1p6obHqCF3E42HYbyQrHhE,218200
Meynberg,59a0J35YbYHfojR8iIpzuX,325900
Joseph Feinstein,7ahEpNiwqIG5GJ3NkfHt1L,79100
Alex Alexander,1mJucMwGjnCatEdVk9eedj,159800
Blinded Hearts,5uiEF5htEqJgHcOajZ25ns,100700
Maarten de Jong,1Rkbc6XIHQ89uq9n1a8kGY,79800
Emily Roberts,3RBqLTttwN1orqQozYfmJo,2100000
Erika Sirola,1OHw2r7Diz2rc9JktaFV6N,790600
Joris Voorn,4jGpKAmwvU263l0tUh4xKU,1600000
Faruk Sabanci,7nPbrzSt1apQM9rY5DVqQZ,725800
Cr3on,2kARXKmAASddORKnpXif8j,88900
Marcus,5lyoU2oXzgykAoMx9qDxDe,655
Gwendolyne,5L3KOYlbPk3gDy1yXvLBtj,8500
Sorana,1PnnRNGfichOAfPOn5mVyx,1100000
Kyco,3XH1OiGuPCC9ba8rh6zMdi,1
Barkley,38w2A25EEIJ50qrYo61ecR,0
Tinlicker,5EmEZjq8eHEC6qFnT63Lza,5800000
Michael Calfan,4CuipEvwcoQggmCV8jpKF9,1300000
JADED,6tCJN1fQNdFCEaOa8Da9Wf,852100
Ninetoes,5MP4PiGA5PNFrsVjtauFnC,1200000
Hannah Wants,7sK4hnuUOXw6VStDw0q8NI,670900
Leonardo Gonnelli,1oPZQYWNypR7DseLlEVhXe,10700
Stephan Bodzin,2nq2BeSbzExGAv3Y4HgUf7,316700
Mathew Jonson,6PTy8QkZxHr7Thp8SPYE71,65000
Topa,3g1Vj7QanJv0vaUuHC4yez,376
andhim,6XJeFzmI6vrWyHcdB7EImP,871000
Hanne & Lore,70MKGwjypyzdbuY4t9BqPD,22900
WHTKD,57ms6nMdMlFD6665yAVW3B,198600
Zakes Bantwini,5mZLaYqN0ZkjxfeUUmiuqL,467500
Kasango,3jteNJj8zf2v4qYMGDXa8r,6200000
Ali Arutan,40Hr91B6wn9pO83Gj0JMrP,78200
Selin,6hpymHweDlqiY1LcBXrqkf,1300
JACK,7CIYYEGtuTl0sjwEY8ihGh,378900
Tensnake,75nC6MXUalYZSOd7OfNkwq,1500000
Cara Melín,4jPA6KrvGWwAnWwCAo3gk8,665600
LP Giobbi,3oKnyRhYWzNsTiss5n4Z1J,2000000
LU2VYK,6XfxrlXxNCk5pI7eaXQO2L,263700
Maceo Plex,3TXQ1ddouwQAI78hV4hXDj,616200
Chromatics,4tOVIRjlWWfR1RrAxyRqTE,1900000
Ali Bakgor,4Zdbr0JJj9SXMDJfus1mNs,369400
ESSEL,2ucdZN7GyBGxIKHIzksnXc,699300
Kállay Saunders,7DJiupNnzTkhLPygjCaVKj,86100
Tale Of Us,1UL813H5aj3e8ekE5RqWqc,543800
Pete Tong,6n1t55WMsSIUFHrAL4mUsB,632100
Jules Buckley,5gGbAKDXhDoBXIJe8SuBvX,775600
Not Famous,2iKfppgaY3Er8HpZWh4rBt,13900
Charming Horses,5rr0CMtvn1p9Be8ICfkTc3,657100
Sarah de Warren,2V431yZGG08uroH2CZAgur,1400000
Harold van Lennep,3EDo5M4D2IAhisy3TDpkWg,801600
Channel Tres,4cUkGQyhLFqKHBtL58HYVp,2500000
Sadie Walker,0clxMTSb1Z3gtdx4A1SRwV,37900
Felon,4mRHCOgJQT3Pe6zV89tfYC,171900
EKE,5Bkfq1NhUCWBf2OTuTyD4I,158700
Daniel Glaven,2Po6PWRViaK7I9kvFiILxF,134600
Will Church,3PgE5GvG5WOLQgtrRydfuC,184100
Aexcit,2HpYCHV3bvQ71jmohAnBL8,350000
State of Sound,05o1zW8b6PV6rEquXr74sB,107900
Fini,6ar3PBCFiFgb4aBlFqUZyx,317600
Francis Skyes,0eDNDJ6p75kQRD2dYx6qL5,343200
Brendan Mills,3TjFefusAoJFMiB3hrsRDE,1600000
Twolate,1IRtNLR91uUQxQzh9veJhh,108500
YouNotUs,67ghKnycRX6VM1xfqJSMlH,3600000
Martin Gallop,46WkN3HXolXQ0uLeZZ8Xym,399000
Alex Cruz,14zXojIFl2UIWoJQDkJrm8,702100
Brascon,5ec60qNwkpxDGbKMuvCZqX,550600
Rubenson,2ZHUynevOc3AP5IXTXEIGA,501400
MKLA,57Vnemieu10x71jR2UWc4o,1400000
L Devine,5dhyUSoGhz79WTzP39vKs4,93900
Sleepwalkrs,6yVrZt8f3TB1NXP5fIT193,72900
Tasita D'Mour,27WSf5DApzcZTVhGJLovzk,57800
Tujamo,2vVNxGBvKRQMWwI5c8KmYh,2700000
Jethro Heston,1Qj4wPnd5DKW7TXALK7Xfj,394700
Cardboard Foxes,4cz5606ByK5SmBO27dcf2g,175600
Max Marshall,7ppllgzNRgrnOjYbsyDzO6,115700
Anton Powers,7h7ahzbTkbAFsshWJ7fOrc,861900
Hadise,0wCKNMsqYasJBFVagjay49,7100000
Milk & Sugar,159cwGtgCzNpyHWY6tzihH,809200
Gypsymen,4AoyJusH9fqC2kiko5L4ms,54600
David Penn,5kA0fIY29Fnfu4U2I2xvki,845300
Ashal S,32EP4rJngya2veQdMUvQ6u,65
J Paul Getto,2qplg23iVeAdhFhv7KPcj2,118900
Vonny,1ZWOuMglRUvxJx6c1d8M0o,5
Clyde,5HdU0ACSKe8OkWSlSCtYsX,157
The Martinez Brothers,7B1LLuCQk13H4Mb6CFBftU,994100
Go Freek,2aRd7rRSUjtZ6WPG5GsBO6,874800
Rampa,08jywfUS0hp8XYlYs0cvz8,5900000
chuala,5k2dso94XJEWZhPMmKFznI,4000000
Keinemusik,26WKgv73kRHD0gEDKD1i8j,14800000
Carla Monroe,4S9LNSZusH3XflT3g32bqB,2700000
Arem Ozguc,5JJc8is4VzgOz8ZanDj18J,4600000
Arman Aydin,4xklx5DAtVru5uf3vSXTgf,4600000
AMÉMÉ,1txb9Qg5lJ3KATxPcIYyvO,559500
Tep No,7MlotYZhHjOlXcvmwrITj8,671700
SHELLS,1ZwuShKjJItDJez0aDCsxN,845500
Nico & Vinz,0awl5piYwO0CDTHEkCjUhn,8100000
Low Steppa,5OImcY3khBn9UFjzgaapob,370200
Ayak,47NAtOqGZrJ5PHt0a0sZlP,5700
INNA,2w9zwq3AktTeYYMuhMjju8,11900000
Natania,2cK7VkFt8I3C9hUfexNCIX,78400
Era Istrefi,4poL7YCSkG7kMnWjAdDU91,2000000
Arash,7hQmAXAzWI6D350VTgkKTG,15200000
Dj Iljano,7e1qaOeopeICYAXL2UwzYd,256800
Kristian Gusho,1hRo9TcIsOlGXKZ7O9pAJL,5100
Benjamin Ingrosso,7jEEE187pVG6InOxn03oA5,2300000
MÖWE,4S8NmgM7oJ188sKp1waZpy,492600
Croell,0HmiZDJ8DNTZnA1Y2VKewu,5
Nathan Nicholson,4q8SjmBr5X7DUmVvrnNrsd,2900000
Noizu,3VRyybsQu0MDG0F2LBxnv7,2400000
Secondcity,2ew9JvyyuOGkhahuwdovDq,1200000
Adriatique,02DWGcShQivFepRvGJ7xhB,3600000
Mathame,6QSwQEz8CDMg8Rqk8dEkxS,1200000
CHANEY,2dUjApyXX9UqIsFGzoHyhX,365800
Namic,0Ig4BYYedgQoFjeSvUKDEy,579000
Marmy,7GDzOgd5Z7GSqIyfDcVguz,216200
Tobtok,6pcxIOhQCNb7DX2iuEXgxL,794400
Jem Cooke,0AkL5tzM3UsDlWak9E0OwH,2000000
New Times,7ltU3wgrkGfuq3fHarJHTp,156600
Gabriel Ananda,3YpEUCjdLuPmBspkmoPYnX,152500
Jobe,2LiBuaSU2Byl0BjcZ9JrZ8,3300
Buray,1qZ684TB9E1BjH58btdtYd,2500000
Dimmi,7HIN94LvSDgxN5RoOLi3E5,328300
Zeeba,7qPLO2XOUaRrRxkvLZ3AEK,6200000
Calippo,5Nngx6kSXmrSiL248sEwmT,121100
Axero,1f3NYrlm9GpXxMz8XZGEP5,263700
Shiba San,7Hr9bE0u9Rl5n6QahVNRnc,176000
Millad,574xqhCKP0QEiezbn8pcXP,949
Paul Woolford,4CA8PTrbq1l5IgyvBA2JSV,1000000
Kareen Lomax,0Fb9qTWnjsB90xH3zWr4oa,690700
Karen Harding,1QOHbhVRpDoNtRkz79si6b,2000000
Cub Rayan,53YvEgaNH2CqWCUIV3zKOk,0
LPW,22fLwOqQV0IYn4GTTfg4Ha,76600
Patrick Lite,7hp5hDp0WIQHip75gbNc8v,1100000
Vitaly Gray,3QBNeSuKgHx3rMcuqnASk8,384500
Shawni,2FXKV7ijhHUQho7OQLn37f,23500
Teddy Beats,38aAEKHAmZwECZgFuUfdCB,48700
Mon RovÎa,6pvai2QB2c0defVI0UTFos,2100000
Victor Ruiz,0xgdNNa5mIbnJKp8AG8S4z,409300
Sebastien,173M6tvnbPT1Wp5ucD0uAS,720900
Bright Sparks,1Dn88PoQjnQgLTOaokePFz,157600
De Hofnar,1LFGVkNRmXz8jIkyPjaGNL,1200000
Giocatori,2kF9vCHjfQGcgc8UeHD319,30600
Locnville,3dG8agWw8q1yaBis5HRT5K,80800
Alex Hobson,6LgR7bFuOxzCtVyHRg4OLa,129400
Talia Mar,7zoc6JsY8GWVcl2qFwiKay,359600
Osman Altun,7EigPF1vVx4DcZzGLpWsrc,93100
Sasari,6HvlQdJVoXuctvH64m0FQe,1300
doVicente,3LZegs6tK4WeVei1K0WaNU,67500
filous,2IjiuEObrCKyZvSb8xLxG9,693300
James Hersey,0lzV2CiahHRiGd6qpADtPS,1100000
Conor Maynard,6mU8ucezzms5I2kNH6HNlu,4099999
RANI,3SYnDj7btg9gFY7ps8m5d5,3500000
Martin Ikin,7DhdJhd6DrxeJlUajwttd1,542900
Dope Earth Alien,2wajUFt1bQDrz8A73tQrkN,33100
ROMÉO,6UZAR4NCq8pcvxGZVlfuf2,50900
LISTENBEE,6YvP6AXefuZ3bROoEVjCiY,485100
Naz Tokio,2Ohz3BAbalahBYLuM836cd,432500
Faithless,5T4UKHhr4HGIC0VzdZQtAE,12500000
Bad Paris,2NFeNBVDb7eHaA1bgKS0Lt,74200
Charleon,197faNV22JRdMv3xmmPz4p,235800
Refeci,1NTljmDof9yJq0kaRsAucp,166400
Michel Fannoun,6VMiCKfMjcq2KzrozRA9ko,160000
YOU,266PvBAoJzPdxt3dgkEsBW,161800
Lorna,2AwxAHULVspHSlffbyOSg3,1200000
Jenn Morel,7iWWbIVw66I3hHVy9crw6a,481300
CALVO,3E61SnNA9oqKP7hI0K3vZv,744900
DAZZ,2zG9OumN6gTl6rE4SSubwu,235
Tony Junior,17esEoE9uEHFKuzkar2UL0,472000
Futuristic Polar Bears,47v4vGA1qCl7hyevSkpRM7,92900
Skazi,0YAmYesPdjvMPgnLKcDHR3,227900
Vintage Culture,28uJnu5EsrGml2tBd7y8ts,6600000
Yoelle,12dRVeXA0qQ3jiHQYFHKI6,80400
Dimitri Vegas,2HkAI0YrEcgoR8QdaURqhO,14900000
Joe Jury,6CfdbVxJuo31StQ21ffOer,454300
She Keeps Bees,1dhUEswrKf1aUf6375EPSx,62300
Dallerium,4fxRhGF08oSVvvjHoK6QNO,192000
Olive,0r2TmTSwK6XAhAxNxTDOb4,581200
Soulsearcher,37eRNhw77Tm4Ois5CezSvY,953700
Earth n Days,1DIvkVGJmk8Luy53ChhCjj,346200
Mattei & Omich,5qNEoHUXKgmtpA2hwKwRVC,114800
Kings Of Tomorrow,2b8d0BREA7r3nbVhD649yX,466800
Julie Mc Knight,1gkiCyDciLTLxiAjH1j808,23
Babert,2WyIaamOi8lW7R7nhGMDoe,483300
Wankelmut,01e2lCvLZ4fLUIRy68nptH,3400000
Emma Louise,1A96iePIMNFBjLrjXEl718,1300000
Worakls,5RPzPJCg4ER1LzQkorZ31p,1000000
Conor Byrne,0hEeBhTVYUKs2B4PY2IdMB,43700
Tim Green,68vO4fkFxLbWPxTSHosxsB,303100
Sébastien Léger,17j0kFtqn9Fss3D916jSlp,324700
Gostan,1nWS89L7evreaF9wcCsIyi,342400
Lovespeake,0svmVqwlzmbBfwofH6uGbk,600400
Batu Onat,7aOWtkVztALwRvuLWDPC0p,38900
Grace Tither,0W2uPY2bPqyGxEYBJUuHfa,40200
Kiasmos,6X8lhZ7YaRUBlOsOYimlyD,691400
DRAMA,0OjVCtRRq44GkCafNuuHXQ,124
Junerule,2K63bqHDSj7JSW60BSGcur,144700
Weisser Quiff,5sWo77aB32PpzTAhZfQBQy,71100
Carlita,1GVbOnrND8b3eh2JZ4opw8,2200000
Adana Twins,2JnkjHtuUjz83gkEx8QMS4,291700
Maur,2LhJEX3HxU9pJFLa8RkvUC,231200
Shavi,3g90aBVbbdK0mfQbI3vK6r,84500
Koni,0NjIGxOSbyp5t8x1NoZhl5,9600
Devan,5w2ZZrN4yX50qOLk9I8aI2,13200
Tom Bailey,1ljmYE9i6mJvF2lLfOSoMR,862
Colone,0pQGruzS2qDKZKC2brjxA9,31500
Müslüm Arı,0xejVueSLs77ic5Ym7z6oQ,211900
Pessto,2DDWrsqTqYfha6N07pwbJe,28600
Lucas Marx,0byRxHbgxjX6AG33hitWAV,15400
Kaleta,1nvtmWdce9bvVkKAZ5g46m,115000
Emily Nash,6OaDL8ICMweuCQZfgYIKup,82200
Keanu Silva,1zLMhO4zzzxt5PMV4wMS3y,1500000
Oliver Huntemann,0NBGssQpgDczTsVEp4pCbR,241500
Format:B,5Am25tT39BPzreHngMkuux,244000
Pleasurekraft,4ipS3ZbqP46bs124yqp9N4,176000
Kolombo,4nZBJZHavxcUzGeK2k6fL9,133700
Mon A Q,3MSpKruOR3EYC0GwwXhjAB,21700
Oscar Mbo,6rPG97md3RdzwNc1eJQQNX,674600
C-Blak,4ipkannhwnGj4uU4q5UUS5,108800
Besta Evo,4jaOaKNEbifnD2H6PBff5E,838
Twan Ray,2IrrH2ytG96HCP9dnM6mGr,541800
Matador,1UcYY5JDPe05nqjODiVkx1,213100
Ricky Ducati,66OCo8OcuPNrW6QLfmn7PE,237200
Donnie Sloan,4t95822Jv53tQJK2iS4dKt,63800
Jack Wins,5v8ZROs9c26k4yGMxUkebt,322000
Caitlyn Scarlett,1Bztk1lPSvwiBJCujObyxU,97900
Cupido,4cK5uxWRVJ3QOSfaBMX2Ex,666500
Nazzereene,3juwo4sTF5okJNvCfQpArZ,123400
Janethan,2q9R3CKeCxfAjFHz8aKodq,167200
Marino Canal,6qdVbTc8Uvy0VJyDZbYTd8,546500
Emma Carn,25UzUBawTt2efMKKYNE4Qy,290
Giang Pham,6OxNVd9jJ2IbNrOjHdcpJZ,5600
Silience,7yk8lN0B2B5wBdb4DJfQLI,110900
Kraak & Smaak,7c5qu1gNlg8jWDzzmlp89O,1200000
Parcels,3oKRxpszQKUjjaHz388fVA,6000000
Hakan Akkus,6jtibJgWNPyrA4pIQCAZoh,442500
Drop-G & Regard,4xbu40HXqKaPzeVjmWDBTi,7300
The Bayton Fields,7oXYHwNEXRTufgAtllIVCf,54200
Mandelbarth,3zU1hJLF2O4pt5c3if4lQF,176800
Planetopia,5yE8mOpWjlbco6luZB04eb,286800
Broken Back,4nx8ehrFiCOmWgebUKshDV,736100
Ludomir,3N4kWQOLWQQATbTnjFyvEo,314800
Calum Venice,4mkCUH10teB1zbDohwQM8R,1800
FDVM,6J0Y4CoGMKL5RyeozHnVKl,325000
Solar State,3LlGZzelIUyy3YTaHcIC8H,6
Viva La Panda,5SZUMeZ1O9tcgkSkkx1dFy,1000000
Argy,1NaQOKgddaJipUtmptb7GI,3900000
DRYM,0kDuIuxZhlgE9XYRy6NVSq,75400
GXD,3XWFA55Hf9Q4YS8AHsfnH8,20800
Christina Novelli,1dbzT291PCwwYJK0l3Tr1n,603400
AC Slater,6EqFMCnVGBRNmwPlk2f3Uc,579600
Curbi,2XiiUuK68XNdHaHOAF5hnT,647100
Mylo,5YjEVrNMrIRw2xGbjTN6Ti,748300
Maxine Ashley,5fYyfkrYbHDQreGr7cUul0,89500
Sun-El Musician,0W8WpLB5WoXLgiA193LXk6,985200
Swizznife,4OB8hmrCayrQknTkqJH20a,359700
Friends & I,1DgkENk0JhWHATAaVZN4Bn,145300
D.T.E,72HNCRVjK93J4ZnCY8rb1q,1200000
Boehm,08p782h5VznNEQMM4wAEp9,275600
PRINSH,5h94tCQLiKuHEOlZMgMRJ4,238100
Brittney Bouchard,4iyRlrtLkoUNq48bOWdyqm,353
Knee Deep,51iQEVj0SBCQZJVrNli23R,1400000
Nhan Solo,1UhosJtmQlT9oJi38Zd2SU,109900
Super Flu,1iZiG82D4w7FLHvOUUj4zW,648200
Nonô,2izgj6WOKJsuCRCQUKOoVO,990400
Henri Purnell,7cyJzgiJTXR3hf62l5zLOr,44500
WILL K,7m3cYjDlffT2RvkaRrJksn,627000
Umut Dogan,4zaoHvW87fI53Tx1ohLTif,58
Wes,1lD51GkePVl1ZQJE0daVEe,969
Jess Bays,5xEJ7FQOtIUMLdnKyZrvPB,472600
Poppy Baskcomb,4STmXOXUF3UieHU46NWLVt,10200000
Chris Malinchak,5UVzX8pQe6bb5ueNdfViih,666700
Hagedorn,571lcMlxbGDiMzCRlus3OR,11200
Vall,0SI37BtvfxqNpnvjeMPqyD,1500000
Loé,7MuRRLYh8g8uTtqU77NW9q,11500
KARNASER,7cTqLBzwkbR5XQVFSX5BR9,27000
HILLArious,67QkKdpwU8GV9XLigQnKuO,134500
Oleska,0l5CYlQtWmNQS1bRt4OrX7,16000
Otter Berry,62cheTPmoOJQr0iq6ihgLx,30400
SJUR,1X6dfPmF8f5C5EW3WIGfvm,92300
Chris Crone,4GrH6djlMelZDucxke8WAk,1800000
Tim d'Aboville,0zuBsRJaNfrNuUuF6oSdXn,6700
Moonshine,3t66HrWji19Ey3uJE2DSyC,1500000
Roman Müller,3nFw6mPGG5Uj2YS7IyaGEF,160000
Matt Wills,39JYaFzySIdVgigoWTkmr4,811
The Small Things,5AZHobg6aUwjbQ8rTwwtSN,19500
Keanna Mag,2af9UwNUXwDozd9eCCwB2v,53400
Eats Everything,4W991QdgKWX4TO864ypInA,349900
Charlotte de Witte,1lJhME1ZpzsEa5M0wW6Mso,1900000
Henri PFR,6n9XmMc3mX18mrTHYOCPIq,728600
Kav Verhouzer,1yYBD4cVxCxXQXi4QGZfSo,520200
Madism,5UUdxfBMwm0hLlLgnZtBFv,2100000
imallryt,5WXjAq5jNEHfrvZDhEYDDD,198400
Leftwing : Kody,7eYXtOjJGhrM16cK2hRmnR,202600
Genairo Nvilla,1jcktnRawixaqiP98O8aJm,82800
Tough Love,16KSSLMXOdKQ2MHt9bOHTG,209200
Jon Cutler,6vmRl3VuXiU126ssJufx2Z,187300
E-Man,7pJ2OuS57Yaj77slBPquK8,805
Inpetto,0WDjOCmlubUVdRozCz46sM,358700
Aribo,3kJXDN0VghSrvlxN4GU52W,2100
Vitor Munhoz,1QHFSzAyqtKurZhEnr6WJr,457
Frankov,5YZcfBfXhI0UQXlufOrJqa,550
Adam Port,2loEsOijJ6XiGzWYFXMIRk,14400000
&ME,5mIowAJMp7RKNheelruV5z,6100000
Bloom Twins,4ae1CMoZOjwIOUmhJlA9Tt,137100
offrami,733pYGuQ9xwCh15uK2VWT1,375300
Hoosh,451QYarjabz09nL2SSufeV,28600
Raphaella,3rJPS8fYBokXpYw1mS9wr0,1100000
Daylight,4MyWiEx9IqhsrfASgFHJQ3,1000
RIELL,0xD6n0wj7aqV5g5LcRNBUd,818000
Artwork Sounds,0OxQiJ0uuDuuQ3dqkIbjwR,325500
CocoSA,0bLlqsMSB60BBRtsqcap0j,398500
Russell Zuma,0juy2RagFC1qDPlMhEkepe,245900
ManyFew,7oZdp9UWjuC68LeJSYeKZL,213900
Papa Ya,0JpuGd5LWwUn9fHGj8zCTI,24900
Mert Oksuz,2ED63WRqQy3JVKxObINvyI,11000
EDX,7GMot9WvBYqhhJz92vhBp6,752700
Leah Guest,3xcuwG04J5hXTs7eOS1vbe,145500
Jonasu,7u4ayw4QFEsolPxZgnPAMT,540600
Eskeemo,6c1KIrxttQDU6A31FwNlXg,35100
DLMT,5rG00A9pRANrMDzVI3DrmF,225500
Famba,5hXPnS34O3Kq3O8dkaE9FM,61100
Kyra Mastro,0VijmgKPGaaOsmM6jWgbQJ,281800
Delhia De France,7A4TdwdnxfR9auD1yAmpWD,666600
Mind Against,48LWLoeY0dhwaiX1FRsn72,577300
Eklo,3TlZLU8gQBrjTGJlLLDruk,168200
Erlando,5cuIDrzlgb5jGwLlRWYnAc,462200
Quarterhead,2h6hAChW74hB9HvrNoK1RY,2400000
Sons Of Maria,2SfhiNVhk8w8xCQ89P3NPU,369400
INFINITY,0Fh2E4lCLZzOMS6EC4Ue6U,53600
Philip Strand,1hII0FUxBvpT7bnuS7TQ6q,541900
Aiaya,4fB9xix4XwD47z8lvobEOh,1600
Young Jae,6bNnQIzGszCJgHI90SRt64,46100
Jade Blue,6UwlMIDWcvVsbSear4ZGXi,3200
Frequency,3dDsNuiXb67mpS3jJvOizj,102
Jack Hawitt,0AikfZHjypmTXKZnPUq5ER,47900
Stefy De Cicco,5v3JgLiZtNnw6ablRjjNKK,1800000
Nikol Apatini,1t1AVVoD2olOUBwkTKO94o,13800
Joe Stone,4kwEd1P9j15ZqUVP5zK7Pv,809300
Goldbird,7bULzWHUuhNDPOrfv30dSq,400300
Toby Rose,0j6SFwrb6jmolrDLHRugcJ,2100000
Ben Hutcheson,1tl8diBdYcaQsBuZgEsaPj,188600
EEVA,0XpW1rU9lGQhJrElHVi0zO,21
Hot Since 82,1tRBmMtER4fGrzrt8O9VpS,768000
Tyler Rowe,74oXDtl5ea6CxDhMSFmytI,27700
Mark Klaver,68l3xR1huVp4U3ThWY0XvT,103400
EVAN GIIA,0D6BtvIkN3P9GHTa8KR24t,821300
Snakehips,2FwJwEswyIUAljqgjNSHgP,3100000
Alex Adair,1mrrvBvbrm28iYaPlJ9mG5,996100
No Way Back,2muzbxAWr7sgh1R2pWXsg3,11900
Sophia Black,3wdXgSpjbbU3tX9KasdxMh,213800
Kyle Walker,4kB1srfgZ4eok7CmDqyOJP,321600
Dale Howard,0SnbG2YfyykWmnsXwBXonJ,213500
Mr. Belt & Wezol,19VDJ9IKyBSUMDJxLsasP6,6900000
RSCL,5pkU7zjIzHgfN1n91e51r3,2400000
Melih Aydogan,5697sWl951kKEnsCXGZarM,218300
Jess Ball,5HjbKQXMhybveoJOsOXS07,171100
Ane,0832DbKyCSpPqX9lkf7aCj,166700
Frost-X-Mritz,0bmr1WQaVw6zgSCkdAaWwe,174
KPD,0hfAYH44GGDMvBJ4uGp4u0,283700
Sander W.,1g3DHFTgwP8SbgH5ND8lVj,167600
Tudor,6YPmhC6xckfcUiw4undxAb,565500
Patrice Bäumel,5OvpF1A65DXs93M9NfPIjT,191800
Eneli,77xr1BNiH6bg7sV7ufnFhe,254600
Joe Killington,0QvtEuDIDAsKpfuOe2a237,230400
Duane Harden,6t8VAB5OTHKxi4p1I5aqn0,9800
Be Svendsen,4BaLB5aiExO29BEGVUisru,412800
Boy Tedson,3QGj0gM2w35fH3gx2ZBoXk,81900
AUGUSTKID,33HmxGJWuhR3dZVkQnls3y,229700
Kiara Nelson,1OtLLpkbo3xLGlPUQV4YHa,112800
Offmind,085SqcJuCauCoaZ9ZXGAzb,636700
Matroda,45lcbTsX07JWzmTIjcdyBz,1400000
Damien N-Drix,5728TFNG2bx7GzacEAz3yU,199700
Charlie South,12n8WUOyeP6V8jwgC4G97e,11400
Redward Martin,2WnWBVe8DzF0qpstAxddn2,31700
Peer Kusiv,0yTV2etph4xN8PXPLPeEG5,83900
Johanson,5oNwxILfJ5rJhMaFdwB9tN,181100
HNNY,6Yae9Ia1nq6JLLojBzwN1r,677500
Kokiri,1owCC0eLSdPUND3qAAFEmv,50900
Thomas Lizzara,6WqAx7kpPz11g54zvpcOuU,156300
FCL,5P1m0YM0AYTKGI5ugWfQwe,54400
Damon Hess,4C5DE9wsHAGP3uDbj67hYZ,0
Owen Westlake,2OdSWlu6iOzT4YsRJuvC8I,82200
Lloyd Wade,6lxTDIi9n3y6DWmL2w4nUs,59800
Alfred Heinrichs,6kzCLJOC7MU8mAbhIJNpIo,462100
Haexxa,0GY1LiRaEjFG0n8rP8wvrC,253800
AC15,3njvcD5n5WTXVIEsdNrwuK,2500
Sam Knight,4EHP5KWSO33z4mlUn1STLH,6500
Deeperise,0ZRQKFaYGEtbLc8NbyICoe,2000000
Jabbar,7JrZbwBSIfKcc2gn1Xa4Bd,2000000
Ria,0JaQSpJ7vlGQExTnJlvD46,138
RÆVE,0D7x3wBw42v14YOGt34Jaz,114600
biskuwi,2wdY7YDYVddKtVbbgh1fCT,77900
widerberg,6ob0DwL4uI6eR5i9cc5tNn,112000
Imad,4skzy1qEMyM3FqC3b6EjRU,799100
Alex Mills,6z9EDgWh3ZJZKIJI5Q71Cq,326300
DAVID AUGUST,1cS5EoXVqz7aON00AkVBBA,244300
Seizo,5ECvdR4H6eAsFL3kmUUzdX,239600
Role-Models,7w33UaLOaSd5WNwiogGIlt,3000
Eluera,7kvqbETQGxrUmRBEl6l10Q,23400
Eredaze,3LQkEyryB8qsN20SutisqG,132400
Mahalo,1SeU8Y2rEUpEoeWmUCdQIR,240600
Griff Clawson,3dIbvdQQd3HXfQcRjR6lb7,170500
Nico de Andrea,3h1aCZ3gZ4zIWxnsxcBrPD,1900000
Darla Jade,615ZycClQL8KQ8qzZiuP8T,777900
Ben Alessi,4M88y0JcR2TS56CBoRzZSo,3700
Tom Auton,0XxvWQYJYvANyRsICQT9eo,37700
Marco Foster,4xjQzxyvWiHRDXxJv9ORb2,59800
Bailey,7jdJjsJReRLDfoTKSuMljp,11800
Merk & Kremont,5rRcnWrevHgbuWjl7Lhft7,2300000
Wahlstedt,7yOWqfe8iP613Ne5SV9XPP,360000
Program2,2OY7mhuIt3eCpTkW1IdADL,1300
Giovanni,6K4k8J6glhSQQhX9HSbRyj,2500
José Lucas,0ZQQqPE9AqroY6kmjfqoRP,113200
Bloke & Bird,4DVAVxb23QtgmBspCLi10c,86
Alex Preston,0f8HuVIxsHG6bnEZsz0RuD,113100
Ron Flatter,0HZ3FXXgXyKoMHKwKSZOpq,106700
Black Loops,6AwGe2F49hD3ANXvmOwqQB,119200
Ben Pearce,0mnlHIcYkz3TQQ07xiFwuz,390500
Clara Mae,6RHKEd9dpzQ4c09x8Zdaxu,862000
Caru,5XlwWyO6XpgghXkreLJcDE,0
AJ Salvatore,5gLMXPUMc0uh9TedkRlng9,24100
Calica,1gi49JL4LNUMlylXm5Z0ZG,82800
French Horn Rebellion,6G5wDM1Vmsscql7qRtcLH0,42300
Flyboy,1Jc2HsPucRk1x7lAUd7xma,93300
DRAY,2kSdRzYPQR1kjM9jkWsS5M,477200
NSH,13FBdMZnPKuU6QYIgagrcS,593400
Alon,0Tipws2IjKMbhd0ZNjuehu,25400
Stef Classens,2GIBqEMeHWoMZuxlmyc3ac,43500
Alligatoah,0r0R5nIjDY04TfxRM10Bcb,2300000
Benjamin Darren,0RWcEfIRdgfnk750svBSvZ,33400
Audiosonic,4kge5wbLlbNvR1sUTTbGFi,12500
Colour Castle,5PyXw8u0sJbvxMriq8qKBS,29200
Ruby Turner,0yIXmbc7ceEmnecGhc71ke,53400
Blake Leisurely,1s0wCSKL0DTANTO8Fh8ily,1200
Jake Bugg,4hf3caW9H8uFwwbv5pFjcg,1300000
Luis Rodriguez,3UVoBPCrKG8mz9NVFgmAPn,485200
Piso 21,4bw2Am3p9ji3mYsXNXtQcd,17500000
Ellysse Mason,1lXWojioTTf8G8tOOxP9XN,21900
WEISS,0FBRY66KVaAiddGVefikLB,2100000
Stacy Barthe,0yq6uHIfFks9yOURUuCITV,611900
Vijay & Sofia Zlatko,23BtKJexFLn0Ri6s7BEC4d,244700
Alexia,09ao6AC5gW8AxRBUVkqWIB,711000
Ane Brun,2L3kwZFd16zjHz9a5kEPAm,1700000
Sunmoon,5AUNYfOEjduhpVTnozqYxv,626700
Olly James,04Ze9i5w3NXno5DdMNpJZC,1600000
Rave Republic,751qvO4d3fNm3WkLvOS5Wa,400100
Mark Wilkinson,1oz0b5sALQVf4cxxEPe8XL,4300
Apaztron,1hdFJ6b5u4vpPG5t1FR55i,12700
Matt Guy,09eFtzPTf7Rbkb1z7n7S5B,130900
Da Real Emkay,3fCLla6NLpXvcKZ6GYZxmt,109800
Dewain Whitmore,1E1W3to8HhGSkkIEUMwEjd,99300
Bucie,7suaOI2AMM3ZqTa04oB8fG,425600
Angelos,2zagWFWxFhQg3OvUmnnliq,128699
Jinadu,0o9k6CmDuy07gP28ov82wp,81900
Saxity,1jG8sNQCiRuv1Nz1GiFlax,158500
Victor Perry,29yyPuky7khfsycbqK19uE,672200
Robbie Rosen,1569hvm0IW3DHOfruYP2lM,962500
Deep Sen,4Ld6Rt2l5Fmd2G39BeZeIv,253900
KingTalkzin,4Wj3cC5wZc8XTXz1mn4bMa,122100
KnightSA,0Zn2gTUEoVSwXsuZ3v2aoq,32100
Britt Lari,7ErksWhMMsmGtgT1l1e159,235600
Guz,2T86EVnDCP64EaVKRXIcRx,1700000
L.I.T,5mzHNl72KuKR6aWcfmycBy,32
Kisch,5geAjOsxhftVd39yemf4r8,298000
Mert Hakan,0SrNAaJaF8RVQMYbJnwqBJ,29700
Lexer,2vDXLZ9mI3CdTPPIzFUKlY,326200
MOYA,7EyM0gQyMeaeQzslOFZaCq,36500
Cloonee,7MdlXmq2HViAJWo9cf30sR,13400000
Ben Phipps,4gdU6QYD0tktQA9AHdcNn4,51300
Sam DeRosa,4xOi6SOP1jUoAeSfuPsfx0,33100
Ashnikko,3PyJHH2wyfQK3WZrk9rpmP,5400000
Janelle Kroll,50bLYJ4e3ZR2chodK8oMW9,164400
Balduin,6vSMEdD0kY3g9AaqUGeMMv,148200
Sinéad Harnett,6tUJpYN2aYiXbzAcg0pIOo,1800000
Mike Mago,5lwT6gFdwV3Wcol07KUiJx,201400
Tyron Hapi,5aSBbBUbArJfyNKDg4KS1I,319500
nowifi,5wxw2CQKTIOSkPFJbTYVzl,623800
Stil & Bense,5nuJOwgBqKBIWyCr0dQgEH,99600
Sllash & Doppe,1mPUNeOkJql5onhKwqiLMj,408400
Crazy P,6jOz2B9qeID4dLP1o8bFGf,1100000
Enosoul,5cT6Xda7u7qk4yHpQjcDTt,57800
Da Vynalist,5hy3Q11Xa7mMqKxcFa7ZF0,16300
Roctonic SA,0fhA0dwXcLSdKD4zcdh8qk,41800
Home-Mad Djz,42LvtXQcIhHWE4yFEbXqpF,21600
Two Without Hats,7rs6BItJ1AQU3kJylNykjp,9000
Katy Menditta,106MIqAGadRmicPsEfwZTn,0
Tom Redwood,4Xo7QqlxfIUEPYCLaLj6Sm,32000
Hannah Boleyn,6EP96GaItADv1rNqR2oGIR,768500
Kaptan,7yNfjZY3QJpm4cUj1i0fWD,25100
Eliza Legzdina,0oehZWYTU3DazM5gV7i6Op,38100
Jolee Nikoal,6pblNcR2U2LEi5QpbC92ui,5800
Walker & Royce,1lAwVq9MxNJkB0dEY6xNoV,682000
Nala,2rTvgpXa8PA62yBCfwdQxf,140300
LOWES,1mbybf2CrAiwWiznqA8R3g,154300
Heleen,71GRU9wS94BTdNwQWRMJV6,309600
Keys & Copper,7rjd9A2smYVmaASUVMCUPy,491300
Shanna Michelle,2l2WVVBQMJy8HPSi3Vf9pu,270900
LODE,6zFDmr6TUlLrZ3H2KQK0KA,10100
Kaiserdisco,2lPXenWgbh51R950CMdk6i,95000
MAU,5CS3XLJFttgRcOpK2EZFRH,67400
Mohka,6WzVKxpMxwy9vtHW7qHc0u,4900
Megan Brands,6WpxpY67c3tPxHouatk7TM,127300
Emelie Cyréus,0sbkGGlLYmgOzcxRqd257O,233100
Selva,1Ejjxuav6kpsSyb6QIhjHa,221600
Jex,0NO8SsF6umjI3iQJzTycVF,2200000
Arinn,7nM52sn64aU3P5Dm3HMcA8,32100
Georgia Alexandra,0Hd8Cz0ljrjCJLnQaym8Wz,63100
Rivo,2NrprO4CludRmaWtpqud10,7400000
Monique Bingham,2DpGG0b6Rt9q69o8Rk1DCa,479700
Jolie Adamson,6uQMqfcU2coKIIWeKr1Ihy,92200
Sidney Charles,0J6ZEXmLQfZMeHBoa4JZTH,634100
Jet Boot Jack,1FyNlh6Pf8Y8utuLpYeBJX,2500
Sebb Junior,0oP6v3SuOC5jPc5pGUQdsD,157100
Kaleem Taylor,4eQKo2fvEqEbdopHhSjlug,40500
AMAYA,1OtJUB5rIM7D3pRvUAfrcz,0
Tom Zanetti,73Msd8rknjBghcGQiZ1mgh,701600
MKDN,1buvhqlZoDRSLj1cIt9x8B,22700
Knoxa,0n1gXN2xBQQjZcLmBWkid3,431
Jordan Shaw,6Z8vLeI1ZMj2kzTNWVOBXr,689500
OFFAIAH,2E1NFr5AeEGUJkLUUsWCAO,597700
Pablo Fierro,5N7gp2n04e1TJ6MaKyvrbI,403500
Matvey Emerson,4n7LqAJhu3k6rrKMu3VfDa,323300
Graham Candy,71KlQX0q5wz5f9iytwPfou,1100000
Androma,5dlDKfWqGuEpQgaizvuWYh,106500
Daniel Nitt,09PsKVFiuvklTBRCVAlSY2,22900
Saffron Stone,71FmTfYoEXhF3kSsbPiuKz,37900
Digital Farm Animals,5fyDppLDl1juIu1BcUT5zh,2100000
Oliver Cricket,5kU4kGnYmdsBioNmQ0meDr,444200
HUTS,7tbmh4oht5W2MCoG4G2dcr,18
Mathieu Koss,4W6fwRbqEy1dfEoE6OCyZu,803400
Janieck,1bZDq4po4dMIpN74Zendm0,6100000
Jaykae,1sLYZv95ZXwVfyGHan5w45,964300
Olivia Sebastianelli,0DCRUk25XIiRFiNtiuR8OR,651900
Miss Mathilda,3t1kYdjQAEBYM4U2jacut2,28800
Alexander Merlin,4QROllhmNDCy4yCSMTtYP7,24100
Selina Baron,30w5VtAlKV3LlhsIItSkO9,540000
SHE KORO,2PKIAthFgvNwzMFMm7i75s,1100
Elements Of Life,7mh2KTUbqQROMaiSohjL8t,6
Blaze,5yK5YSsWKH35QRTsHQHxEN,933800
Gabbana,0I3Acccg46Me47afcARZYX,91200
Dustinho,05mQBIB3X6Mxtw2qelSiB9,97700
Boy Kiss Girl,1RblunviNfn4MvwPcAq96i,71800
Klubfiller,21CTwCPVk35jNlil50YBJZ,38700
Rob Tissera,4IlKrEH08SKxftBAnNHr9c,9800
Steve Hill,32GL3p1axBHhJQfQ4MUD6y,10800
Martin Solveig,1bj5GrcLom5gZFF5t949Xl,7500000
DJ Koze,1kR99O4MgSTasyeJh8UFCg,840800
Sophia Kennedy,1bQat2UgYwJAsNOrZxcfa5,38300
Dennis Kruissen,41it3ogaq2BsdLlZkWTXdO,106500
Wax Motif,7zm3aSdmGiOkTt0aZFSO8R,989600
Disco Fries,7G7KvDCLdVG0Ok511Iqc9U,294000
Fallon,73LVVE6OYOwlXlIJAFNJdR,468100
Mr Raoul K,2ErWVVcMH1io3Au40dTKnG,55200
Lady Parul,1mIv7WLgojuaM4tpQisGnw,14
Ross from Friends,1Ma3pJzPIrAyYPNRkp3SUF,304500
Serra Arıtürk,6my1E0Xgjweume5eR9cWW7,14700
Four of Diamonds,42qq1SQuTH1AT2daN3fLMt,29900
Wrabel,7r2uG6BlFXKcwmh9ItqlII,807800
Claire Ridgely,2gIledIp7OdxhHZ4tG6Mh2,12600
LissA,6aAestjbtEbALwyIYPg8Na,1400000
Arlissa,7wzaSKTsjE9HnuDuZTX452,220000
Fullife,6M0cPjKNRCTRgH0A4HKoeK,160200
Laura Murray,45gbrBcxx0iwrMmfNMfxu7,106
Lorne,7C84FvYc2gkfT6e78i5oOS,1800
Sophie,5a2w2tgpLwv26BYJf2qYwu,1400000
Jolyon Petch,00Ja3YjvU4DYCHWt6cPs42,618600
Pegato,7lQ453ZUe216pfV1X2nuWx,94900
JordinLaine,2Z2GPhrq7UG7AMuOYjcn4m,866
Loyal,0LvyvidGRYRjy5CObRe6oR,4
Dizzy,7lKk7yXNockkDjhb1GCeOy,675000
Israel Kamakawiwo'ole,4ogvuDRerGhZfSf7TtzHlr,6300000
Miguel Migs,6sqqGHyJ1Dnt1qKKe9iGAi,220700
Carlotta Chadwick,5cKOOQoXnvKhOLosPlkfJX,1600
ATFC,04L4Y7Hkc1fULKhFbTnSSs,594000
Lisa Millett,5zrJTNerdQM2zcG6G2mCo5,52800
Joey Negro,4lxMXxZW5ZWKrtBlMOIUuY,510200
Dave Lee,5cWh5zsmOIFhuPL0Ay1e7f,805500
Kim English,1Tvhj4mF2pvvAT1InLbRKs,291000
The Godfathers Of Deep House SA,0DTHMLPSmN9DLQdi0Di5ND,161300
Emrah Karaduman,7FvMAbdiffitFmbuJN3Vsk,2200000
Aleyna Tilki,4ckLjJztj53Ifid7WHweBn,3600000
ZHU,28j8lBWDdDSHSSt5oPlsX2,3800000
Hier,2K3hyWLfpiEk6y2ara6rhP,58
Innellea,71rqI5HtraA3qXBwatyG6e,665200
Solee,0r0m8up7CjS8TJodH2HX7C,300900
Black V Neck,2l0xOjnrmYsxNoQ0QI3G5a,245900
Nautik,4cXLx50kaRAc7B0ZQFP1Qa,101400
Acnatro,50ZNmrQ6aYDoAQVjjLX3HS,126400
Amorf,235rIOpga6eYnAP03JD444,110100
Tom Budin,1kwRrQDCpXpVliMDntpxCt,238300
Kopa,3cNgZ2S4I1TnQhWcppNyZh,5300
Marc Romboy,623ecFS6T9xsx9Rb98eii5,144800
Sofie Royer,2P2BXSc0Wxpf10Fpno38rl,97600
Napkey,4MismZLKqMb2Qb2HjK4sdE,196700
Malone,7fBebCCi5DajdmGpG4Avja,2100
Archila,3XAGebwIZIMFUt0ZgnXOwh,9800
Madame Buttons,7KF7MdboLjh7O5BxomF54M,1900
Skin,4rGWYVkJUAeZn0zVVNpTWW,27300
Sterkøl,0d5lSp7AtxdIQ9De6xmazL,134900
PS1,7bZGP9ijvv55LOENT634Mj,357700
Isac Elliot,3aD9K1zaLQ3G7yp9XV5E4D,849600
Betty Bloom,028AENVWICmqAiAj5xXncO,79200
Max Manie,0esUZwk3FcZiAH1fXa66dU,522500
Say Yes Dog,039HWymb5EJiSHhtlJctsi,73300
Glowal,4XCU9tk7hogxz1SRTvVXLJ,272300
David Morales,6CwQfN34JdGHfo0A752Lts,1700000
Ultra Naté,1cK2Abwkni7m51wJCSGllN,15200000
Roland Clark,4OGlp2UdUQGPJVbvJ82Cz5,1400000
Next to Neon,4pooXkYjBxl4t18gUeTQxa,29500
Brazo Wa Afrika,6uGuuIkpLIWdUYVJit1dvP,125900
Chymamusique,0nzV2U3TuoZhNqZFW564NI,160500
Octave One,0CRfAs5qmkRgw9x9etNGqH,375600
Cybotron,5Mr6zawZ90BzjY14EROmSm,54800
Dopplereffekt,2w3mvReNNIQ7S44MAr89zu,29800
Inner City,0vUJ3QLN3MlRfjOc2LjGWp,1600000
Jay Daniel,2xchSUK5lpbZck9zxSQTys,21400
Moodymann,6pohviZSNRueSX7uNu63ZX,495000
Andres,7sdFsJNQmnXEJjpgeVeQWO,35000
Jeff Mills,2eIDAcLKnWc4D350YyzvgS,175500
Amp Dog Knight,503YnJpJW6VVlo328rItz6,0
Omar S,3BvWiyLcyLMoOIm2U8HepI,88200
D Taylor,5T3UHLFXGCs6i2EmnYMo5I,0
Dantiez,2tavIhWjw7f878Bx9qDTma,572900
Nite Jewel,3sjtmLaxBX2uQypDRE3IlN,52400
Blake Baxter,6Bks7LJfrvA0SITd7UO08o,439
John C,66lf5bQo2BIEue1pxfgxQS,402800
L'Renee,14jYxAg6EAAQjrRX5jcXGo,740
Dillinja,5CDTMeaU6dnv24n6e4uAtk,78500
Theo Parrish,3qMRvSHJpaRjGDkIeNMoGz,105900
Lori,6HqiOIhzgpTPoxDzmjd8Oh,364
Silentjay,2ggkoDoQazUyJvHeNPiqMh,13800
Simon Mavin,7cLYKsKV8Xsyrn1cvszju4,14600
Perrin Moss,0uER6ETTOgfcGPMDsEtw36,30
Paul Bender,0mSijYGJ46LOM0Fu4ZMxFN,880
Dego,0AvC7iOS4Vs2caVtvXvNux,43600
Model 500,2Djz8cbEv5rtrYrJYdzQ20,24700
Orlando Voorn,4Kv4vEaYZEcrJoXqeMpN2u,12500
Elliot Fitch,2KgR6IARKVVczX7fhfDDrB,14700
e-Dancer,7Mb2QpmkC5kzR4UV6rkzLZ,28800
Terrence Parker,4hXZQPceQIf654OSomVXOs,832500
Seth Troxler,3JkLFcTej6tdwZoQT6Nx4B,169200
Underground Resistance,0tbuVFxbrGx2oiNbpetUGc,18400
Reno Ka,6dakuPfN5D13ZsFldibzTn,525
Plastikman,7GoFQNOTX0suC6Tn59qx8n,85500
ONYVAA,6llL2cv7SDY7OnpzCQu8Pf,37600
Mattia Trani,0eQjVfBtEcSZ16oAq0V4mk,195400
Ryan Elliott,3SZBUeVJfGLUpAPNEQbBKk,13300
André Galluzzi,1V9PJvMVxLIxhCdHCn8SC6,7100
Aaron Carl,7fHzaEzwDv2zfpVqrkama2,7800
Francesco Tristano,19CMctG8DNWO0rHPE98ujj,59400
Les Siècles,1ncGbUNumu1kLQDLfI5Hds,124600
François-Xavier Roth,01MlLLNqc0Dp9jS04Rm6gp,93900
Scan 7,1BuKBdhjA2GxwmbcYo4Jnl,10600
Rafael Leafar,0i4qtLtVThlN9mOwxErYwU,1100
Juan Atkins,208EQzx7RmoE2Ng9gF2edh,36100
Moritz Von Oswald,33GGoMV3iYpV5tlsh32N7q,27000
Ob Ignitt,67dhAF6a7gv2xHCwF8Y6Ng,1000
Surgeon,1PSylklb2w06BAAHEtepqM,34300
Stacey Pullen,0GJpYdmVCgg90TkyB1nB1y,21300
Delano Smith,2HadNlQJIJDPNJMtMQNQU4,43800
Tom Bugs,0zFKxbrmQnn8Fd00kaUxxW,0
Drexciya,3KcV1kKG7Y0Gq7xPAGVjkZ,46000
paris grey,4KknXZqabOrchmilxERFo7,468
Ann Saunderson,3sueakEcMgY1o5Y1SVGqyZ,12
Yvonne Shelton,5idqUqVHBeaIZwtQtdKGZX,2300
Echospace,1FJlepTxHmPA5QVEwoFplL,1700
Marsellus Pittman,4RPZo80FMSzgbeCSvNMA5D,0
K-Hand,0qWuk2qgRK2HNKYxqbIn5G,4900
John FM,0vscEUhV9isTMclPcVz7zr,2900
Eddie Fowlkes,5s52J0wTa9B4YFG39iqXny,5300
Random Noise Generation,5cvNVzuMPNRoRcvwMKzeNH,966
DJ Rolando,6d596lgGxYcfIG0hDl6dhp,98700
Psyche/BFC,0HyKkzt6higWFs5IwxSzrw,8500
LOS HERMANOS,755Bu9HVvEKyrAPHn6eRD1,7200
Kyle Hall,41OIv2uCiP3bPfbFYbnWSy,6400
Pique,1JQzgCx9XvMJcwDb5EcSyz,12
Darksiight,6v4HWA4WzG1L3Fh962V2Wd,813
Nomadico,1LnUvuJ998d8AO5eG9jDgs,5900
ZebrA OctobrA,3vly3a9FHPXxpfiTDUiWdd,107
Diamondancer,3DGD2VgAFDJrA60hrYI46I,1600
Tom Trago,2vUpX2Zq1DBdCHuoEnmzkK,16700
T&T Music Factory,558zV8bxwwgOzt9eyhCrgu,1200
F.U.S.E.,6qRKwyDhiTu2n9cOhbHict,31300
Jay Lumen,6rxmj7vNEofe96g84qMWoV,150800
Paco Osuna,6vdIozDDsH4uJEAHN8tyS3,89800
Merachka,3KFCFxKjeoYBrPPA6HIrKh,10700
Derrick May,0v6N0xV7AfHHKVcgUOjC51,81200
Marcellus Pittman,6Qlqa7riHCznxb8ppwxsOF,9600
Aril Brikha,3zWrv3ns5knPAVMR30hxxO,32600
LaRae Starr,5uWBumyDaGyBH1qCxSFiEO,3000
Rhythim Is Rhythim,2nIqaAaqBMuBUDiBFNMw9w,19500
Mayday,0uYWrxWBEjnGxNXlDZVtcw,539
Jerry The Cat,6UJ3fwvLdYRG2O4KTJRl2B,11
Christian Smith,1aL7HPACUpdO1fLHnsncvS,1400
80xx,2a7UloT1YXbEEyGH5oqqBh,698
The Astec Mystic,5AFUcmuGYgnILlAZ1jL1Vh,37500
Andrés,1kHRymNPmogG52AtyIJKQF,28900
Sky Covington,4i0ZISBtbrtT76PkxXxHNN,109
Diviniti,4pvP1lgFGxqJfIJU28bPPA,1500
Tres Demented,3ruvqoFCe6gjLsH752F2c7,717
Len Faki,3fI3Z6NnYoeSQjcqPQDbM4,147700
Matt Smallwood,0ZqhwArRkTkqUEPtEPYibk,9100
Ian Finkelstein,7GlQgYphhM4Ay5uX6Y4reW,116
FIT Siegel,7y1rjd6v5ixSJoOKNcRUYg,2400
Suburban Knight,30RMkmcPNAZPYj3XUSrLh4,10400
A Number Of Names,2E5qkkHVrV1Ky3l4aLBUAd,7500
The Other People Place,3GLOOlJDdTCd4NRrNb5Kg3,24900
Steffanie Christi'an,7kY9ne2m81JVEziwNj9tTF,2900
Childsplay,6rNu1h2bZtfgDuZC5FWGel,324500
ESKA,6pBfwu2Yt96wWprf96vhpg,7300
Andrew Ashong,2SJ3xpG9fseCPIqePAGp6o,58800
Jerrald James,7DAyt21hN811QCUYyxorOp,0
Jaden Thompson,0mdzsyApmam6OqNr4Z3vKQ,53000
DJ 3000,6lUCztMmroaWEX8zvAKW0V,33500
Truncate,1JxLnEvBPdm9baryEFzE50,49200
Mirko Loko,0pOtG2vmNcA194HMtKRM8W,2200
Serial Diva,4IVbboU5EjVsPXCI9OgV92,1100
Andre Salmon,727GWtabW9ovfZisldKlHv,2800
Kwedjatey,21BKqTTefw1WVnkWhzfaZ9,0
Aux 88,3UYegZ6o9aaL2UCOQeoAgI,10000
Ice Truck,5UTofEmLx8wmVG2FqV37p4,0
Eric Cloutier,3f4eo0hX1eJqaxAAuAEMAt,1400
Dj Exos,4Aij0I3FdaiLxJW4PTmyZV,18
Colonel Abrams,20B6eaXUEN0NOvJqdebu7L,110100
Pig&Dan,04jj7dljPI0ixtNsz2pXWK,195300
The Cult,49DW3KvkyjHO35mK1JnSyS,2400000
Ishmael Ensemble,6LiMIy9kwdQAfMrBInyUvY,118900
Heartthrob,35o1050MVm2eGTjsIuwGDi,3200
Aisha Jamiel,1Rr1zaoxQP9XYvPvx9Osr4,74
Maurissa Rose,2VZfxVHA2JsWss2mJCYmv1,28000
Dwele,7u6LfVyYpEzMpHLL7jTyvU,357900
Matt Veloce,0OAjimxotm0QbyHoek6Mqe,46
Gianni Bello,0VN76EfQGyqs4ydkiGdDJt,0
Crackazat,2PagBkTVHoKFjuxtCJp3As,256399
Brian Kage,1jQADgapTKvVI4kKQSsgWI,3800
Sean Deason,1oVf0cfQgUdH67xS1R3tws,9700
Anthony Shakir,4RY3NgehEZbhh1rI1zVnM4,1500
Afrika Pratt-Ansa,5c8eFTbr9nH3mu96yDTpzN,0
DJ Abraxas,,
"Eddie ""Flashin"" Fowlkes",2OlHhetYypiQCUHpxnaa1d,0
Kelli Hand,3j1MZUS4DJ06zntdti6VmY,126
Jacob Korn,3P86wrM6fNUokU6JLbjOYx,19700
Fabrice Lig,6UQ7NDPvK1s4zehaCU18Bb,1400
Fanon Flowers,0UoYnNjs0I6yXAkEDIbrmJ,1700
Basic Bastard,0SKJAo15ceWIA5ZkP6VVvR,5
Tim Love Lee,3Fg68JvQMqTN7OziRNvQgM,26100
Population One,3ZKF46z6u0UsjAfqqtYldn,1100
Shaun Reeves,4129HPJPawjUH2ttSXLdTQ,2500
Simon Black,0Vn1oKkUcrN8oyoUf0R9nU,44
Ataxia,03PffmcjSCNt0ZicHJPB76,719
Virus J,1gBvJcwTpQU8wun5viRcGw,172
Justin Cholewski,7h81kW4LNqyMlPkfRD8nEq,1800
Kassem Mosse,3PHjnk1kF1jGGUzhubUfjx,2500
troialexis,30kja4JpSyyecwlzlEcPwB,0
Guevara,4QmjnPVZdszvSy939O7VJJ,0
Roberta Sweed,2tqavMzq5TU1RsZTkJbdqc,11
Norma Jean Bell,3BIfTkA05Y2CZGcmKZhg5v,580
Pitch Black City,6FaX9a4kazNGpb6otDIMLK,0
THEMBA,64tzIMKX4Npx37YLcNZZNC,964900
Kink,6yCdWsTDt4Dmb5GMZd5QLb,119600
Borderland,4ttW3XIF666GUYBF2tEMz9,17700
GB,,
Troy Pierce,3rwgMHVscSaKusde5DZ4an,4600
Louderbach,5ng3Pni4uXCPqdEjcdik2P,230
Supercoolwicked,3v8t2PHDFrXeEafYDMDBJw,164
Ryan Crosson,5ZJEkLV6krzRy59l6dlYJx,4300
Guti,2r5GDEgYazyOCSj5xi67MM,72400
Ava,0wHpCRs2IBcjix9Ukm3qRB,0
May Day,5Dr7ckHtR2GiOiD2bS4Vn1,3900
Jerome Sydenham,4e7xQaHgOjyFZtSic0Nk9B,62400
Alex Under,5U50JUQa65YaVpi1g9UFVt,3200
atlantis,6a4Pb22wR6YrGVBc4PteEW,187
Damaged Goods (UK),1EoZl5J4Vk2wegurMd64pP,64
Michele Chiavarini,5ec2x41RmuQqBYAKbQ7nhr,52000
Coco Street,1LMVWbzli82A3sIId12EME,3100
Cevin Fisher,2KKgW6x86NOhIJnMlxFD1u,39500
Traumer,55qp3isnfx4ZKPHw5oP4eh,200700
Lance Burden,66BVKWkGkfhniiXL1BAXal,0
House Of Virus,30GgMIm1GpwrIockIVpzkz,9800
Groove Corporation,5CT9EKqJTPIibHfIuYTpJT,3600
Latroit,4keJDDQx0ac2jhmknbSLFK,213600
"Earth, Wind & Fire",4QQgXkCYTt3BlENzhyNETg,25500000
Modjo,0AkpPlFLnr0VQwZQeMGht0,11300000
George Benson,4N8BwYTEC6XqykGvXXlmfv,8400000
Akcent,57Pw3FSi1qi2fOY4wKOKjK,1900000
Bob Sinclar,5YFS41yoX0YuFY39fq21oN,22100000
FISHER,0AnGlfns9Gv6qa6Sc3elMr,0
Steve Edwards,2SwhNukah1MYpLR594PnuC,2400000
Bee Gees,1LZEQNv7sE11VDY3SdxQeN,28800000
Rick Astley,0gxyHStUsqpMadRV0Di1Qt,8800000
SG Lewis,0GG2cWaonE4JPrjcCCQ1EG,5000000
Kool & The Gang,3VNITwohbvU5Wuy5PC6dsI,11400000
Gloria Gaynor,6V6WCgi7waF55bJmylC4H5,9500000
Diana Ross,3MdG05syQeRYPPcClLaUGl,8800000
Cyndi Lauper,2BTZIqw0ntH9MvilQ3ewNY,19500000
Barry White,3rfgbfpPSfXY40lzRK7Syt,5600000
Lionel Richie,3gMaNLQm7D9MornNILzdSl,12500000
Tina Turner,1zuJe6b1roixEKMOtyrEak,13100000
Donna Summer,2eogQKWWoohI3BSnoG7E2U,6600000
Irene Cara,3oZa8Xs6IjlIUGLAhVyK4G,6200000
Frankie Valli,3CDKmzJu6uwEGnPLLZffpD,14300000
Wham!,5lpH0xAS4fVfLkACg9DAuM,10900000
Alex Gaudino,7vb7VLDqpLTlAy1ctTMR5d,6000000
Crystal Waters,2sd9Q3r0Jhqpe3w9WVuG43,4700000
The Basement Boys,4zs2Vybqo9ktD8QORpnHfI,2600000
Eric Prydz,5sm0jQ1mq0dusiLtDJ2b4R,9300000
Polo & Pan,45yEuthJ9yq1rNXAOpBnqM,2300000
Roy Woods,7mDU6nMUJnOSY2Hkjz5oqM,3500000
Rick James,0FrpdcVlJQqibaz5HfBUrL,5000000
Ina Wroldsen,7hssUdpvtY5oiARaUDgFZ3,1400000
Chaka Khan,6mQfAAqZGBzIfrmlZCeaYT,8400000
Commodores,6twIAGnYuIT1pncMAsXnEm,7600000
Womack & Womack,7qShKycqNUP0GLEiTENDVZ,1900000
Culture Club,6kz53iCdBSqhQCZ21CoLcc,7300000
CHIC,0Xf8oDAJYd2D0k3NLI19OV,5900000
Nile Rodgers,3yDIp0kaq9EFKe07X1X2rz,16700000
The Emotions,64CuUOOirKmdAYLQSfaOyr,2000000
Bonnie Tyler,0SD4eZCN4Kr0wQk56hCdh2,23400000
Laura Branigan,4463nfFMmK1cwAWBQDwT5e,8800000
G. Mart,1SPhsmUDPkxND9k2XMfKYc,244700
Village People,0dCKce6tJJdHvlWnDMwzPW,4700000
Eruption,3R6f1aBWwde7ZqGv7hf4dY,766600
Teena Marie,61UT1Zj9dFgPAjZfwnsqsb,1200000
Christopher Cross,695W5F2Ih8dYahLdjVOIoH,8199999
Four Tops,7fIvjotigTGWqjIz6EP1i4,5000000
Spandau Ballet,2urZrEdsq72kx0UzfYN8Yv,9700000
The Supremes,57bUPid8xztkieZfS7OlEV,3400000
Sister Sledge,6gkWznnJkdkwRPVcmnrays,4200000
KC & The Sunshine Band,3mQBpAOMWYqAZyxtyeo4Lo,9300000
Olivia Newton-John,4BoRxUdrcgbbq1rxJvvhg9,11400000
Yves Larock,2P1h10tRBVlC2lVUqhl6wm,1300000
F.R. David,6GnCucI2uDaYj1j39GFxkn,4400000
Baltimora,6czfQ8MjHVmvJKA4LAnviG,3400000
DeBarge,6is2U7I1jlI8PjxNZOHIMV,3200000
Fedde Le Grand,7dc6hUwyuIhrZdh80eaCEE,3300000
Robert Falcon,5CVwY7MrkxGF1aM4f1u6Xk,3000000
Sofia Quinn,7aa9NIJCeJoYtpUL56UH6Q,119900
Deniece Williams,5jNGQ7VOU87x5402JjhTtd,1500000
Vince Freeman,74fA5V74G5FAxND01a42is,20500
Die Zipfelbuben,2V63XSO1pn1xopgeRMP06U,441800
DJ Cashi,3maDQKNIwvbtAglSmYGhCo,513600
Le Youth,1Zz6NBe8UIZjm88TvehFtx,752000
LeyeT,1qo3qvulyeKNNWjFCPXwwb,315800
OCULA,2VzzhmEHXT4nGim8nBw4ij,228100
Chicane,5GxyeQagayzZOg4UwffQlD,2000000
Kryder,1xfLBmx0n8DQri9HxJsq9O,874500
Eric Carmen,2ekjTXgjxbWwBX5lTAj4DU,8100000
Lorenz Büffel,6dKYo2aegt1Cpez6tyd2ai,1400000
The O'Jays,38h03gA85YYPeDPd9ER9rT,1900000
The Spinners,5fbhwqYYh4YwUoEs582mq5,3900000
Knossi,7H8EE2uf8SstFY9lUyid0T,400200
Hot Chocolate,72VzFto8DYvKHocaHYNWSi,4900000
Quincy Jones,3rxIQc9kWT6Ueg4BhnOwRK,2700000
Charles May,4IyqKACrQ4rsRa3M9KpZaB,701
Sophie Ellis-Bextor,2cBh5lVMg222FFuRU7EfDE,9400000
Level 42,0L9xkvBPcEp1nrhDrodxc5,2300000
Ricchi E Poveri,5BwOOeKayeMZXa5SSaiRxv,8300000
Breakbot,0iui2Be5CP8EWxvHYsVspL,1900000
Irfane,3nqQeOUvDPTu4vtYtPfBjX,42900
Roberta Flack,0W498bDDNlJIrYMKXdpLHA,5200000
Billy Ocean,5IDs1CK15HegSAhGEbSYXo,8199999
Bag Raiders,6fXEqmGQEt6ONuqVmwrN46,2700000
Robin S,2WvLeseDGPX1slhmxI59G3,7600000
StoneBridge,1jpQ5Xepnpx5YAqKQITP4A,746500
Barbra Streisand,7jmTilWYlKOuavFfmQAcu6,3900000
Bryan Adams,3Z02hBLubJxuFJfhacLSDc,30200000
Tobee,5HvFk00KrkDIPJuzSLFd0r,1500000
Al-Faris,07LrIMW3EHnuoc5us4AGgm,5800
Carmelo Carone,5SoFMIOCKdjXzmO7lAKsmL,520
Patti LaBelle,0ty0xha1dbprYIUAQufkFn,1400000
Andy Gibb,4YPqbAiLzBg5DIfsgQZ8QK,1900000
Smokey Robinson,0h9smro0z3HqUbD94jotU8,1400000
Candi Staton,3S34Unhn5yRcaH5K9aU5Et,6500000
Oliver Cheatham,25MNkA39C5jjxApUl812ic,1100000
Randy Crawford,1twC2fwPG5FkvYcMpVBQRz,1300000
Captain & Tennille,7BEfMxbaqx6dOpbtlEqScm,1600000
Andy Luxx,09Mknlo1aOXbEtxUD41wH2,151300
Martha Reeves & The Vandellas,1Pe5hlKMCTULjosqZ6KanP,1200000
Amira,6tPexCWetjAccBSYcojqj0,9800
Chante,3Hep5FnEEhtEUODQxyGFKg,725
Xonia,1vleQu0lvZEbJFSwYzIuFZ,43800
Desireless,1yjAx9cww4f1QuAaN3dUI2,3500000
The Bangles,51l0uqRxGaczYr4271pVIC,6400000
Gilbert O'Sullivan,4HVmeVTQBgvTuvjB1JYwaf,2900000
Totally Enormous Extinct Dinosaurs,0g3NiCRhEv7M4SEDMrpItN,943400
Ottawan,4FPjAd9hBB9iaiq8qCkNf7,1600000
Carl Douglas,5Pqx4mXYDGIDcg8E5FYjZ8,2000000
Patrick Hernandez,1CcEgi464SWZsKY5579u7z,4300000
The Weather Girls,19xz1vcuKNjniGEftTOSSH,2700000
Paul Young,6rqU9HQ57NYGBnBzbrY3a4,3300000
Cutee B.,5PTDGbHPxxXf81RrubpIOO,3500000
DollarMan,0TsTesOYlZmHOLnFPLPKLZ,13600
Big Ali,4LqXqd68BBoEk9RDYeS0ls,940100
Makedah,0f5cjky3a6ee9e0WicpzhW,5100
Stephanie,7s8dRQ37DmMHGLONodrTLZ,28700
Peter Wackel,2AkhLtPZf3dPJZRrXqBqXb,836100
Chriss Tuxi,2CIeVmwcbBFAu0AxbYDEn2,90300
The Bluebelles,3o71UUh0wHudH3T2zS1DgU,6000
Tavares,3LfO03nEZMdWNHG2tLpMa0,1500000
Sylvester,5TGTpu4g8siFOIctZuQO7y,1100000
Rose Royce,1OxJzMLmR9l5zPLap9OxuO,1700000
George McCrae,6oV3BNm1Gj2GGgpYknc5TN,1300000
Gwen McCrae,742YR9ZgF0tCO5juBfvPAU,797200
Nockis,5zhgr2K8b8Zmp5exDcyM8y,209600
Lee Cabrera,4h8hm6TjKsvgmLajBgaI9w,944700
Bleech,0az6y7AjCCOAZzAF3i1Jaq,18900
Nightcrawlers,1gALaWbNDnwS2ECV09sn2A,8100000
Moonwalk,1khyIydqanugacJyKdmceT,181200
Gladys Knight & The Pips,0TF2NxkJZPQoX1H53rEFM1,2300000
Ray Parker Jr.,0NyzfcGDZZ6GM25EBG9BYK,2200000
Barry Manilow,3alW3LYQS8K29z8C8NSLIX,4300000
Olivia Addams,56o9EclNeDcE7p8txENfLn,253300
The Jacksons,2yrbLiuBmc9j81lTX3XUuI,7300000
Imagination,2CkhxuagMCG9uvlbKm5G3m,1100000
One Way,001aJOc7CSQVo3XzoLG4DK,644100
Al Hudson,0t0DDUj3ZxuVZBhlOCmGVS,820
Zapp,396Kh0m4wGUvcMUULw71yi,1300000
Die Paldauer,0XLKhXxquwsKKtQVLA3Ifj,52900
Isaac Hayes,3IKV7o6WPphDB7cCWXaG3E,808700
Peaches & Herb,6qI4LTzMRpTxRzMZPvv2C6,1300000
"Jimmy ""Bo"" Horne",6jcPHv7qVfqysvBT7Jmn7K,160500
Sound Convoy,2iqLHtke8kUOgKhA32Vwt6,36100
Jürgen Drews,4rvJA6PKInIg35XkH4HESw,727400
Matthias Reim,3fgh28NoU2ArVdUdymvnf3,1600000
Ben Zucker,1ZHJdXXtKnmUh2qRN4LmbS,642300
Michael Gray,564O4lIh0TA8cgPXzntQRX,8100
Flight Facilities,1lc8mnyGrCLtPhCoWjRxjM,4000000
Giselle,13YtQCLNw1ZLkh7PcT9SYy,8700
Roosevelt,4AQrqVz6BYwy29iMxcGtx7,1200000
Poolside,5szdY7KaSi7epwyffrbV8c,2300000
Wild Cherry,4apX9tIeHb85yPyy4F6FJG,2900000
Dionne Warwick,2JSjCHK79gdaiPWdKiNUNp,3800000
Elton John,3PhoLpVuITZKcymswpck5b,52900000
Gladys Knight,2aXiJJHJei5BmCykxI37y0,716200
Stevie Wonder,7guDJrEfX3qb6FEbdPA5qi,21400000
Sandy Marton,1D33JhHkXxj78Y8oiyg41L,297000
Ikke Hüftgold,2ctUnxn4qlNB9rYMyKJuMf,945000
KYANU,3VuZZ1n0XGacnz96Ys8mrZ,2300000
Abrissgebeat,0vm6nzTArfeXYGwzQlRtTC,110200
Nowator,2NYbzdGlsQGn3Wnlxy5geO,262500
Paprodziad,1sLgQ5wyEouR3KvEnrfybM,51700
KAŁAMAGA,7KaR65GMSuuGOp6RMTnlB0,6700
Paradis,1JV4iC1UhplRE8RFr8Q9n9,531700
Almklausi,3f56dbtoRz7bucWJUeofzK,748400
Kings of Günter,64Tp3pyyHag0ngw5SLchgY,1100000
DJ Heini,6MdPBPphebTpp1TRerdawC,78400
Killermichel,43HoYloPRWQg1de2tqvDxk,347100
Loverboy,2CLVPk9FcywjClBcTvWPkT,2200000
Specktakel,1ErIf1pAAaw5upKsCbqhzz,536200
Markus Becker,4JvTPg21oy9Ybu8ISOSWG3,443400
Die Mallorca Cowboys,5n7vGVYdbNYY4VvefdM6jZ,8
Tony Esposito,2E236rsxSkaqZfJpv57gYF,292800
Stephanie Mills,0PcIlEZa7rreM7729ot05g,856000
Die Cappuccinos,0VWBeB4dSnIG4Xp8HjvrSh,64099
Fantasy,3QK6XTFKV94wlcLVQkBJ8O,120100
Tina Charles,7Jbs4wPCLaKXPxrTxZ2zaa,766400
Patrice Rushen,1mNnxxnPfHQDOkFjnZmdkc,4200000
Zimmer,2pts5B2shsEtIVC4onTFKb,649400
Lidia Buble & Ddy,1iMq4XVr6J8D2FVrkIpDYu,23
iio,5WVf5DCSYmK4JYD6vIcttw,559100
Nadia Ali,1C60viSZv6BoYtrnkZ44g5,1400000
The Intruders,30q5mqJmdYPaKabPMytzvv,385700
Radiorama,4TjGlxmI4FTT2NhwDNL7q2,88900
No Hopes,4eRfkq2oGeOhnEEndl184K,30100
John Paul Young,2wMcQIxzH2LYHJZNxo9FcN,1600000
Santa Esmeralda,0iGmfKLgK5eSMgHp8YgLnS,270600
Cameo,545idYhdloaSlLGBY8E9u2,1700000
The Pointer Sisters,2kreKea2n96dXjcyAU9j5N,4900000
Rick Arena,6VNu7T77rq5v76M4pzaRwD,263200
Tapps,2HOE9Wdk42ki6rFOCTcLWS,288700
Lime,7730R73XHBuQuE1fl9U96E,79600
Miki Howard,7GTUAEg2QH41GgTmkIldjh,183900
Borys LBD,0pxcJDyDV7PVKfmFFMgGpy,557200
Denis Impulsywni,4ItzpHZ9P9ckJGLNYUxrvc,462300
Dejw,34RJ22fUGT9qETouHsWDXH,268300
Dorfrocker,5jvJoybRSHYAlPYyz6cnOd,283600
Fättes Blech,19NDk8cF8JbtHQagjFLKVV,12100
Tom Novy,1EVpn7mXyF07LuJqgUk6RX,740500
Abigail Bailey,0QUNf5BdFRIp6NSs2WbgxM,122800
Paul Lock,5Maf1cbMt9JIF4HBnpdH84,205000
Anna-Maria Zimmermann,0sAQ6ln7fHovbG6Tk2Phrf,729100
Walter Murphy,73JBR5s2PVvUjGu6tIqjqx,382600
Piękni I Młodzi,36PWgNPTOch41BGIEPTY3h,564300
Tim Toupet,6bt8AKXF0E1m0IoI0o5I4N,440700
Mejk,7reHt1oeFvH2lmNtzpSRC4,153800
Nick Kamen,05GsKvp0yKuCyWQMsPAAmB,790400
Taste Of Honey,6SP8r17mqPKbBbmgvCOqWG,199
Bernhard Brink,0rFjQZAuPOhjYhRaGHNbKR,266600
Oden & Fatzo,2YEnrpAWWaNRFumgde1lLH,4400000
Enrique Iglesias,7qG3b048QCHVRO5Pv1T5lw,37400000
Axwell,1xNmvlEiICkRlRGqlNFZ43,12400000
Panama,3W9UldYu0xJcaOAw2SUTDI,2300000
The Real Thing,1NUD5By34MFynmuUynCfSj,1500000
Starpoint,6W9OZQ862LR0HM76QQJJY3,147700
Dan Hartman,1HvcqyRLS9nF8hAbTWOqpr,1200000
Kim Wilde,73a6pNH4YtLNgDbPQwXveo,2700000
Bassflow,46v9rXyKW1AVVL3f0hvve4,30800
Bad Boys Blue,6OXILsPD4WNJ7XiGMAkCWa,1400000
Skyy,5uFqO7FceiE84xjEjFtQLX,333200
Blue Feather,6mNTBjrUHMSZXkeiDbLnHP,13900
Bananarama,3sc7iUG1Wwpwx7bHeZolgx,3900000
Jacek Stachursky,6A27cda26ajAto55kfbtUH,709900
The Bar-Kays,0Z4CzYz9ieK8q9XiVMPkW5,363800
Franziska,3FkrwKPefJL4kZmDGsKJb2,12500
The Gap Band,4TwHRCIu3Xg9fjS3l7owkp,2700000
Extazy,5OmsTK01l53sNIbzHbZbNK,301700
Bayer Full,454eECORMCJhObH01Bm1Pv,143200
Maze,3DvdryKH4O95ZnsUZJKXpt,806200
Frankie Beverly,6rXycobs8wkWicUGLtmB0n,336700
Mallorca Cowboys,5fMhi4Y5U4As85ARXFdMmF,12500
Stefan Peters,3A3VbSSnFU84oxCa8u3yQY,23700
Klaus & Klaus,24islXXqJ3A4A3C2hArZjL,121800
Marc Pircher,7pNnbFPWqtDSdSeNydTPbJ,280700
The Love Unlimited Orchestra,457yGSZecENoIuNWelRHhH,722500
DiscoBoys,64QvJfZaPoul6srmyPOE9n,168500
Darius,05dTI2nXWnnb3ommeufbyD,6
Cassian,1ChtRJ3f4rbv4vtz87i6CD,1700000
ALMA,6c0mTNAxJxlp9HpKTUZwA8,753100
Silvia Kaufmann,42rkORtwfeBT7aEqlvCi3m,1200
Boys,46REMeONa7gBl4h2CIdO7Y,461200
Marc Kinchen,4rIKOF7RT4PNxyhd3ZzLtE,11700
Milano,4Jd9XCHzRXTB7ZPPVzJoUm,960400
The Unknowns,5Exxmu0wPoSw8Vo7jKoXD2,2900
The Isley Brothers,53QzNeFpzAaXYnrDBbDrIp,4000000
Libero 5,2RepdlCcDeGzxTKgo6QVPC,19400
Sheila E.,6OQrOpxSIfPai3cFaN4v4P,281600
Nik P.,159oJddLiuKFNYTa3ZNueS,643300
Giraffenaffen,2iofOsu4vMRmrbjuqGR6ex,570300
Bayera,7zS5tiJbiIYFsqtDHx8UFU,151900
Leonard,5Igodu9EXJZtu9TRVckGRk,33100
Fernando Express,3lmI2SqWBGUla1vXSbseUF,48200
The Jones Girls,7aHa6IZwZ13FoC5AXFkCSh,298300
Baciary,40KrdFUYJgw31acL5TH9zD,328200
Szumek,6IDHO7f8hTbAnsrN9IG7hU,283100
Majki,1ZAmpKoOuO30jOIqFqoTV2,25
Kordian,6RZkzITYZVXRIBDhCPDPwx,34
Umberto Tozzi,00w9sdZ78mWArooTmiSTld,3600000
EMME,04zy0QJacNRBhI0H3WmkSs,172900
Lifelike,3sa5sqxJqYjDZhGxmo4Ko5,271800
Lawrens,7kuXbqFCtnEkogmlMKuoVL,1
Sandra N.,0UrGage3kU3APQxGDFhc9L,192600
Midi Culture,5v6CgRyYharxumHzMpzctL,342000
Baccara,4dn4KQgTE4P3jrwa3iIVzQ,1700000
Duck Sauce,0q8J3Yj810t5cpAYEJ7gxt,2600000
Change,2fJ2vi4PUSxyvYaeq0FTbE,402500
Silent Circle,0ha8Qlns3CfrrLNI8CVIie,675600
Eddie Kendricks,2Uuon75BhnuuxdKLYn4wHn,222700
The Limit,4SJ2WJpd0Vn4eTmFqYTGlf,7000
Love Unlimited,2M4KXzgedR4EKG4qgTeDKa,205300
Fair Play,6VhRKMQxT5oEifL4GSTa0j,31
Nu Shooz,2The4Ur661sLPGndcUuuLu,690200
Blue Magic,7tLLSEaHMMJPbsYAz8MkEw,296600
Thelma Houston,3sgUnR8TF35euWEV07RPyO,721300
Venus,7A6xXwqwuam3TDpNsRyaJe,739
Tanja Lasch,6Aq7HTrmlbXmXU6vE4y3ka,82300
Rene & Angela,01Wck2m10xhdxUrLaMq60y,395600
Jürgen Milski,3AMK6wmw2cGPMbvWwL8Frj,32900
Deejay Biene,2obzfxrWEiXn633IlyKjcC,82700
Quest,3i56tClx1CsaoGJC8BKlhz,166800
Arek Kopaczewski,4w3Ei4RxXMn1WfKKOZhn1e,73800
Fanatic,6keqp0H1lRgGClJN3fHhbP,0
Sabbotage,0wthMVPZokXfreetdLFWaw,140000
Dj Biene,2jtA9Du9Lp8cb5FH95gU0M,54200
Emily Falvey,6w24INVHBGMRpk6xn6xIpi,4800
Morillo,6gKen78XIn1mdjEp3Gs84U,114400
Michelle,4yYvor6Rq4fG82J1L47DYp,344000
Gary Pine,2cSQyZg5t274Y3Nv0uuwjd,16800
Alexander O'Neal,047D9GgqEzyMoULd2oKr7G,966700
Vula Malinga,62cbToG9jGPFvL0P2DslNf,1000
Szpilki,1rfEo8kv5oaLN4M32fpp18,33100
Ole ohne Kohle,7fRYbN3IsY5icudRrGneNJ,9100
Con Funk Shun,2hUkfSXyuDfQbUeNOShRiz,454800
Dr. SWAG,6VZ4TYC0JxFAnk1z5lGQcq,317900
Sandra,2npNvLU0RtBKAN7iJKeAX1,32
Ryan Paris,3nRifdQMP5925XSkIN07oC,753200
The New Birth,34Bm9d5DAJjSnaI02BCjdA,89300
Megustar,1m8AmnkAvu5Isi8kWjEmnl,20300
Fisher,0AnGlfns9Gv6qa6Sc3elMr,0
CamaSutra,0G6miz5dLrc3NZWi4ZYdJK,243700
Marcin Siegienczuk,5qFhYtPClLFUvshfXAz3mo,133400
Andre,62MmQzKk1o00qu8ttVLnrn,316700
Oliver DeVille,1u1uRDibhDsCJMOWYnLW1j,14800
Faster,4VcnNetA3z8M0UbnCax4WK,6100
Marco Kloss,6wt6HV10v9C2FGw3LZH3mt,31400
Defis,1ADzqaqcbKegWHVOzRecNw,533100
The Trammps,1zgNpeHQe8GulzfVkYP2VK,1700000
Roger Sanchez,1HT9k1ZSUL9IczSstOAgWJ,2000000
Shazza,6MPxSpygdpS6heZntWsnsD,19100
Billy Preston,0IecGJbdBeYSOVtSPRehh5,1100000
Janusz Laskowski,1q3GVMB0xYtgJRpAJCVSmG,127700
Frank Neuenfels,06ULheMzKUfAeW62nmb4xX,15300
Christian Lais,45VGyqTR2OtW1c7aM0Y6PQ,52600
Hues Corporation,6PpGPIrFf3LM7Q77eR4Bts,880600
DJ Ostkurve,1YKOZiYrbyc1drGZoeE6lS,98300
Quetschn Academy,2ZVfjb7dME5LTpF0wPwteW,24300
Micha von der Rampe,4hch8p1Mfo8MwyA5J6Vi9w,178500
Thomas Anders,5YST2BJLoQVVhyXoZfbCZ0,310700
Masters,6pnA5JNlTfVkrmRXXBoStJ,11500
Steffen Jürgens,1DpmIypZ6Sxf6YIbBfRN92,55200
Bobi,1DloFuCkIu5wjyf9RbsYLV,34
Power Play,5SuIBv0AT3FdX3d3YVWniG,220
Daniela Alfinito,2zFl29HAAc7ayyjDjAXwLI,127000
Miami Horror,0Z5pcmXDCKTrFWLnDChC37,1000000
Studio Killers,7avo0PmlW8O1YLEt9DnWQT,3900000
jackLNDN,6ZPZXXnq3PbxZSR9vu9fso,61600
ZEMBU,62VBDaxSQkTLYkKIXVItGr,36800
Anakim,5Fkwv4f0Cec48ywsb8DnwJ,169400
Linney,0vomb9Zaob10lPzxBcIiNb,456500
Al B. Sure!,1fvz0vd4P0LNMkAysF1ivk,614900
Cheryl Lynn,6UfoTQXaV3DuqtDVjZIxwZ,2300000
Luther Vandross,19y5MFBH7gohEdGwKM7QsP,5700000
John Davis & The Monster Orchestra,4N81xA4vupQhBTvKFHCD36,19400
The Main Ingredient,6vuD08WKtmp1yc7kQx1rBm,429100
Ivana Spagna,6RA9iJdNW5Lt7xTJhUBAno,755600
The Dramatics,2W8UTum7bU7ue6m0r14H97,504100
MiłyPan,3QzCLiXmrHKt345V0NovaU,769100
Drossel,6YwJN3A7JBVbHdh5QeoACy,99900
Sumptuastic,6hODpsM4hhIsyOLkYKXxdK,224200
Ivan komarenko,6E1H5QbeV5imBegVYFYtc5,14100
Jörg Bausch,3Mo95ihBh6I8sqvHh7ycax,46900
Scotch,7ECGnAVeg7U3WRPMjpJa9n,169700
Christian Anders,0UQInyiO7zQCo1mq0Z26ei,192900
Brunner & Brunner,3wbftONQjYa0CGlyEwxJUR,119200
The C90s,40axc1GOR5BCEmC9QfI4Ej,92900
Reea,44hpSSInMPfG4vk0MIVOC9,215300
Room 5,0AEbDFXbsssoSoC3pj91eq,1100000
Linda Jo Rizzo,6qfPwxyCugHjMeXOVOlajm,37300
Sean Finn,5xUacP1mVGfiY7Zr9RskmS,598400
Baflo,3DjA1LmLRgNpysPigdDZUN,53700
Classic,2YBYxEOZmBkNZ9MnPwdmmD,258399
Chaos Team,1aSYmYUy4JUNAQl5NRqJ8W,36200
Alex Engel,5L7mhb3bRrjIZqJ4jhXFnJ,42300
Matthias Carras,1GTYod0Q10yWyDK8b64hoT,4700
Willi Wedel,2BiYpTKZtnlBfE2VQDTn0V,4400
Jorrgus & Crump,4DQ03ohz3GmuCmhvbyY12w,0
Steve Arrington's Hall Of Fame,6RT1xmqq4r8BPHW6CFxzUI,18700
Capitan Folk,41pDqmxr83q2x2ZbztqMLP,188400
Vivat,50GAVxGqL8Z9p2ce9Mvf9d,308800
Kruszwil,1Ky5mFTFiy4qNppjoY0L4k,26500
Disco Marek,5FCq2eULO9IV7lAQVHX4Az,26600
Bagno,5FUB2fxjJJqASvMadoa8ve,17300
DJ Padre,7tbbh5SBaHLiGXaveUd1dm,8400
The Manhattans,1DpIDwg8FGD50N9Tfunfsf,1200000
The Gibson Brothers,5rJLbEGewsZYI6T33W4DvA,603
Top Girls,7K7rRWSKUzSH1pbOMJvlc8,184000
Teddy Pendergrass,68kACMx6A3D2BYiO056MeQ,1200000
Michael Wendler,3nrxbDUVMUDDrBCRposrDL,246300
Delegation,1zKp43H1kLHOTkJAeyTIkf,2000000
Savage,7EfEkP41WoMzL8AW95htN7,288
Barry Gibb,7Hd38PVp634oGEb9pIDs5d,411400
Bottai,2wghI3P3W8vxgsb0le3Fgk,61300
Moncrieff,7axEazQlDDxu7KBQyFTfoC,397000
Blush,0kM8578RqYDhRJMOHVMt06,10400
LETNI,4RdpMDCLhx2ZnfFyR58sCa,55200
V- Unit,6EL7MO7DyaJhKekSIrvAzm,5000
André Stade,3NFIj19rUHIJ96Bd0960Oa,6100
B-qll,3kIRTjYd96qmJ5zD95Rm5S,47300
Michael Fischer,1iC5mjo3W2IbWbcJ1FRe5m,7300
SoLeo,0wlyQW24ZGvZZq192nKg3B,73100
Schäfer Heinrich,0MIn5Vu6DjgGsswrRI3lMx,67700
Willi Herren,7CMev7dAczqRaXZRslgxjX,35100
Red Queen,2xtdlQPZRNrMq7eocV9FV5,17400
Magik Band,5YtG8ex3jLuNHgS6TqQAux,129199
Allessa,6pFeabifB9SdoC61oj7xss,118800
Hubert Molander,5WZDDlQ8To3WWJTC2zir8M,27200
Lidia Buble,69JOH9w7UtJrKnbUpcW2gH,222700
Ddy Nunes,5gjufQvUyHflIf1juoTtM3,438
Floyd,6q7fUxOm1FP1u1mWIDtWBO,130
Shapov,36VSvhsPFTdsj1CtmatPiQ,540300
Years,3HBxI0UXjcgqw1xcBEaHWf,19700
Phats & Small,4WLGcWrkSExCqILxDk7ol6,1200000
Toney Lee,1bqxl4NUclRsHX98Z3bn2v,7700
Maxel,35djvJeXxvvZCVYV1jdjWd,106200
Heatwave,6D7h7R79IZjqJC2GM2wzyY,951700
DJ Düse,05rSvf1zNgSF9sQa5ulkFs,58200
Frenzy,4lRkNAQP2nJV4rj3CjkdXd,861700
Dawid Narożny,7JMNSrJDmAjYrNwf4vGkuJ,745300
Endrju,1LmeBuHDbHLcucBDjWxxvZ,1500
Magda Niewińska,3N269q0GRZcsMIukV43vdP,53800
Marry,3CAxQbEOPnxzxhed0k0gHf,104000
Balineiro,6unHQrxe7dvM6OlMuf62D3,42400
Hansi Süssenbach,3MyedvCjmevuD3ix6ErVbw,11200
Der Benniii,2oVoqrE4SuCnuX3nKu5wSY,4500
Escort,4zkiM9DSLNAOmoS5WtSQDt,67200
Patrick Lindner,5Wk0orD1CXV28CWKWWVqSa,35900
Mirage,2OcQ99wRBq4dRj9bwb6KZ2,182400
Maggie Reilly,2IqcwWZoG2iCPE9CkHMO8f,204400
Zespół Starling,4Tm3lRpBjCZlYXxkDi4fnG,8400
AA Apres-Ski!,5NEgRp5tP3SaYwB7bTSnrP,9500
Laurent Simeca,4siciMJGHAZA1jVYWUr4Vv,79400
Aquagen,7ulta4AVH43iWAIh2rhWve,1800000
Moses C,3z2NMDbrANRvelrtjdoA7b,47600
HOP,3nJ63Sn74ff1AdT4LLZMge,20
House of Prayers,6UZpnBnk8Ubc6fflLAb6qg,146700
Greg Note,0k3vCnFGlGsVZIguCo7gWm,35000
Cheesecake Boys,0VoHklm7xsPZUb6RLmEvXM,28900
Supersavage,2XGRXbz7zo1OXLJN0fNeNe,1100
Frank Caro,0RXIKJFZKMYDnqMR8FgNps,45200
Alemany,1DUno6EJjIv5UemYkjMiUu,45200
Atlantic Starr,2YdVmtVBpIrv0N6WiBzSqm,2100000
BAJOREK,6EHbNCCbbis8aYXHlm7nY9,2100
Lili,6vznwYm2rxcm031Fc4WVuq,4000
Livin' Joy,3PUzVXdNnsJGPDTIU7xvqu,1300000
A. Manetta,668qGVmYMvOeW6F0XHEB8E,185000
Veegas,3EAP3OHI4ar5fEtjbsVGMR,148500
The Three Degrees,2zpFG5cvw00QmrYTUsjApa,517200
Jagoda & Brylant,6bUVfG3daSHCxxiIH2awUv,4200
Harold Melvin & The Blue Notes,438JBZR1AR0l04AzcYW9gy,1100000
Michael Henderson,6KzAnKswHOUCX8xiEudD7K,32600
Norman Connors,54bbmw5qZiMf23TTmm6ojR,76300
Jean Carn,5swBKHtsRDaCBmdpYRYOg1,92500
TerazMy,54tVNrfFu7r1PjWe46UoaO,160100
Laban,5A490wDfownZLDcpIDOJiL,304300
Phyllis Hyman,3oqSDVaf6RoBGreqOlgUpv,179300
Jorrgus,1C5ZTNk21JUdd7k0mPu6IC,307700
Grace Jones,2f9ZiYA2ic1r1voObUimdd,836100
Tom Browne,4Ytvi4r3WPIZmEw1Ndmkp9,286500
Mister Dex,5E61OnYiCe8b4XBnPmjAkr,29200
Biesiada,3TN9bjbaqkqX2PNhri4uan,68500
Andreas Fulterer,5gEY4Za7iwpKDmtC7YQ30k,57100
Oliver Frank,0J3jrWrFGmzZIGQFRmtTIc,180600
Laurent Wolf,0U2M5hyVn2T78XKlRHJFcn,954200
Steff da Campo,7Bo6vpAmmhylCRWoHSBkcZ,839700
Jaba,7Mu1PyzhOgJKNzGNguHqYs,0
Miss Chantal,1DF1VtnFOIkhzxaE5cFRnt,1500
Mirage & Yoko,30F60zuToZigckFVq63snt,24300
Tom Socket,7Hdq4m4wawIKVS8DGsIg9R,20400
Jocelyn Brown,2ga5ADaBpljQ3YrCh99ZMq,1200000
Loose Ends,4q3lWHEW55hoLJNzZskFVo,479300
Luka Rosi,6SQa5MTpQYjKD7J5VViIxa,46000
Marcin Miller,4Y4Zn09n65QHa8pdtOGCkF,84100
Drezdenko - Kubas,20H4SWh7BBHNGd8v6pWgV8,7100
NIC,4yAWjEBPEsgvSNWVp2dIuu,11600
Bodyrox,3FVJvsdVNbVmydSuI22Z5v,191800
Claudia Jung,7DcGRxTtG2j0Kp2SVHxDi5,189400
Gaby Baginsky,7giigWM7Yrryf53cOHqaEo,24600
Laura Wilde,6kPl0sWLRkM7IlLyaOIBR9,76900
Billy Eichner,0FVsUxcFSlxwIM7Qs31s6J,644900
Seth Rogen,7xX39IyguhWsTIg4eU2reH,766200
JD McCrary,7gHA5bZwjilCpRJsOwmA4m,0
Childish Gambino,73sIBHcqh3Z3NyqHKZ7FOL,32400000
Randy Newman,3HQyFCFFfJO3KKBlUfZsyW,5100000
Jodi Benson,4mmMtabvFCKA6HfmVmitNH,2300000
Disney,3xvaSlT4xsyk6lY1ESOspO,40900000
Cast - Sofia the First,2ItqDyOHeQBaOPeZmKVu2p,664100
Sofia,0129dJuvb9Hn0TJnTLIDnT,9900
Auli'i Cravalho,5mnS9jJdKQQcRSqFu5YPVe,6500000
Alan Menken,5sy77gt4bfsLcSQ8GIe4ZZ,8600000
Alanna Ubach,2QIv0RotNtHfzzp1jzJsJ4,259399
Antonio Sol,5Rl6Jz53rD4wvTA6dNop5E,40500
Lindiwe Mkhize,5klp9VmF0Os0ytBwXBy8Tf,285000
Lebo M.,0zp9qNDSeYi3QEodhcKAAA,2700000
Carmen Twillie,6O3ZB5Cz5CNT3wQWouKcNJ,1300000
Nathan Lane,0P0do9GwiSgweSF6Ui3mrv,3000000
Ernie Sabella,0RH6EMxqfzCEB7QCSKQ4xr,2900000
Jason Weaver,5UdPkKWd8YNR5xGcmqH9QJ,3300000
Joseph Williams,5xk0kRuXn1zToTHpHAqpui,3000000
Samuel E. Wright,6Id8rcDNyBXPcgKQVfQ8rX,2800000
Emma Watson,4N3cNXg5phUzRzuJYYxQlV,672200
Luke Evans,2F9N9zhJE5npMz9Cej6ynJ,2
Ensemble - Beauty and the Beast,530a0roPLtawMxdCfI2zrR,725200
Donna Murphy,5BuTOT6mPoNZ5EmaPheBI9,736300
Kristen Bell,2kHxkdiKCSnHMkhIgFBZaI,4800000
Santino Fontana,47NluEnhJda2gsnjuvcoob,2700000
Agatha Lee Monn,6kHu5ICQRBZdsAHjAjQlmp,1800000
Katie Lopez,5Kkhk21siwbW3BfZUwpykJ,1800000
Idina Menzel,73Np75Wv2tju61Eo9Zw4IR,8300000
4*TOWN (From Disney and Pixar’s Turning Red),7jLpPyJ5gQxCvwiBsUfFu6,1100000
Jordan Fisher,60wslYioiBcxSTInM4nIy2,2100000
Finneas O'Connell,7hCuNVmOMT7ntattMgmL96,796000
Topher Ngo,10WKlp1bjWxC1IWbpX4Q6l,1200000
Grayson Villanueva,0wSCwQI0t7XUj0zdGO25PZ,1200000
Josh Levi,6NvsNA4Ea62yJh7ePTS8gz,2300000
Josh Gad,4dSQICBjdUIp5iK6RRU2bY,2000000
Cast of Frozen 2,0PYSU1xJn8ay3ckZYsumdH,1300000
Brad Kane,3dAzSJ9lQnJSq5Z0OgDBep,2200000
Lea Salonga,1GlMjIezcLwV3OFlX0uXOv,3600000
Miriam Peracchi,4yK4rUucR50zuNPRAWdi5G,131700
Analy,4aSk2OaHOTGndh1DfTg42F,483900
Kristen Anderson-Lopez,3CneYb5exy4KOtvCCrozDD,365000
Robert Lopez,3zUCHzvbTmCOZoY750yHPB,280200
Jim Brickman,2NzWRNaaLByHyI3wpuec8P,1500000
Cast - Frozen,2GOnnsN5XmABjEwX1fstby,1800000
Chiara Sasso,6OlUFqyz3TQboaEMkb6wbV,53400
Taryn Spilzman,,
Gabi Porto,0ZE2iHsEMi3lfJn7Zo4MvZ,396400
Fábio Porchat,3bBpcxLs9NyFKMxOed8mxq,74300
Raphael Rossatto,3FfsAj4u98hK9Lj3IsAX7l,95600
Pierre Bokma,51PI26jLXTQrekzLSqTyve,30600
Diamond Yukai,2Xgqw0qSxzLPXOgPg1NEUL,257500
Roberto Garcia,3O0kWRdLkamyV2sRR0cJFo,39200
Male Ancestors,46IZJ9AoN0wZ841rpQkAnI,7800
Shinya Miura,6VsNEpbaDuEtJI2yPr0WPm,16700
Benja Bruijning,2qJysdunkxuPUMpTcu9rE1,34200
Germaine Franco,5NTEjLv3GEX1Vx0ITx9Pxe,235500
Noortje Herlaar,7A5TtugBcf7MPVwP88ugQz,86300
Willemijn Verkaik,7KawEFi5g9T9cTCd92h7j9,597000
Thorbjørn Harr,00WEn86i8SDGAa8sIfahSc,23500
Kazutaka Ishii,2E3u3DFA1rwICiHqlXJ05L,55400
Fred Mollin,0qPfO5FCAsfqK3pgqBSAJR,425800
Eirik Espolin Johnson,2eNM7wFEWCKkyTnXmrTQwu,56200
Pernille Sommerfeldt,0Q1s3rlqdHU2V8g1ePK7tm,29800
Anders Hatlo,7lXBfp6ZT3ce8AAoYbaOHX,33100
Dan Stevens,233juiWjncSWJnJoyaMfP5,318
Benny Martin,3bmGw1b250EmMTFG9g8xXn,8300
Vai Mahina,4I9DOo7pz3fn9yjxTktmX9,1600000
Olivia Foa'i,5GIaRpKCtzquc5UUicqe50,2200000
Opetaia Foa'i,759h9uEwoHm8KKq1pGI9RH,3300000
Matthew Ineleo,31tOVgwE9y1Kuz7qcWaLJD,1700000
Charmian Carr,0mvTBNG2hAuAEzUVgTYpQ2,952300
Dan Truhitte,3ykv0g1DnwB8exhwbdgfgH,186800
Amy Adams,1gkcZQArk5rV8uBwG8y5FX,836600
Sally Dworsky,7vK6xoR5zT4DypEu0blUku,1200000
Kristle Edwards,4y5d67UxD0QON2vRZOjXZ6,1100000
Heather Menzies,54dXJA9AzCTXZ8gmX0nX6T,763400
Nicholas Hammond,0JSadiWcHiwpHQhq8DhXJl,763500
Duane Chase,0QWBkbHktK9RQYaMSZnZ01,763400
Angela Cartwright,5wPIr3J58uJUeU9Xu2mOuc,763500
Debbie Turner,4HiH23Ui1OvUZfRp5YBQxs,763200
Kym Karath,2RqZ8Pqz6WmjR3VmQF9dgA,763200
Bill Lee,1Vb1cXNxIUyb3Geb9cvSvL,128800
Jenifer Lewis,6e28WiPlKSu1ukkhHCZEnF,821400
The Pinnacle Gospel Choir,4R1dpQ2VCZsEutiXZKeIzk,222000
Kathryn Hahn,3XfjX4nsdyVaLMFi1ACXXb,228500
Eric Bradley,1Yv2bYY94u2nm7OHwrEIcQ,0
Greg Whipple,1wNMHuKUcnVHROrQKTD0nP,35
Gerald White,4H1hvfjLlg0hcxj8lwDOt9,10
Rodrigo Miallaret,7eZqKECiW5uTZO8lfViO3K,26400
Jon Sarta,4k5gaSPRZvEwn4eTxuevAX,563000
Kayoko Ishu,6ZlvKdgGJtDzsi68KPRbiG,10300
Tokyo Philharmonic Chorus,51jSfzDJjZXOwfPaVc35Gi,25500
Carlo Boszhard,0zj2CYfMsv23H2xndUgses,49100
Tatsuya Nakazaki,6M4XrogqY4hhXtwJf4ItXh,35300
Junko Yamamoto,4VDIKCSNaayoLuJoU2Bucn,47000
Hideyuki Umezu,4mP3PuNf2vTNjEEE0nWJHt,22200
Chantry Johnson,7DYNIsWygVsxut6h6pmyeW,143400
Søren Launbjerg,55gfriVxiyjynzIyQ7kTWi,23700
Louise Norby,4D0qv7ef6bCkrXl6EGuVWC,21400
Yuji Mitsuya,4tBZD1Vc4QKjFPtN2BJv0G,25400
Yukiko Yamashita,2Uc4qUr048bKd1OmHsxXUp,10900
Riko Hanamura,4VQFzTMgnFpUCrNqhBS06j,10900
Mitsuru Miyamoto,4Yfdy8Nlgdj0bbQrqLsVap,25300
Atom Kobayashi,58WunyNa6OTJhdgcpXnCDr,28600
Paul Kandel,6M3XR163Q68THc9IFMwfAH,131100
Chorus - The Hunchback Of Notre Dame,5oHSxqr1uDloCbJJPNBd6T,302400
Tsunehiko Kamijyou,0MTwHcQjpWkqYdHPkA1Ncd,128000
Rob Cantor,1NtYiv70buGwaMspHuD49I,225200
Luca Ward,6rCGYPfoOhqoS18GMX8uz1,9700
Sylvia Salustti,6b50wVWtj4djNde8dElnW7,422800
SHIKI THEATRE COMPANY,3QoUUnHDvuedYiLGe7uVFJ,75200
Hidehiko Ishizuka,4q4bgkGzmIHifIbeBLtpQO,61500
Yuji Tanaka,4Q3kgRzt8ZQILwjU76CgGg,61400
Paweł Ciołkosz,6COzcGsnbKrmfu4bO7gCPE,19200
Koichi Yamadera,0lo8UTi4CnnajMXlavxCDo,229400
Kenneth M. Christensen,5F2wZb1nwCc9FsxTTAbDjY,19400
Magdalena Wasylik,6fILDWKAqGGe3m6rvotbku,86400
Pat Carroll,0Yy9u86cq66Se2pB9fYaiW,520000
David Ogden Stiers,0N0dbr5s2y20PAo2cDAeVP,668000
Tony Jay,5qQpn0ZokyamZjyKtkKUYD,337000
Howard Ashman,4v3VuWXuxcennT1zhjlorN,3700000
Benj Pasek,0qKRRwXdVtrVIEdPFr8vvo,507400
Justin Paul,1A2uplrPcSu6bqDaRp7Xs9,132500
Mark Northam,4weansSvkFXZmnwOKGHMSg,65700
China Anne McClain,6SvFyXN6qzhw95Bj4HoevV,3300000
Shin Fujishima,1HNEsdQ7hbcIQpTTF47Go1,14500
Natural Notes,0IKotvQocRLaLRkxROzX9U,50300
Mark Benson,1IaIpFqqzozfCnPECU9vOb,267600
Adam Mitchell,0rlQeWIeJJdG7Z8RCNiwqs,155100
Stanley Tucci,3XZTEmxcwinCnuFcWluGai,191300
Ewan McGregor,105Paee9vmV5rfLSG652e1,1300000
Gugu Mbatha-Raw,0ZrekatCWFPF9GPKApg9EA,485800
Ian McKellen,4poDCMNdZuW1XNK5deqmSj,480600
Emma Thompson,4tB1f1h4TQqDz4bNaibMpl,725200
Audra McDonald,7F6surn3OpdyOzupSawyli,329000
Clive Rowe,5EMfTDu7Ppuf5a3sN2ac1d,156400
Disney Channel Stars,1PCSZ5DaA1s1gpz2sKmnDr,32600
The Wong Janice,1q1P9ifOMhgIYCsj9KXxdX,341000
Chorus - Hercules,2pLvZNFSNqj5ggB8cPK7ki,1100000
Lillias White,5TKKPpY9zr2qrz3JM3Vawq,2500000
Cheryl Freeman,3E0MPcbZSjfJ1HsnJKXkqd,2500000
LaChanze,3zT7dcLl9wbSXsVh3VQx3A,2500000
Roz Ryan,66mvEj9XSF89tUj87Y3HDu,1300000
Vaneese Thomas,79cmm0PKrLWIrqp80GpJtK,2500000
Tawatha Agee,26j9y8Rq679tININ1Mt4ZV,1100000
Ewa Konstancja Bułhak,1P59a5315R4rUcpFp2D5Uz,30900
Nathan Mack,13tHisUuVf3mbhjTH5UJ8t,271800
Marsa Sakamoto,4T481uMcsXEnEqvNS5CzG6,6300
Toshiko Fujita,5y8t6BevHZCuKXVwnqAbYa,6300
MAYUMI SUZUKI,2A898Bz1BlL0RbbRL1n0RJ,138600
Natalia Piotrowska,00hay9BgLUeOSa7Gzgt7iO,21600
Kuba Jurzyk,4yS1NJNfXUKCGbmZ8pEKn6,105400
Bartek Królak,3uMFX6q8v6bauHJPKQeUZf,87200
Salvatore Scire,7KLUojGgsKkLrbUiRn9wnk,51000
Luise Lunow,0LwEQVwUzh9D2DgVzAAyIg,7600
Paweł Szymański,7i6vfZ37dn7OLesG2eZAum,38100
Pola Pilat,1LIMrP4REsIQo0VcL0k1xQ,7200
Piotr Polk,5BrZcq3NI7QEYYW2zuDerQ,7400
Cast - Olaf's Frozen Avontuur,4FzUwwF7oWET4thJF57mDH,8500
Paulo Ramos,6qs9gVHAYlCdpTHgbMszAO,0
Robert Rozmus,4qyjJCh2QHvXldx51KlG88,22900
Stefan Friedman,38dB1EiILVUBvNFtzfWNnZ,6900
Goofy,3CcmFRXYSCdT25TOMlVe64,267800
Laus Høybye,1mNYWaM0ATaeAk3PHqSOSk,86300
Krummerne,05Sl6DvrxztDaFtGamhgyq,72100
Zofia Nowakowska,5WVxKxQiPAWaF01H2bKWeQ,29900
Jan Traczyk,77JJqmtJW9Gxzm0A8alTtc,3100
Marcin Franc,5B1n39bS0DN1cShwEDWnJU,24300
Lisa Stokke,0DyCLBI4KZ9ouXQRBFvHL2,123300
May Kristin Kaspersen,5roLxyErhuEuBVNckj3XXQ,26500
Katarzyna Łaska,3EUN4LsI1ugZFwctcyVxM3,150400
Czeslaw Mozil,3kYr92dBq4lMT1lsAKGGiN,30700
André Leono,3wNqSrnDViXQMST6ioshi0,111000
Piano Radiance,69P4GKHbbgUhcNWn7Qaj1u,971
Tokyo Disneyland,5EPQb0h5U2AWk8OxzEWxx2,320200
Gustav Nilsen,5wTJ27EIAHcXMkmh6RGzuW,12200
Laura Chiatti,6eNVOzxZCPBE5tjMP0XcAI,80100
Doctora Juguetes,4gRTBIcdwTDhxAwMhUkvkv,6000
Lambie,4I1m894AfV2zh0k7g057fg,18100
Verna Felton,7aU90hxXexP47nEeMee6xM,411500
Disney's Circle of Stars,11ddBqX3iQtxS8CP0QUnsB,17500
Walt's Piano,5BQzBU96XzkEfCHXVFxuFU,58300
Atsuko Takezawa,2KVTrDvZkFSOl6M1oYrKQk,11800
Erika Shiraishi,1euCVeKI4NelbAlR8b3OFY,11800
Hozumi Shibata,06vefHJeIRX6MyiSAN1HRI,12000
Mayumi Makino,1zBroaNdRSeOVZSsVFFO2K,11800
Yukari Fujii,6B3McgP0XC4PItUSOnMbuJ,11800
Samuel Shipway,2dgvSwqsBBsIGxZjR3Qnn3,8000
Ju Cassou,4JJ5TI5AihtFAoHnBzIpxt,72800
Manuela Villa,59PP4brVe9kmreXmenzpa4,48500
Andy Tallent,5xnEVyDizQaZVktlClvceN,143200
Kumiko Mori,68FR9aTvUSJzvHTifyEEV6,7700
Tero Koponen,0gGdqjpgv9TUBjDybtyHIh,8300
Toshihiro Tachibana,4olDsnNRFX20VBa9sFeIWH,18100
Karolina Trebacz,74iBDSCoJIP2TwacwxDrd5,22600
Marcin Mrozinski,7zzNybPMppMTQu6GjtdYX2,4700
Piotr Gasowski,1T06JWm8HSb9oxG1JI8HvW,13400
Michal Rosinski,0RSuSNE9hqSgH2NlZ8pODN,44700
Teresa Lipowska,6IwOXbMWNfaOa469Xuv9Er,12000
Petrus Kähkönen,0UHmzf273DrOPRcbL9b0tM,4900
Sheriff Callie,2TptzTi2NMLAnevzN9Ell2,7100
Peck,5HCya1eGq21BgniKfgILCX,5800
Toby,3aPI1JkEvUWWP71PgaJyOE,113
Oliver Wallace,497FibW7265st1H0UfpGb2,202900
George Bruns,5T60shnsXD8hlLRDsbvFoO,435000
Kristine Yde Eriksen,2Ox1gZeJEAkulfHLiVNeTH,29200
Pia Allgaier,72mHHRrqbN20uxmb99iDJW,360500
Ulli Essmann,4ATVOdURszNaRHRL2EZDs3,3100
Tina Frank,0h9Qd1ebwlEsBljJO4OZJl,43000
Toby Heinz,4XBEJfX2SgF6IJ4GsGTI2i,3100
Pat Lawson,3vgMnGRwgc3WxbKwvJhD4G,42800
Ricarda Kinnen,0Y3CqDnCpnuF8EZjgzX5BX,98800
Petra Scheeser,2kpGdWzpIDW2jDIQFeIaA9,154700
Felpita,0TMxyzXinn2YIiLMJeEfSr,5800
Hallie,0I0VahDFplPkGInkRvoXPW,1300
Dickie Jones,0bGGvfpbJAFYj1rX6ScbbJ,56500
Petter Jølstad,1hTq5UGtPbHNA3JXsZUYRf,4500
Even Stormoen,0MRJF1P2aNCSEkmRemCFBy,5300
Luis Ángel Gómez Jaramillo,6UaKHgRNaUxQfQD67gzgc5,1000000
Gael Garcia Bernal,09oR0uKhqwScsKa2eUK97p,2900000
Roger Bart,4sZw3BLoQ9SniX4mcoh80b,1500000
Patti Murin,4wWuKGRcPwVaItabLxnObP,205000
Leonardo Holmes,2CRVmDhz781ofTp6iscck3,59800
Sonic Wine,6UEwPW6iJ3wAswNtg6fOE3,4
Dream House,3TkldXLxqbZkCQxulVPdM4,26200
Maria Cristina Brancucci,774oiAZcD7voC42xLhmPV7,32100
Music Creation,26KfNrVfEweHZlOwHzKGq2,82200
Manik Zidan Gaschina,5C3iaN2YmRTdCzCEnr6HFZ,866
Franco Chillemi,312J03MmeNDHKTO5Du6Fvr,35400
Remo Girone,6nmdnG5imiQpf72nFZ9wGQ,5700
The Circle Session Players,08tV5p4j1YpwBdtBWF5rMl,30300
Coro - Pocahontas,5US4hZLm5GjPhS4AwSctLg,7200
Serena Rossi,77M7IRdfBKA2Bx27XFwNE1,102400
Pelle Emil Hebsgaard,4ql968Tt1jcQuP2oOabeGo,12200
Aya Ingrid Alber,1drONtv4WFHlvkoNUMyqlx,8900
Michael Hanley,38SqymKf3mLfZ1EZvOuUqR,49700
Disney Peaceful Piano,5lmSBamD6zMcpHPqPpwmwN,417700
Disney Peaceful Guitar,3oqzxUlHhjJ7auI4dVujKX,274100
Anthony Rapp,3GZGJ33pJdAdUL6IQpK8mR,441100
"You're a Good Man, Charlie Brown Ensemble (1999)",3521YVfkHZ0L022Sy0Tzso,16200
Tansou Tatsumine,,
Honoka Suzuki,21dcXRiXjtW1CCVn5ju3Qv,22800
Gerd Holtenau,1daIIFtLqKZSgw0HKte0iH,9100
Frank Churchill,5HxxQWbYtQSFMKTjx9LPtZ,124900
David Huntsinger,4kzKZExmgB0xijgF6blONc,84300
Gio’ Gio’ Rapattoni,5YbdlRpD9z9u2x9n11Roal,26900
Ronda Rescate,1muetV2OMgwHHmLuf6In6c,622
Mona,1t9aI4hxclwxp0vct1I4D5,186
Esme Kaislakari,4qffQ3odiLSXDw43sKGMfe,3700
Billboard Baby Lullabies,3JoUmoM63KuouDsfPGyXyM,11000
María Caneda,1x4zxN9PnY3AmZpYVgpbxb,271800
Carlos Báez,6D78ikac20EOttVEL3T1Qc,32
Sandra Carvajal,67EAFXyPAmmEGkbdgEUtGG,3200
Mauro Ramos,3cRFY4papW2pkrxfhxMWD5,1500
Isaac Schneider,1inhSwjMD0SI6Nul2pvCEe,59500
Geisa Vidal,4bcyEWksgALrlA8U68pUmC,17100
Sami Arva,5OYfS7IFOnqhCRDel43SYO,2800
Ulla Hakola,6Mj2tp9vZMFpTxj26I2IW6,2800
Waltteri Torikka,4meB8IsBXqEvtCEcB8l2xp,6600
Maria Ylipää,5D27EqfG1NLBbbbET80qeU,9200
Vajen van den Bosch,1J2NQrhHS6nzavRk8IeGsJ,125400
Carsten Svendsen,5QwgBbfEWR6dozOfJcAAq4,3700
Male Ensemble,7aYySDc6u1rnznlHJPG6Fm,2500
Christine Leyser,6P5MnxvCtDMrkCNynMAb8W,29900
Paula Seifert,2telCV6NnCokNW5VhrIanm,697
Oskar Fjeldstad-Bergheim,3dAAXVWzYnjOyUWZKEAaa6,2500
Hedda Grjotheim,2ZFFGeAWIuAIYALUbT5fcL,12800
Christoffer Staib,654ZVDoL3e0Ro3zPqTBmJu,2400
The Jud Conlon Chorus,5s5jvj5TkkMkQDR28awRsA,196400
Wojciech Paszkowski,5MiKxHY2460mRbmuDVye0w,37700
Lula,0e9skgnsjo0ver1YFCeMsY,9900
May Kristin Krispersen,0F78fBx9EcrYsgP4aGMy0k,6600
Demian Bichir,64QY3QAj4yJWXcpWuw9fMo,247200
Star Darlings,3zFQEqIi3Q1RJ4O37M7nuw,34200
Kikka Laitinen,4ROuCeTGpS1YyFizocqzWh,1400
Cast of Sleeping Beauty,5dE064f6Myv8kofeKJsXGF,31400
Miyuki Tsurugi,1332a8osyYEXCzf5KzWnr4,10200
Sumire Morohoshi,7r7IKvfNhJI5CEj2WSSyCY,129
John Williams,3dRfiJ2650SZu6GbydcHNb,5200000
Paolo De Santis,2zogN877wekyyQILP7MfWb,31700
Robby Benson,3QcGV278a6mmLRTOK29WBP,436300
Jerry Orbach,5i2OpmeVKsmViqoETxuOvO,1200000
Paige O'Hara,7oavKrnYbTZPAPq7zCuipM,768000
Angela Lansbury,0LtVJXnPR8msCJiE2DjHxy,1800000
r. rayfelld,6uyVibnRYtIhzLJwCcGgxu,0
Giorgio Borghetti,6YbO4En7oRRYD7qSPozdkV,1600
Coro - Il ritorno di Mary Poppins,3EyXP9yffXF6l6rrh3ejJG,1500
Cátia Moreira,6xjVcE33l98oiy4w0hFwxK,6200
Ana Encarnação,3MZLwGdvKgqfoklM9zPygE,52000
Henrique Feist,1Yz8f6UVHjA1RlJt9RBCPm,13700
Filipe Gonçalves,63PA6qLxy0FJNUxT00SctL,14200
Elenco - Frozen 2: O Reino do Gelo,60zkSji2dVhFI2TUjaaQFZ,4000
Haruhiko Joh,4CFKEEpaecS45Z6mfU95Ep,2800
Ben Hiura,4cQIy9fVIbAqOPkfCdYcOs,2800
Tomie Kataoka,7JXzu7ZECFMun4lCIG4Vy6,3900
Hiroshi Koitabashi,2sPMiENq3RwuxxbCCzCNn2,22500
Eija Ahvo,1gLhWqpVeWI112IP2WlhEc,8200
Antti L.j. Pääkkönen,30oZQyFm3DHk5RgA8ECbN7,575
Amy Burgess,2TQeqhJnU115UX5tBgxZ3W,2400
Aaro Wichman,7Fx9k9msQP3PUs1r1W7M8x,575
Encanto - Cast,3xLU748QxpTmIVaiNXXg0P,2900000
Cliff Edwards,0aeRagbqQCOKkVURrvcMrn,496700
Chorus - Beauty And the Beast,3kWWBtNzJFtKA222gZz39d,1300000
Richard White,0jWqALm6pl5CHj5N0eO68G,656700
Preben Kristensen,0KWtgZfw6vmNET2dPnENHT,15300
Tritonus Koret,32RcCdh1nGUxNQWLM2CvyO,15300
Tara Charendoff,67gayetrbYX7ypoIPGxMwt,59200
Bobby Driscoll,4CkLcamYYOTtKnLWjuUDyr,125600
Kathryn Beaumont,762gpacQ6WcT75zlkrc3Ls,207500
Paul Collins,1aL3c8BNATMQEsauxJoYn7,123200
Tommy Luske,51AV2GURH2q9LqgBcUsUJf,107000
Pepinilla,39UUWydeS0DDC7L299iv1C,483
Gustavo,3apNWJFN6ZANKwNvFK8An7,44100
Tumbalín,6341Yl7Wu7VcI37DwbYpAg,509
Mel Gibson,5VXtGEXyfSC316JafIsPZq,202500
The Disney Afternoon Studio Chorus,0kzp6Ezum8UhblfmLkcyPq,138200
Jartisto,4XlsM7kkkofXIyzFEPaYPi,201900
Julia Scheeser,1Go0BTu059q6LIgkuIxWV4,100200
Crewkid,7u5ookLUVsuRi21ghdoqu4,82
Ryusei Nakao,2RcS47TgXS4sQM2r0QfIBh,5700
Yutaka Oda,4txzpEXMlLubRkm52dpMFe,5700
Kozo Shioya,10D4tBG5mUPnF3ThELDaxp,5700
Yoshito Yasuhara,0sXEhArKRBPiG2vzQm6Nro,3300
Artur Zmijewski,2xp0UH29O0hdWs2WMRQXsW,1200
Mary Costa,1qeo0u3hwxCBcYsn3a4kyo,460600
Mizuho Aota,1VLOvqgKe0PhTWJM3s8Kr0,2600
Yuu Tajima,40ncmeEtq1CTntIv0NOM4e,2600
Junko Tsuji,77z8H1FuZXC6iF7xzfADsr,2600
Tadashi Nomura,4Vc0GWn7A45UFaoHTcu3Qg,2600
Company,3h2NpNFRQ5FMlptQXC5iEF,113
Jana Werner,36KhnXTTNKVaMWKudxJ5Bp,52700
Peter Hofmann,4efGIkUGWK4Z4LvG9XKULG,27300
Lucas Lomholt Eriksen,3xFMran6ybHmjvIMEpWQ4J,9700
David Healer,3nPVt5xwitJpqG4pERhdxk,145400
Per Myrberg,74HgFbSvwVCvess9LgMze2,112100
Chorus - Sleeping Beauty,1c4ltuRXEIo20Y9UOPxiA0,573700
Ensemble,5a1fCbv0Bw3r7ehPuK3lfb,47300
Cani González,2G9l7VykxhIT5suoB18Tr4,130500
Carlos Marír,0460QV18LzylFQZnoOSkNr,1100
Maciej Stuhr,013JocE2vC2qMeesgrKvik,114400
Piano Genie,5qfZVrlGzByqJCT2bmFIi8,46300
Tokyo DisneySea,2g9DwrKeZdqfveNl05NfBV,316100
Ewa Prus,3JXJuVKKlM20rgOnyc82hV,24000
The Producers Ensemble,2PjoZci1oug1YpUFSSdMla,14900
Disney Studio Chorus,0uxCcs6uoQy6StkrWS1QjW,1100000
Chorus - The Lion King 2: Simba's Pride,6HHlr8eYX84LRrYngXAesm,185100
Bill Shirley,259T26oxdhM7losfoXOXOl,435900
The Cheetah Girls,4ntkql3f3ect7NDRUJ7aAY,672500
Little Piano Player,4KsgrrpExcS6KInynyza0k,57800
Ricardo Monteiro,7s6Rv4GukcTxOURcpKyhDN,11700
Santi Aguirre,2BvyFDOaYCfWjhbus65iFA,5700
Toni Menguiano,3c5hrul9OSjp6kriotIHXV,17900
Astrid Jones,3JNIA3OxDVtlf898BEDNbw,7300
Virginia Mos,6VGge8LikAcLx3E2e8xckN,18400
Malia Conde,4e94WFPIMzy29OmCj5nDuM,7300
Ilaria De Rosa,4QAYRh7sh0W4pyyveSa7ST,52200
Leigh Harline,7aXWrnm0b8kKzTTgzublaZ,79400
Raquel Ferreira,5AmTBPoVrcQNOz1d4AjlB6,12900
Ernst Daniël Smid,7oxhbX4tJayeABnC4GvXcU,10800
Rob De Nijs,3u84EkSPrJYO4n5cipED9K,560700
Parkinson NL,61dU7wnckFsKNcNJnjW4jw,660
Coosje Smid,5gcHAz5tnFPVo7MruKIPf8,4100
Berget Lewis,56EYDRc4IlffrNZyE5vtOx,8700
Jim Bakkum,0RJ6eS1cimNNF64vRXGwfD,121900
Anita Meyer,7xxVm0cM4x7TUBadZQuz3S,256600
Wojciech Brzezinski,5kOtrZpXLVzDhAyzMMcOnT,625
Inni - Mary Poppins powraca,7vnDbW71mcwPHSFISjsyx2,461
Chica Surfer,1YrMVUbsYRhw6Xk9IOLHSE,369
Peggy Lee,602DnpaSXJB4b9DZrvxbDc,2300000
Aurora,1WgXqy2Dd70QQOU7Ay074N,17000000
Richard M. Sherman,13Namx9iwUl1a57CcELGTb,329100
Robert B. Sherman,7n0XJOct9yv45fCWY3t0UJ,328600
Keegan DeWitt,1QkkfXx0WxSxmUIQOkSWa2,223400
Alexandra Wilcke,5PpKj1qtEelq9huzcnimO9,227800
"Mira, Royal Detective - Cast",4wz6QHgIkdmvQwhEmzwWZj,16500
Sara Mann,3C9XpXXMzu9C4ZrtfVu7nx,50
Jessica Rotter,6jQAFXkB1ciNf4PLUfIvdF,11200
Cindy Bourquin,5z25CHFEWooGOieYYw4j3T,0
Elyse Willis,7iS9ltSyOIaj4fHeP954mq,2400
Laura Dickinson,24atAUm9yln5x8Os9PEIwv,23600
The Harp and the Piano,3EsByjQIYShSaUdKe9Tmvo,44800
Paul J. Smith,3g6RWqrG0tt6oXPMLP2WE5,63900
Ugo Maria Morosi,60SqHoqBT6KQfyPTpb2yNP,3400
Chorus - Brave,57AihEcK7JvXFVggssuObo,75100
Coro Infantil Do Rio De Janeiro,5H3HUNUVlzgCNrgNl2l2bR,0
Antti Paakkonen,7eGozPEp7ksEwg1hcHLHWW,4800
Julia Totoszko,0EhLWOvF98ZREwsmxtqkHb,271
Jakub Strach,1brZzIluDbEOqAF0UJOzMz,404
Mateusz Panasiuk,1FR9VZLCF9gnauQNLwPZ0u,270
Heidi Ruud Ellingsen,4KTbyQebBQIgPnrkLbZUMT,1200
Espen Grjotheim,38bNNL6h42SWZtdCFEk8Eb,7600
Nils Jørgen Kaalstad,2FtyL0HPFqTQKox3cUT6s9,2000
Anders Bye,00kmtdGAJOdCfahN5GuAZX,3000
Marcelo Coutinho,32tkf2x0ZLqigb4LyOZTqm,0
The Sleep Diaries,2kaLDgncwOxNd3TMSS7hWR,100700
Chorus - Pocahontas,5DH8cLYXVTknLlSRzzkRc4,249700
Chie Nagatani,4Fj4qsgORBO0jc0D7fnuRr,632
Nina Flyer,4xRaNqAOLDkvnMlZknaNxZ,0
Malwina Jachowicz,5ZKtw9jadeIBMdqxEOB1SE,39700
Julia Siechowicz,6lEqfTMnmW0dUqyu0NTPpV,39700
Poppie Swag,4bjf9ZHd5zIerivycqFNEX,51300
Tranquility Piano,2jIPHvD3Q9xqh6tae6yHa8,0
João Pedro Gonçalves,74SEnf0TKyuD2GpOommLVc,12400
Ermelinda Duarte,3bfdScGJtvOeD2e5CHIkRs,1800
Shigeo Matsuzawa,66dAhA7AhzIUyr8eAlULiD,2700
Masahiro Anzai,2RJBe0usWU1mdOwo0XJGh6,658
Cameron's Bedtime Classics,4kZ6N3FbNGnto6RLHiUUnM,39100
Haruki Sayama,2b3YKBM7k7Is5WvtlikgVa,1200
Ryoichi Fukuzawa,66foxhNncEeXD9z8tQ2TPB,1600
Syuhei Tsutsui,0qahmuz1rIbbN0DH69PtCO,629
Rogério Samora,5xBrjmFbbG81sUGYwqBRyv,18500
Cucha Cavalheiro,0QzjiJ3sX0Iqil8yj7Bi56,18500
Adriano Luz,2XDCDSGhblC3TVxXT9ZAKG,18500
Grzegorz Markowski,52z2StnKVKxNVPvHh8gysg,56400
Ryszard Sygitowicz,3GgiR01CBfX6Z4I62zzHyr,377
Henry Camelot,4SP8FcQWUoQvku0cXI7WYX,21300
Mauricio Luz,7DmSLUPE6h9sBnR1pnqQ2L,20300
Pedro Lopes,74atOdE3IKEo4e9Iv3Hu5q,19500
Sigmar Solbach,6ycsXNezm1O0vm5AaBuRfp,9300
Karl Schulz,6fxaDxKxsIGJkMjsh13mwC,6500
Stefan Fredrich,7KYDRyvlMxiMCys6IzxmXQ,630
Luca Vieri,3RDRxwnG3sgmIcKlsok5eb,1800
Lari Halme,65odSAlvpvntqk35n2F5eD,1100
Mirella Roininen,7iS78xeafTbkrBdWdJTWRw,3000
Anders Aldgård,4S1TvrXjlwfRS1mPNT2gbi,53400
Daniel Andersson,440COVvXO6xDXvydpBTEog,0
Piano Sunday,0N6gn8bwGxm3yrvhxs3I6o,50
Vivian,4c6u9CQdqnHaIxMZIC2oqg,46
Magic Piano Covers,2Un8fcngg7tqN20h1BBaku,72200
Music Feel,4k4Wwf7cwr7xm2Rs7xZnYX,13900
Lasse Vermeli,3frdDJUHHQjmvQ7FTkb7wc,1700
Maria Haukaas Mittet,4Gej6q6wCKccBidZF9lB5B,22100
Marc Pociello,4spPb2PMiUfZ6xyevJoHty,178300
Oscar Mas,43SkHFW9mMY6P1Wsj2oQ1K,181800
Sergio Zamora,16cVT8kBRJXhbAk4XJZToq,159700
Miguel Ángel Jenner,6iuyJO325aHdAiW83oVnpy,193700
Lee Wilkof,0SKowkGzEY1M8xRAJ26qfx,8900
Ron Taylor,0di2hcKQJcCfXTiAd6x1cr,2000
Pasi Ruohonen,5joJhIDqtUHckZv9vVDsUK,4900
Monique,3Jeh7nk8x9OA273QC2bGS4,275
Madeleine Doherty,2T70OjlHkg5KSojbT8bCA7,10200
Jennifer Smith,1goup6fJwQWuGu0mQvwHtR,4300
Kathy Fitzgerald,4UPW83dmZfAXjyV2SjXW3u,16800
Matthew Broderick,67e4oTnYalF7cutrWJB7dG,30500
Brad Oscar,3K1DDIrvoPOfSDkZtM23Fz,79300
Cady Huffman,0maTAXr0VexWkQ5tZ7JkqA,0
Gary Beach,0OckhIDFyA68SQXxyefMcH,58000
Chorus of Pinocchio,6dlfKeSdDjQ8BMDpmy0336,7000
Gisela,6SxnKPhYvkTKp2FtBzh6CI,220200
Manuel Straube,0Jq2DAvV3tdUIrksw0BJSQ,701200
Ilja Richter,3e6shNAdjKsxqMeIKJaP8Z,455000
Rainer Basedow,0eun5te9eflPAd3OdQXtO8,454700
Cusch Jung,1qhHmFpYXyUr90FJcAOgYE,474900
Drowsy Teddy,3aar0hoKMcMy2C5RmCTQ4o,69000
Otar Saralidze,7lhiViY4FEHi5FwtcVgDHQ,169
Latarnicy,5k3oMTDvWHZy8kdEGrvIiL,169
Cast - Cenerentola,30YK5DuVa2Erc1nRQ2QLyY,2800
Igor Kwiatkowski,59qk0HLphdMocuDZsoc0A1,94700
Paula Vesala,0ge5v4dBR9hnYhzEkproFC,2900
Joonathan Kettunen,2pWrDxP3DASmDHrtsgC74b,1600
Emilian Kaminski,5NYewEQTJuj2hY3SamAsom,105000
Chor Chlopiecy Towarzystwa Spiewaczego,1Kvv73aYJ3w5hQizOeg1SZ,4000
Rocío Garcel,2R4SiTDQBbsEJ9TRP8UAZy,203700
Amber,7ItJI5QVxHVWbWhO6SSsI4,125
YSA,7pZhetMkvyM854TzO9YyFd,555
Mellow Melodies,3X5zxBwIu1ihO3HWCCkQOa,0
Angela Aloy,6iFg2ISccxan4CCAGGfict,187900
Eduard Doncos,3i7kQsKmd0cQDUtKqwT83j,134800
Kindy Corner,0BpoZVZh9LH0OrntT8CHSb,62500
The Dwarf Chorus,6oyAC5MXCvdwRH2bpPOmYz,214800
Ellen Green,53PdJfhZ8kcGTOxbfKTa9P,6500
Yuko Doi,3pvSzmwej4hkNWulxt2L1c,28200
Donald Duck,7KksEpdok2fNHMXn9O24lU,157400
Yuji Kishi,4rB1ReOGym4p9AZIzxZKOi,2400
Ayaka Hirahara,0AzJGufY9eXWy5wHZWQ71H,367500
Shinichiro Hara,3PSbRPCWzdxwJciy0M0Z4Y,79000
Sera Uehara,4iiUeBzS0NNhioo2rMYCvR,1800
Shuma Suzuki,6tRLQASxe0Glv4wwybw1y7,1800
Kenshiro Kato,5yAwxjOQqmfcg440rjfmRr,1800
Leeries,0WtcJOTNrXTmd6N90r9dMD,43600
Larry Morey,2RKQ6Ts635MJiPAtJq4iG6,71100
Ed Plumb,7j2CfxxfzMXf4cVlA8QJSO,17000
Jannicke Kruse,2CL3umnhYh3qgGTcm88tAy,4900
Trond Teigen,0OOHPnqIWfpe21OplkMpP9,6700
Debby van Dooren,0kDIEkEG5N2S6CzJiq7FFM,428800
Tommy Amper,4BZxP6A2jXdMWpJTPs4wja,155700
Friedel Morgenstern,4eYd6ZDZ5F9vQ3hHBwLnhz,4600
Lyle Lovett,0zlJDQgqnr9AocrH9gs1Es,793900
Joonas Saartamo,6L6e8KN053HshefCmSQxjt,1800
Walt's Strings,34JbkxT1PaQBjH2Eb9cdho,9000
Peter Edelmann,0TkCd24HVf7wHG7TM6SWVw,13800
Chorus,2Bu3DMTHHdXW4jnhoWHhPa,5600000
The Gooey Fish,3CEUP66Z9wHHDTvxl8IqP2,34300
Pernille Højgaard,3L8xwjaJzFMZYqW3a0axMq,27400
Pernille Bruun,36eJKv9TLs8PRXLM19Q5El,3000
Malene Nordtorp,2ZW3qWorLTH9RbSrjkinyH,126
Ghita Nørby,1y1c5O8MFc0EJ0s5WJUf66,8400
Airborne,4FeGTpiFEaKgQkEfJFrhUA,16000
Débora Gonçalves,2TPrGG2TjBTpKH50dWjX1N,9500
Mack David,4tMrFa88Ah85DwbtjQjohF,140300
Al Hoffman,2bOYhu5rjw0HUYzJC9Plv7,147400
Jerry Livingston,7wRCKMWe6GQPUDr8CauOmf,208600
Rob Paulsen,3oSARazhHRKsb7MfiCPUpY,140100
Clancy Brown,6ram7Ibc9op5v56h2DQmLN,137200
Kay E Kuter,6vmiXFxvTZH0E3F1OlSTqm,137200
The Math Club,2jv20xXmSWuTkPi3h0EelN,56000
David Zippel,5yLnFIratHuJQd9rp0SGYm,12500
Jonathan Antoine,2oYXPOHsXljvSD7jDatP22,54900
Chris Walden,2K4wYwARvDxsbYLKOcsFWu,9100
Gaute Adela Aastorp Cudjoe,3tgN6309tX0nF1EBg4Iqx0,2500
Delaney Stein,4TXbCpBEVlXomcbQmpRsA9,52100
Daisy Duck,3VR3ZcAA45yBP6dWY145bB,168100
Pedro Gonçalves,234hezB1llSvVZqgtLVdzf,9000
Peer Augustinski,2nWCk0JmgDMW52x6GAhWZO,45100
René van Kooten,1u42zLmyBM5mz8w9x8e9XR,39000
Sami Aarva,0lymTtMXrLPWjWXcjvtc7e,1400
Kuoro - Aladdin,4wKVYYMiXIEH4KLyYzUyrz,3000
Heléne Lundström,4CT7zQkjDRUnv0jo2Sa2xj,37100
Lucrezia Cesari,08NQSM73RZpRMhmxolsoOh,51300
Isabel Jacobetty,23pSXlIciWUcOYzZVh9U2R,18100
Bartosz Opania,7C4I3tBfXTpITmdC9Xn7Ww,19100
Edwynn,3XX7VQJvnPuFrCSaHgexf5,65900
James Macdonald,6Wr4qA7iyTKRag1Pyyuv2g,31400
Jerry Colonna,4Rg7sNSGzUzaP1qkc5qVhc,33500
Franc Luz,6U8NsjgnjRLGHbSX0X2MMO,1700
Anders Soldh,1vMa7vSLufTtqzniPXoV8T,49
Gävle Symphony Orchestra,2DMF5PvArh8PhpR1YRDBgv,147300
Alexander Hanson,498OLUGBV0hSPmRHokzvaA,133500
Marcio Seixas,5vTSE1WSBOnN2zhkPdm0Xu,2900
Baby Do Brasil,2K5llYyoLmzpOcbVuOY1ls,1100000
Sérgio Mendes,65c5si0ePAwkOCn4M35Ho7,5700000
Bill Thompson,5qUyUS9vNS4ei4hm7ysj8W,146800
The Rhythmaires,5QHkYrpcD0NoWs7sVR95GL,7300
Jakob Sveistrup,3wWZ2PJ8o62ANVwLVA18mV,65700
Dani Garcia,7JeDHS3VtzV1qAmmIVDAVo,44
Oscar Velasquez,7cn9ypd2fO11p0YlceE568,13
Hy Anzell,0JylaQ3N302P8Qfpt0BBSJ,1200
Jennifer Leigh Warren,1eSdXvYiN6vESrz9icSERv,9100
Sheila Kay Davis,1MtgistI28pALHpUnf1kDB,7500
Leilani Jones,50VrOdzRkj0sE7IZnidONo,7500
Peter Harryson,5wqv2UzbahAJKS2NpjNFVu,3700
Pelle Ankarberg,07sJTHzs0NqNEXJLy1enIc,55800
Nellie Ettison,1U5RrZBtbeJMvh463M6xD5,4200
Julian C. Thiesgaard Kellerman,3ZlQt8qDxHnUUmf6EpQ8kQ,11900
Henrik Koefoed,5c53yqAZk7n4hF3HcD7VMB,35100
Lars Thiesgaard,4SYJw0ZFz6y5jgTArXSasR,33800
Michał Piela,0Fo6hK9rQDIw7UcJUSjHZl,40400
Marcin Januszkiewicz,7hwkYGtvw8dtGvxncSwlez,64900
Kerstin Heiles,5MbinGC6gqYlDXmagC07Ur,31900
Cinderella,7HL4id2U7FSDJtfKQHMgQx,1700000
Jon-Jon Geitel,7FOlBVQTSSGk5HcphfZlJs,1300
Anni Kajos,3JGayPxl4kfMiOnT4b0ofw,3100
Bobbi White,7Mg3ItsyODUBMgWB3gEvHG,3800
Sigma,01pKrlgPJhm5dB4lneYAqS,2500000
Birdy,2WX2uTcsvV5OnS0inACecP,10100000
Wilkinson,6m8itYST9ADjBIYevXSb1r,2100000
Issey Cross,5QrV5Vr4KdsyKtifvD6X1U,1900000
Netsky,5TgQ66WuWkoQ2xYxaSTnVP,1700000
NERO,4uRYpUQZrNrY5t8tAv3XrD,1600000
Friction,5xdizdgbQQvGAgAolGhpXr,909700
Kanine,1KiNUGL3r0GgyLwqYCY1yV,982700
Chase & Status,3jNkaOXasoc7RsxdchvEVq,5100000
Tom Grennan,5SHxzwjek1Pipl1Yk11UHv,3200000
Krakota,6NkoAm5Dd1wguz0ATgZKlF,270600
Fred V,0k3dnuEr9LghUE4jxS0PT4,341000
Liam Bailey,022EiWsch2zvty0qBUksDO,286300
Sub Focus,0QaSiI5TLA4N7mcsdxShDO,4300000
Dimension,1QMgre3BHX161ZHtWMUu6S,2000000
Rita Ora,5CCwRZC6euC8Odo6y9X8jr,10700000
Louisa Johnson,5IHqlcCbQkyhWl0KmIwgeq,489100
InsideInfo,4HVopeHcb4aGTBsfIRrRcQ,46300
Jakes,2hKD3kiR2u5dnyVMO4yV5b,0
Rookwood,0TBFxIPXnzE9g4kpxdQ1pm,0
Fox Stevenson,2BQWHuvxG4kMYnfghdaCIy,586200
Pola & Bryson,79PzyYqAyunWsVH4tY4vpr,924600
Dope Ammo,4PLyMikr67pzFRAIlplshI,110600
Jasmine Knight,62dzcTsEV21nYVDa3ViUEh,11400
Porky Paul,7Mm5XhfDJjFQZMTyAIbKkG,968
Hybrid Minds,05lF0DUkLJqiW5o70SScyR,1200000
gyrofield,2yKb2sD6dystFr0tTmSu2X,15600
Kelly Kiara,32zW7eGmxQQ55TQsuumACX,6900
ZieZie,26XzvosH2cl8Re6KSo9m8Z,641200
Émilie Rachel,5vgh47byX55s6GPztw1V3Q,275500
Turno,71LDDjG3m8BEawHP7f1DG5,59
Inja,4jl7rqDfdaWDHD0RdP7ndM,321300
Murdock,501MfkAIop4dRLvOqjlMHl,173400
Shystie,1dALWnW29ss1hlKMGoxtRW,6300
Sena Dagadu,3ceHJPOe3uPruYejDNWXWH,70200
Twisted Individual,1yJkKFH5pD56kG4ryEWk2H,12200
Tempa T,5itdSz26wZC57bo3dhQTPq,160700
Zero G,4kwZKQWGOawqmfUrQwAyEe,7000
Louis III,4XY7BEqVPyIqRve1CWHTqr,285700
Shapeshifter,4whp3jSWWaITn36r9D4ZLf,121300
Porter Robinson,3dz0NnIZhtKKeXZxLOxCam,2500000
Montell2099,47MGg5VHBSS5yHRuMGt6b0,107100
Dizzee Rascal,0gusqTJKxtU1UTmNRMHZcv,3300000
Mind Vortex,4RNi1zSC1t1nE4iNgTWQe5,53800
Bensley,3SfEKS85dj9v75ROsWJSiL,198900
Delta Heavy,7GvVTb8yFV0ZrdI30Qce6T,706600
Dirty Audio,1WGex9YdmT4TZjmmMirZA8,162300
Holly,65stAzefvkwLeulY8215Zo,53800
Maduk,6TaaqqCMRMSpvNHClfnbEL,353300
Etherwood,3GEUIa3Z0Qlivy3EcJm5RX,390400
Plan B,2jSGzJw0ebJLu7OLVSOcBP,28300000
Catching Cairo,1MW1wqNtF2hNgsPfGDhrHB,855800
1991,2IP71LH7CbwddhsEXBI0fy,1200000
DJ Zinc,1cwlYsgHBYvLzT4C24AliQ,474500
Maverick Sabre,0ukgrNYk51TkMQr0f2Br4Q,3900000
$pyda,3lrS8wukrwOHr2FkTDY7zS,40
Alpines,5Rja2iSIMNhzHMRoKzHKNX,8400
K Motionz,6QYdXToMo4XHnG1AnEVZYJ,1100000
Subsonic,6tCaowKStrPr4kWagX3fno,11200
A.M.C,5DygptUY6coQHpmgFfISzQ,275000
Veela,3CiuuHKIxxJPoNRvF94GtR,381900
Takura,5h7nWgcp5DTynhz4iaq0Ri,110700
Mira Lu Kovacs,0T8xnqWlhMlkQX7fFUFQDr,121100
Goldie,2SYqJ3uDLLXZNyZdLKBy4M,257000
Ulterior Motive,711RACYACplatReI4JGaoa,38900
Natalie Williams,6MZnLVb7yS0r1C3CejYIFF,63200
SHY FX,5oDtp2FC8VqBjTx1aT4P5j,1500000
T. Power,6RWwgz4MtFCHzptyShPC1c,347400
Shimon,23DzvutdyC9J2ZXlovvLE9,33900
Jacob Banks,0AepkoQhYvkjEzzwIcGxdV,1300000
Ram Trilogy,6E3i14HLHEfLnlJjKXoKxT,28500
Calibre,0sklgkoO5JeS7YNhHS5EmH,277000
Congo Natty,1NngQUSMHaauD7UjKuaH2W,158900
Conquering Lion,5ihLdJPtkczDQGJitNiWcG,40400
Reggie Stepper,5jXyw1hN0YcQ7jHeQq1uEk,26500
4hero,1BlBZ9jQGOjmj6Zykgg43L,110300
Jill Scott,6AVLthptCPhfrxlHadOBJD,2200000
Dr Meaker,2Tz73u31G8f4nUjtPOketU,37100
Romaine Smith,2ed3lKTbvQ68KabSp8bh0M,0
Serum,1OeYjH80o59axC1PYRV97m,456900
Daddy Waku,19DWkWsLdFRuzN8naS8cUH,13600
Chantal Kashala,5wlcoAg1EcZWqHkqo2RaTD,13400
Sullivan King,1CXuuw8HJhyN80HlNzvL1e,904300
B-complex,46oL0QioEQMSSvkxxifCok,127200
Metrik,2NCEtX40i9lLNpTg2X5583,606500
Grafix,27YdXZOMLqvxI2pB5GyqyY,612000
The Qemists,2McLd7klWE4UjkPLqqMwLv,182900
Lauren L'aimant,2M2QzPADSybcVig2CBTcFJ,573900
Kove,4cxzGdmQtUZJL1WYOdFQ5F,221200
Melissa Steel,4NANaRSl8fuDZ3wMlQCVmf,103900
Used,4sewbfr40so8t6Zfh9tmoK,264800
Nikki Ambers,01PAM2LxCLL6tflnv7mbV7,107000
Alix Perez,4e6pQ61gYReORJoXcrQH1Z,185300
Zero T,5PKeA9LeUfSjUhy1ja1lsg,53200
Steo,6BDEibpPxb7JNfdEpMj82h,6900
BCee,3wdwWQXJbqpJJbMdp7KfEJ,268900
Leo Wood,58vAPzbpMZAVTHWA1KT68B,667100
Amber Jolene,4BsEfd7CuM8s9tHihEqfKy,44200
Enei,6X3QjCYg5HcTwO5FPVQj0J,115700
Kovic,3ETYLarLqOcdvtea9Cs2Sl,124800
Grace Grundy,3pFPBG84k5bQVbL9apf2PD,665300
salute,1np8xozf7ATJZDi9JX8Dx5,736500
Rage,4mmAkD5BnTWqY4dsMqKc5O,25300
State of Mind,6Piel9jEbV4Qb18Yw1B2dI,93400
DJ Red,3XEPQq3fgckDxHpHhOf9DM,5000
Lester Roy,7l1peIdJKqJfezlY4eRe2I,1900
Chloe Lee,3rYkZsKEnLb1e0VY3yxlbB,0
Ad-Apt,4IjVi2fLGbBTpnxXfGoatD,286000
Charlie P,3HWDXrMIv9K5CbMmnATLmM,352000
DC Breaks,4D5VLxuFvZ058Z5S8YmE47,60000
Cyantific,1fAFVmxFjwB872XsEUomIK,84500
BLVCK CROWZ,6uotnBX5ysB2Y2FIE6FbPg,533700
Drumsound & Bassline Smith,1f6TTocyaqNFvwD4xsrDTh,155400
Ian Shaw,33efc063lJ6SDlp6hGCV1b,8400
Jeru The Damaja,6CsOL9C9iLL0eWKINlDxzQ,432900
Charlotte Haining,2XRjIwgD0UiJXtx7Xzfy7w,662600
Alibi,64AcsjHBz0mv71VKuQfmXV,43700
DJ Hazard,04rhebO91K6xoiXE0XuDkh,89000
Ray Keith,6LWmwdaxswnPZCrjexu80I,46000
Ms. Dynamite,42qLC3FgtazA9AvaIoiP62,249500
Tantrum Desire,7HBMCyflAmijk08T1si9wS,187300
Mohican Sun,7LzWa2AUty3RU0znyhG70N,198200
Memtrix,3bffaBH7akOhsSLsVJcJug,60900
Kabaka Pyramid,10p1CDVyRIkR2ybAu7SbVH,805600
Flowidus,410Yzyq0DmhJImIxqy5wOC,423800
Matisse,77aLk6J8ofnVxa1eXK9jiU,3400000
A Little Sound,1Jv2F8VFJsSr2XKte0vpbQ,748500
AN21,3wPBMtzFP84b7UN786Sxhn,81300
Max Vangeli,6Tu9KiWKN5ENQ2VjGCVN18,56300
Steve Angelo,2LCgrEWfLIv0EhgKYgPLqb,5
Fred V & Grafix,1wzBqAvtFexgKHjt7i3ena,333900
S.P.Y,6aJAd8zM1s3Slw64KfsmaF,388400
Redeyes,6bFVG82TmMLbnFFBqG9LYa,112300
GLXY,1U8nnmbuPk1EpoO7MVgIeT,80900
Tyler Daley,4RZ0xAhQmDexe49EAe28hr,60500
Diamond Eyes,7u7MDzwo7VtVe7FhS3cq8Y,408700
Emily Makis,51ferxocEKt0vjxzUsqyFX,1400000
Doctrine,3XJdOCSffaRYAxlvleKUbW,22100
CLS,2q6nGa9bp7kB0dKnyQTfL5,20300
Adam F,3m38ZSwkLdeBDUhdGnFPrn,176100
Ed Rush,6gj4aZLxVGCdFPMThH6q6q,70700
Optical,1vRz3sCz7iKtrmXK4HB1MI,44000
Steven Wilson,4X42BfuhWCAZ2swiVze9O0,344600
Whiney,4YTBo7qadslqj8V8FMRuqK,393900
Total Science,20X39VOcF5zEpkOx6WrXlY,65300
Logistics,01K8GEMGGxtrQ4xjDmNLPs,334200
LSB,7M5ogsZnEm96Va8wLKvftN,188900
The Prototypes,7F6nxkPQrlh4qWDetjgnpX,154300
Louis Mattrs,7qevodTHcV0rtg9O7ih6nn,51300
Delilah,6J1pbNXDK0BTTMCvaO5xPv,93600
DJ Marky,1rd51IrbtX9DqoU0Zxu4TV,342100
Tinie Tempah,0Tob4H0FLtEONHU1MjpUEp,6400000
Wretch 32,0T2sGLJKge2eaFmZJxX7sq,748500
Original Sin,3D71zH4KfjyILeWehJheDV,144400
Mr. Williamz,3iL52u3kr14P6cTpB0VuEs,211800
Kate Stewart,494OPqLjjEhjKil1G6MWho,48900
Kings Of The Rollers,3OHnTiMsWYjSyj52aKmrBP,461200
CeeLo Green,5nLYd9ST4Cnwy6NHaCxbj8,17400000
Stamina MC,4Dj3ahDCFjotIV1O5Ung6o,225300
Subten,1D7TdByuV3l9cpOf6bGV3n,51800
Celldweller,4BKyei61gtyDFxlKhcvBJJ,735300
Ecraze,2DyMQQF5Qlbxr9VSbr3lXt,37900
Evilnoiz,7eBvbVi70BXk69a1GmneIG,1800
Emba,5scIsOrV9flbeOPUtdv24H,100900
ShockOne,1yShtQaHjChbToQboKRzgH,351300
Lee Mvtthews,2rf0ufpy1NIUGmEHqq27GC,149600
Sophie Lindinger,3b3qQWQgIMIyHcYSMY4P3g,8000
Matrix & Futurebound,41iVQ05he8SrfIWbZQ58N7,647700
Nick Talos,5pCzC0BOLY2MpqYr1qksg2,42600
Dylan,3qRQ1vhDVjpWrSFdk9v212,4700
Matrix,61QJIovRFboNtNFeN1uLnB,810
Luke Bingham,3zDgzBehPybgcS7ZAXe5cE,92
flowanastasia,6AAhs4ooZ8UUIuuhWj1ZjM,182500
Ethan Holt,6oXVsRBjoHgCew4S8GZDkl,84300
Reiki Ruawai,0ZdwAoh3jV19yuDwht8ig3,30900
IRAH,17fY0VRyqRgmqI3dHlE1UU,1300000
Alexa Harley,7vgZqCNS2Nah7tlpo7ZjC4,373000
DRS,0WCfu8x76QX3CjVgiE3Hn2,176000
DJ Patife,1IUEwhqDbKPL95uG68ccyt,85100
Sammie Bella,3vmdsTGvlhuZtNnsoN84SQ,3900
Phaction,33CVzI4YFK6YBZsuxjKhHR,26400
Bladerunner,4yvREhViCsrwclRdBAdlOl,103700
Trimer,13OEeWX4tgUryqonxWVmN4,925
Empara Mi,2nhyc8aipr32vUz8Sd5Gp6,197800
Killer Hertz,3ZP1ehx2m4N4ne5pwR70ih,54300
TIMES x TWO,34XIiUH3vO6p0y8xiN1K4U,156
Concord Dawn,0T2UtAigVjFhAy6gu613z6,24300
Hugh Hardie,0ZlH3VG6iAeC1KVzNz6rqW,180100
Kyan,05qCf6M7E7AxizHVmrcPqh,3000000
Callum Beattie,4uFxymnU41sM7ytUCjuYTN,70300
Nu:Tone,7pDBRy9uWy1zq5b0uXIABQ,340300
Dominique Young Unique,6e9YXVneoNtzARrkVUauiz,10900
Chase & Status And Blossoms,39VUG2Djg3iXA2MpkVPHv2,17300
Fourward,0AAR54Jo4FnVByHHh3BAjw,141800
Lalin St. Juste,0Ly3lk1h5aYHS2N41YzjXe,132
goddard.,3yDDYheQFqfhKZXdjFQuuP,1800000
Kojey Radical,1HMhQzj2QXxR40zGDdaK6y,447600
Ghetts,7zJL978NtANOysfGY21ty6,283700
Alex Clare,5Tf4EH8tDvznnjULcFxkIl,1000000
Nicolaas Douwma,4q9tmvymgAPSty2EiJin1z,67900
Mara TK,3GzJfrTYqGHMASNHNNN7hN,10500
Icicle,7zoCV6yevWc39GUz2v1jqg,35500
Nu:Logic,5pL8Q5xbDLEDE6JvYMXX9u,279600
Thomas Oliver,5ZwD9tfnJ04kM0qgPSMzgy,431000
Rahmanee,0Hml1eaqPJFxqBgTst5jJi,15300
Gardna,4thIP9ruwthrnBaBU9Wz8U,206400
Lenzman,4IKdJSimREJMIKDfvYvJHF,151400
Akemi Fox,6FAh9D4OdyiBapKd1tsb5f,25800
Yolanda,6LHUn2zxDfVGssudZLxO0a,679
Mampi Swift,470XJa6gVffDrBraHtrr2z,13700
Mob Tactics,27NON6lxgoEImWk8z0z1DN,27100
Technimatic,1LhB1j0Zq3tjBeG3k8gq7V,269600
Keeno,6r54QO0889i9vqaeuruUSn,157100
Mr Traumatik,2ZKsAq380W6XWsyWyuKv3Z,543400
DJ Rap,68AFCxLSHARThf2XIYwY46,54400
George The Poet,7v8N36cC4msGrIM2YT4LNC,79100
Rothwell,5uPbfbVvS1knjpH37U1Mgr,93900
James Davidson,1eyorkwMy8ypw2tA5SzIXy,7400
Subjective,4klCXFX14JSVZNQ2vEaLwH,7500
Lady Blackbird,0CcvfJAMRa28MnCnujCdXQ,267800
Agressor Bunx,1OORbu3WFAyYlgoIZrzNw4,22800
ANVY,1mgNVAgWBv1L9CvAocHTTD,7200
Jade,75pcXZRPdEFxCKKfbtdIDj,421
InsideInfo & Mefjus,64btx2xVaZOzdd7eJtgHMp,1
Scorpio,3eFTNcu3kCvIskNzXllI7C,5500
Loadstar,0umDTRGYujQH31KZq9FdrU,168000
Dutty Moonshine Big Band,2aRD3jAqJXXE6luSkvLp3W,34800
Ben Duffy,6MfYv3Zkj5zwMNbUfbAifz,85400
iiola,3YSLjtLPCULe41kgElVrWj,174900
P Money,6WjX4pepHwXa85B9KMk0PY,743800
Lily Denning,3gY5phLoPwEPBcHXck53XX,738800
Annix,0llNeW8Q52i2sxV7DsFASR,72900
skantia,0FZS1HlJfonbMpQGzTrh0M,84800
Simula,2KCmoJZgpL6hNFdT4l9PTl,209300
Cameron Hayes,1YXcpHpeg9PwsUBJwe9fgX,483600
Lucy Kitchen,601g3yFaEu1D7gjvuk9TbH,13700
Renegade,3vBaLrnIgG5WCQ3pTeZexc,22000
GIRL LIKE RENZY,6uvZgO8c1UPUrUuuJhJcik,11
Jonny L,1mNcpWcrGRZUvSPgJDVCpS,94500
Natalie Duncan,65eubtDer52NpLfG8p1Ehr,6800
Mimi Page,1USUeNBNJcg7Of34Ix74lM,59300
Traumatize,5qh8QCo8UGhQdbBahYGAeX,13900
Sublow Hz,3MYAQiUwIQbsP8HKOUOD3W,17700
Calyx & TeeBee,5AXHArSOd9lplw0Y5Qt5Eg,158300
GOLD Dubs,5mGDaDOTwTK4DLO9KDaOgS,36700
Gray,3kPEBSt7qgVoRZSbIXMr7W,201300
Dead Prez,2UBt0GWBuPVXlPisRvWzlD,481900
Clare Maguire,1iL8p9yzijWY1XnqVgHF5P,42500
Sukh Knight,2NskCY8L26IYipQhRWousM,16500
I-Kay,2u2aUtSe3MQ5wZKPszniM2,493
Mixed By: Dillinja,0bWNU1o7PO1Z5U8XlT1ZqD,2000
Stargate,7KUri7klyLaIFXLcuuOMCd,477400
KYLE,4qBgvVog0wzW75IQ48mU7v,4600000
Ownglow,5y0Z76say1n6Vj2mQnUHNj,153500
Lottie Jones,5dScLouYq1Xn2eUlzlpusx,158700
Unglued,3AXcevvp1Kd1KEyHiUEsrC,265300
Makoto,3lriX4PmpCh5PsaPhGt6hr,9300
Karina Ramage,08lRbqt7evEbYvgUlbSgYb,51500
Shapes,1Rv7hH494J8J3Hm2wz0Kw3,771
Zitah,134jXtTPAypiWMWs2OozFJ,115800
Indivision,7JwMjNkjJZxDmRTO6TBg9A,38700
Blame,55Of1EYV7uMJ7VDBG2TpxA,23900
Selah,4vIAVzn13AlgdefGyXxlrI,1400
Andromedik,7miXLG9boDOGHJaEelSL7T,844800
Ella Noël,4ibZB3pfiUeItXDISCdlAw,28200
J Fitz,5fO3cjaQXn3DpDsxlJbmQJ,45000
Dom & Roland,05H1pstZ1Lu9ucH1Xg49aZ,20300
Bryan Gee,769VdTzZ4D6ZwjM6ndHXO9,7000
Teebee,7Cl1dU4G44kfQAg0f69J9v,151400
Artificial Intelligence,3dfQn1ijJNptfREJB2rRd2,91200
Vonné,5hIlKKpuYPLaWx7c9k9Fa1,346
Spor,42EZt9LfgsaF0WHlDC3FoM,74600
James Hadouken,5wEV47ZJOfnJ6XHrO7dy9S,1
Culture Shock,6lp2VnIRXXpC9Wz7hSX6RE,714700
Detour City,22VXCVSTkxnCf7QITZCKnb,197
Ladi6,6zZvfMW6XSPQcIeIdjHccY,139900
Dread MC,2U5JmM5bTJuARrzQYnDAKn,306100
Break,7FtCGMC0pcHPlrZWmYe9XM,161500
Calyx,21Jj10ilqD3LqxZn5rD6V5,172900
Indiana,5fyrUjjVEEHzGVWX1GehEo,383
Protostar,0n8nGcgKnLHVv106g3AfnH,122100
M-Beat,2KDNAkR001T3BGyYYTOSN4,464800
Riko Dan,3bICaFrkiRTZgXE5cMLv2y,622700
Ayah Marar,4xQ2BGOBUXgjxO2PAhrIyS,2400000
Doktor,39Oq22GIYJKzgCbCDbOnRl,263200
Jessy Allen,3dAGepLH74lv3lhEeqS83s,7
Lung,4dT8aT0xJ6plMbNHKIckd1,1400
MC Bassman,4Gcl52gLCpuse5wZT8hDWa,34500
Carasel,4tKJAusQAI9xHrHyDUTf0f,11700
Danny Breaks,1uztVQIpuMEDtDTBoEECOX,9400
Joe Dukie,1stlWvYSCm3sSEIzdKBSeY,85200
Jubei,748MGeLsgxl6GVGuDvHbsY,24200
dBridge,4G1BTcGLvvsItegHSvBH0y,44000
Nymfo,2Pdhwac5oHsY95PeUq6VBS,49900
Kenzie May,5dehztX64sgpHfGE3ooDlg,2600
Louisa Bass,0SQ0nN01v9uBNC5UU52Fda,3100
Brookes Brothers,2FPeVdIIXD9Wb9Kbn1Hyz6,217900
Chrom3,5afDPnkidHjc6e43K9bSKn,17
DJ Ss,6hCo4lPE8hHJydoluW7luI,75900
Potential Badboy,3tgRH8lQ25Totz9QkeyC3n,40200
Junior Dangerous,4p8REQD3j9BT1Oxej0MuSH,3000
Riko,6VZ658qB3goLJXy084ROQs,16600
Hannah Symons,4hBsbKvMMpyNU9QFws3kMg,12
Macky Gee,5EDztvTkyoKtK0ZdEdhOFx,795500
Mollie Collins,5MGgLwsKBivm7H5lJn5xRu,145700
IMAN,4snOTeLIxOa9anlWC3k5cC,3200
New Kidz,0caz1AzmxBz01rJQuGHJoN,398
Johnnie Kage,0FXNR5kzMJSRUd0RApdnpi,34
Neonlight,1dDzlLlakr2JyoK4EtRv5L,25300
Billy Lockett,2lKeiALM1T2TZrOiTYlLNA,445000
Dawn Wall,6gnohqGISFUVpTSqT3TtiO,257300
Royalston,192sKI0OYrv2EUJnSME4bL,51400
THABO,0Xby6OpjBTxkbiGyhJU8RA,170
Villem,3mupfXo95OeusJKhAJVCUf,137800
Phase,3VNrSQLu9M0oEoybY7mL53,11500
Bad Company UK,4AAf6BI1IJxvkqv98mDHin,72000
DJ Trace,6g2ys0ODFeBpxoWksZiZtS,9600
Muffler,4HSQ4ALTUXgWlSrhfc4LNA,52300
Sansa,5ghRItoYhcGjBtH8xSGCC9,39800
SpectraSoul,5OvI3XKz7Y1TJAxPbn848T,142100
Toulouse,4Vy0AbsAmU5l3ZWOxhilzr,83500
Circuits,7loIAgjxRA7g2StMkkogMm,4200
Judda,1CMyIbpQT9MJAJiePNYzx0,1300
Jasmine Spence,1Omoo3SWVPqtEeAtHTqxgy,0
Grimm,0H3ylVI8SvBkNVyZOXAPWO,7
Mike Romeo,5SSC1K7zJAOnA1wBHuZ6fo,405
Mc Risky,4aymIyP1u47opnEiZ8ZAFw,0
Culprate,7q7puZ5wtpfQe3doDb4834,41500
Emily Jones,5taZNlNvKMwwOMZ92DAVZT,0
Jimmy Jams,43KOBQFf90hvto2uMTTafA,0
LTJ Bukem,5Wfn5sc1w3DhMTpU7oPJZL,285500
Dave Gibson,2CYNKjru2NOlueaLY2ti8k,102
Gramma Funk,09dzhikZDQAWGs8jyIylqj,380
Cimone,70Uu0DbDSR5uIKlaYmZIHU,69600
Klute,4QyJmrMigcyftrQ1XwlD5t,15400
The Vanguard Project,4dS6XMUu4xeN5rLmWIqbYa,39800
Voltage,5Pexua3J92rqhQvEqTcRKP,291300
Moving Fusion,4S2udpRV9DTZ2PimP7VzL0,19300
Cat Knight,5MejxX7Qon4giYVtgOaxQu,8700
Lady Alma,61DvlgEM6AtszTLLPP4diu,42600
Prizm,0elWefATNt1GKkpPX2L5bo,81400
Vangeliez,2DyQXcSTZlEiOgIRyxr3zY,7100
MC Fats,7cy71t1F8aAKPjTmt6PGyd,21700
London Elektricity,4CbuwI3bEF7gQOwpxBKtal,184000
Mozey,1h8wkWuZQKyDiwbLogtoL0,854100
Random Movement,7qQ7CInf5wCUojxvfhflfW,16400
A.CHAL,0pkwrPVI8UyXtPkavyJoZ4,395500
Christopher Garvey (The Prototypes),4MW51wVfky3slF1CFs36If,414
Nick White (The Prototypes),5v8xsTDMajFHwqlZOaiepC,414
Harley D,477hz7cR6hdGtsNQ5aj168,16400
Tali,2IzewUY71zuiCmfPZWahxv,9300
Billie,0yULV1zAmxMdjTHKHof6Oo,3700
Fleur,56J9K0PoFWr05v3YkMIA5S,8
Liane Carrol,6LQxilzEUuRTljtvKYCoy3,0
Tom Cane,5iFDzfBI6aebgrb9ljJhme,48600
Teddy Killerz,4xaF2VIGwhWyEMbM6GuLdm,145400
Kompany,7dtX3ykcuyVmts2HQnWgSP,383200
Rhode,6FTHkjqtYAK0uJIKlHNOXi,129699
Pip Millett,1QfEfvB62EEl4upf2ANKkR,1500000
Origin Unknown,6kvXn2MzCLCtsAqf5nbmho,173600
Kyo,5ylOD196qui8JgXBrQUzok,1800000
Becca Jane Grey,779XgHUxFLi635EVxrt0g9,3200
Amplify,64EuuwyWuF2bYlwwrLyN1n,526700
Diane Charlemagne,1XG7dMPAsHbJMF0llUxb33,1000
Ed Thomas,6SLFgb1SlDvGfX0WAZSHDc,745
Lemon D,4K5Dosv1aTGnVJzfv6QilI,20700
BackRoad Gee,51op6E2hjkeutwFhgw32mL,334700
Swindle,1gH9xoeNySnEkCtR2kbPiQ,116700
Todd Edwards,6MFopqejpmTUUZlcRmGzgg,815800
LaMeduza,03rlubJFN0KCfvjKwt25D9,43000
Carlos Lima,3VHto8maJ47suqKqGG0DMh,946
TC,,
Mitekiss,1yOKWVERbo2WSQb9kcsNbH,94300
Gary B. Poole,5vJDly3ke9uk6sMnD10ZmU,794
Lauren Norstrom,2syV0xx56GsDdDGEAMFe24,169
Kellermensch,0kQfuEQhZ0BxRSM5TyKolM,39900
Misanthrop,1ZScOzf2oq1jmPpY2Veuyu,49500
Audioscribe,1zCwEEtlGUmFFAEvQ9jW6D,138400
Mark Force,4HpFW0vO1bujD3CTOyInaV,518
Archaik,7ruTWfQ8WCDasxqjCrPUeX,0
Urbandawn,4Kjl91bg9I6TuhrEC0NQgX,260899
Lorna King,0uwrXVfgTsoEzyJs4qytIC,6000
Grabbitz,4fv1OFJywZ7DHCz3mVQQ45,1600000
Eoin O' Broin,60nVtSD2sQLVxqdKGIcIjn,997
"Serial Killaz, Sub Zero & Warhead",24mgcXlr9XvMjFujteJANN,107
Flite,3w3WqbSrbWwGlnQV4fLcUM,57500
Hidden Agenda,1aBrioyEz42t6dEJacuv4K,9200
Sci-Clone,1RmiIFGUwl4GpgZhqzy0gs,7200
UN-CUT,19wfjcfibjRlVnDERbFZcK,10300
Diane Birch,5m2sKBa2fJAm4P2MWfopum,33400
Mixed By: Doc Scott,68EwFS6uWQd2YcpzE5mvtc,2400
Fiora,2r7POU2f5jV6x3k4vsNwrM,630200
Apex,0yiY4V4VHXKxtYmavkYWjM,70
Hayla,4yX6mpMyBGf9UfvBB8JJrc,5900000
Ellie Madison,6sx5ZfhVpccAfnlLTnL3Ws,867
Smooth,7yRkgZyRXaO7oh1hTEyKNo,49200
Pat Fulgoni,4orbTi5RrMeneA4pjAmMk5,6000
Mcleod,0mEsOKLNGOPE2Zhb6OCYuf,37700
L-Side,3Y59xKAazzqr4AwzF6LYfR,58500
Mixed By: Goldie & Rob Playford,6TS7pjUx85lHFsxyN89635,603
Rob Playford,3AhAethIC5ARbBKYLmqOmP,3900
Nasty Habits,0vwtyGuO0WA8e6jW5dR00u,15200
DJ DB,0XmfAw7YCvMBJkYgxFbzaq,12300
Document One,70E0CLEf2H8hCo06gHJ7tu,233400
Pnc,1vxEjlZ4EHSA2lMheggLuS,37200
Linguistics,5ez11adLi95kAPuxh0RefJ,34700
Tom & Jerry,11XdPK1p3uSxX0qiBy5WBZ,41200
Technical Itch,0KRqdhJSmE5uVSJ2SyDpRZ,8000
John B,1ytr59gpK22MnyvrvOVCmD,87800
The Fray,0zOcE3mg9nS6l3yxt1Y0bK,18200000
Professor Green,0oJM3iJjMdzgsd4z5VHQvw,606400
Mali,31YvE7PTsG5jY4PXagPG2x,44000
Feed Me,5FWi1mowu6uiU2ZHwr1rby,463300
Ruth Royall,68mfV6tyHCTHZrNWNbVXmu,202100
T & Sugah,6jsS2mOTAxVrlSUWiPLXpH,471800
Elisabeth Troy,2PWJP6HKlECQurewX1uGuT,9000
Taxman,7IXFGPfOJUy0UwHnXDTWCe,16100
GQ,,
Source Direct,0fo0tocXO4ZkkVn3L0VZzB,31900
Charli Brix,27Sc6g0Utbc8hvWrzTFVc8,89200
Goldi Phone Home,0Aj1plSc6rHBG6BmNpUL0A,570
Lea Lea,2rr4WqfAdv4xEi5YyXdPQb,1200
Carina Andersson,5q8zzCJ3hvD65pps34URPp,101
Photek,3LEJCwzE1MAryYfOUoPMGI,848
Jacky Murda,1y1C3Fzvy0d4xCGTZLZzKM,17400
XRS,5ygGHl3fcjSnPYYJE9x1P0,185100
DJ Madd,2E3cV6nAEE1Q18ghyeD1zj,5000
Rebel MC,3qSJ0u8E2oU5FRu4jeC5qW,24700
Daddy Freddy,1V6f3JOvc36EUWcIaTBlfD,41400
Jair Oliveira,1kuKDHZD1oPXwVZviVgRbV,105600
Moko,5zclpvahkJ29ftBuDpzrEU,3200
Walk:r,3I6xfumJoqrRpBKCt0qTBk,33700
Natalie Wood,3JTGo8MMuHpzKcwRDuhWEG,24100
Angie Brown,1T94SgNcfrWDaZMOqlgP8F,106400
T-Phonic,6r1hpHLZj7ZwWAin1JZAet,5000
Commix,6B7hlHWFBeEw2LGfcDM7OR,66200
F. Orren,6donO81vLGR6RDkSY1BxBn,894
Zoe Klinck,1qhOtWA3Xu4f2W5ecHyDED,24
Georgia Yates,7B1FCygPQ6nndcfVmKNZtE,0
Bev Lee Harling,319DsabKI98EHLP96jq7oo,2600
Prides,7p5ZMr5FnbH2gujtmKz6Ws,236
MC Conrad,7kmajmVOmbPrFWq3uMHJ3M,50000
MJ Cole,49GY4uPAwdlk5lSGtfKWYl,759800
Remixer: MJ Cole,4V0I0FPRfUDafOhW1MzLBh,3800
Telomic,2uCrvTUHRA9kuW4IA67oDn,49700
McLean,4u4unPAmNsYPO7rtYgWeaz,92100
Underworld,1PXHzxRDiLnjqNrRn2Xbsa,3700000
Javeon,41sCs0Q7zO0ls64jWsHnj7,129699
Tamara Blessa,7gLbU9emwsE9xuxnA5rNLN,38200
Scrufizzer,3JmGsgVoGUN1Ro1jLfi7k1,867000
Levela,0sDeXbVK3kNuzYQlVib9ib,25100
[ K S R ],7BWjWVat8puiUriWads4kk,33600
Boy Matthews,2jn9JOmdrR9BdiR1LTvYG4,136900
Victor Gould,37MrIQfFRvlCAidwFyY8RY,306
Juga-Naut,28ueaNvYEeeoU0z6hFi2n9,6200
Breakage,68Wb5Pcy71lLaKdIB6cBA5,164100
Utah Jazz,1qDIEHxFTJPRYmLO40RL5e,56800
The Scratch Perverts,3wNXkjb2nr9vzAokOZA7oo,26
MC Ryme Tyme,0fvyOcVAB062Wfq3hYwMEu,0
Josie,3dWLlFPmbCVDbFm5wEnkQK,32
Peshay,07ogfrunSUmnsEsPQdRQUB,49500
FLeCK,4yBmmyiAkD8Q12jTwUWmUR,21800
Zara Kershaw,1RlBDEXSFnqeYBx70UxZn2,250100
Phil Tangent,0FsONO4PqetY03az9pe0zK,11200
The Ganja Kru,1GNqYPZX9xWLXHQfHKXXVu,8400
Kev Willow,75e9SRO9NAFZsc3yETxKeI,643
Lachi,07D2qGlJUOVf83OM5ujJZD,45100
Queen Millz,2pFjYsNEe6hIBcRH4PT8m0,156400
Paul Dowling,4KIlM7sZWsr4mvfHsqmyqF,9900
Enter Shikari,31jvzuB4ikftPQZJwrYfCF,777300
Modestep,5zYJziKktyqWwmoAWXrShP,370600
Pete Simpson,3vrzdo6FcdBlUjxP0vG4s0,1100
Slay,3mJPM3drRUdlDVXcc3tA0M,551400
Bachelors of Science,7gaQpWSoE8KlD4OzW6Bc1f,70300
Brooklyn,6QoOCN0DfsAQyCOMKS4eRd,26
Izachar,09w12CX4ZfMxrq5oC48D7L,12100
Junior Baptist,,
Pleasure,4XeVhjTp485r7duDSL3PmU,55400
Fresh,5OrqQQfSZjmgoFMhMdhffs,8900
Errol Dunkley,228y2DiGvQkteqDD2dUZDD,152600
Anna Rickards,536SrcGyLzU2lEJM3jXLAz,0
Clockvice,0KgVymhgHYfOMP13j78XsS,23400
Rider Shafique,3Q0LSoV64A2FTwAFCzyDyq,72600
Jess Young,63In5zxX8xNWPvfrsg3OIZ,0
Baby Blue,1zG1DuedWyFm98fa1iSoJX,40200
J Majik,59hUvYHHq6pDHDbfNafjVb,56800
KinKai,2v3z0sSTauju6TA1GMqiQj,25900
Saffron Grace,5WFLo1zU8TlSVRJSEy8vq6,297
Ivy Lab,3VXCvo9Sr0hbZ4mk6VOKBs,198600
Dan Stezo,4FdqEhl3y09QSyC9tbWHaI,958
Big Bud,0lnpDCX0biYNj8dBVQbj50,81800
BOP,02ZCVD3nqfqNId8lvpvCBb,91800
Skream,2jbP92oFLWqPqogflK1wlW,589600
BullySongs,5YMqwPmb7ViNXM63g1MUH5,57700
Terri Walker,0x8TJV6fy1BwsZUpHJC13S,65300
James Walsh,52HMaqxpP5IFewUumI7Ytr,0
Alice Gasson,5wkyn0LxmKOSFsbgK6RxAc,5
Bossfight,1fILrc9B34DjHxSMkJmyBN,283000
Alice Gold,7npVHrVLcvH4TKywGNehPZ,7200
Comma Dee,2K2k6w3rhyifPmKC4U86VY,247100
Little Grace,70GZxVJGNLGrs1A3zTcmxM,42
Matt Wilson,5CNwdAfwjVz5hM7UQVHYR7,77
Abbie Adi,0RfLxg09sU59h8dxESLv3B,0
Blanke,59Yq0xrABEihHANsfo9QMT,506200
Prolix,3rNP0CUzTxxuNpc3ze8rXV,61300
Nectax,1UV1OG68pz1eNhIS2J0UOf,23000
FuntCase,6v1BAWFVNPbPJlnFHWR78D,62400
A.M.C.,4eOHFP71uCm3FZh7z2AG5s,409
Teddy Swims,33qOK5uJ8AR2xuQQAhHump,41300000
Jon Bellion,50JJSqHUf2RQ9xsHs0KMHg,4099999
Annika Wells,0kErUwb6xgWfkdn0RyZWHZ,1300000
Skylar Grey,4utLUGcTvOJFr6aqIJtYWV,7800000
iann dior,6ASri4ePR7RlsvIQgWPJpS,10000000
Spiritbox,4MzJMcHQBl9SIYSjwWn8QW,3400000
Said The Sky,4LZ4De2MoO3lP6QaNCfvcu,1300000
Chelsea Cutler,5JMLG56F1X5mFmWNmS0iAp,3900000
Whales,5zId1SmYy46E9v2KQsSTFR,758900
Fraxo,2lMv8dtufbOPrrf5CPS7tS,361600
Lox Chatterbox,3SFVIUlipGj3RpWCKe9s73,533500
PhaseOne,0mO3Yf5XIPHfAbHh8yWLFk,302100
Kai Wachi,2fNr4ldujwq97v1jWeqs8K,690500
Joseph Cotton,3Nl5krgTVhE7EPc8Qv8ME7,174400
Madeon,4pb4rqWSoGUgxm63xmJ8xc,1300000
William Black,7d5SfGXKpgS3JK8BFIq59h,735500
Sueco,4iDroUFo89Y7YBsdDTBmTD,2400000
I Prevail,3Uobr6LgQpBbk6k4QGAb3V,4800000
Bahari,0fs8oBR1rx7JIXZi75h7Uu,717700
Krewella,0Cd6nHYwecCNM1sVEXKlYr,1200000
NERVO,4j5KBTO4tk7up54ZirNGvK,1200000
Raja Kumari,5cBFMoMgcAt03YL2r0tS25,2200000
Hairitage,6Cqy862jSCV7qdNrCDqvNK,356800
Rico Act,7MHhTZbxn2XRwXK4s2BFO6,111800
Midnight Tyrannosaurus,6Z8O8PugLuKyLFVkZLQDRZ,162200
Danny Olson,06MSAITCPRhtuJMD4UL96s,97400
SYN,7cEaR3OwxOjKvgUHDsk1Rr,52800
Monika Santucci,5E1FAGKopxyWqEREQblCDA,64800
Sonic Journey,0AT9CtEkxdKh3sgzufAn8D,62400
Miles Away,3V8H59FqUdudlO1Fl019tg,378700
Culture Code,2FF8wcGpikv5RFbAK1rvdZ,556700
Karra,24CzPFC4y3bM4AkUnZfuAU,799000
Riot Ten,2Zxy5LwBatI5kw4uponwHQ,319000
Black Tiger Sex Machine,0o9qzOHuHkGZ3xMFKpMFkC,330000
YOOKiE,26RHyTSsP5JoS4udf8txU5,486900
Doctor P,0tgjwsn1Lpjj8kKEvWm0KQ,240400
GHASTLY,2Sa4c9qKaI7ILJs8D6gUCh,271300
MOONBOY,16r05v3b8WwDS2TYRSlBCm,69800
Kwesi,320LkiSxenwJtoxQ9SZ1eV,351700
Nevve,3RTklnRcfHgkQJwFpgOq3t,966700
SVDDEN DEATH,2u01kCKA5wDvvztuH8lyT0,496300
NURKO,757FXqX0Osk2pqtgv4E5v4,556900
Chandler Leighton,5zUeHMatct7zGjyIji9T4C,1000000
Alexis Donn,5oS6l0G47YindNtVFTzuGf,390
Emilie Brandt,5ooIuCvSBl6Eo4cHixvB7x,180200
Amanda Collis,2RXmfgMl9V8akCT4wzTyE9,266900
Manila Killa,4EukMPjtYsdi87lkU1hIxN,211600
TRACE,4T0QPJFV83O1j9w8y5apQX,500200
Jonathan Mendelsohn,5d1oOpLkM76Tgr2zWMTYkm,691300
Jo Cohen,0Szh8DhUXEL2iujQ9cdS4q,285200
Lusil,1AzsVW3RPGZk0foQcGktHZ,659
Tisoki,0XW7mqhbaQnRtHmwfAVg64,261200
Shreya Jain,4kf4NJ3U6oSZ423DycBpMD,209300
MAGIC,0DxeaLnv6SyYk2DOqkLO8c,17100000
Shashwat Sachdev,465OXuCU8YZNmVG1leLwQ9,25300000
Monxx,2FJC1Wce3SiCCbIoYwVWq0,152400
Seven Lions,6fcTRFpz0yH79qSKfof7lp,1600000
Lights,5pdyjBIaY5o1yOyexGIUc6,802100
Ray Volpe,2K9qsrYnsu1EWt7ZQkkuXb,596400
Ini Kamoze,1VJspRsoC6c0bvqhnSiFCs,5700000
DJ Noiz,4G8KBhoXUkr2GMRNybvbhO,10300
Kennyon Brown,3igAFhxWKhbkKOsPtJVzn5,348600
Donell Lewis,6feZH59Dj4tl1bQ8D2gukz,282200
Konecs,1vlzHG4ajowI0nTwHk8vHM,179900
HALIENE,1sKIizVYeHkGy7Tjmn9QRj,631000
Rosie Oddie,5tO9WCHROfrjvhvTwexMQo,35
Cidade Verde Sounds,2tVU8TVXlrwk6KESQxLwH8,158100
Black Uhuru,5keeQyPKYRxUCKDMECTXG3,400900
Sly & Robbie,6jJG408jz8VayohX86nuTt,470200
Steel Pulse,6UL7BodGc5iVmQGlMwHR0g,1900000
JT Roach,5CtI0OHj5x6rHQDqpM4JPy,276400
Dabin,7lZauDnRoAC3kmaYae2opv,1000000
Trella,4YpLN8ZByubASuWnxWokRT,210100
Nucleya,2CkrXQPoBz8jTQ3u0ZeLPh,1300000
Dana Salah,7nQVHZnQGjMyc1HSOQW7GZ,126100
SayWeCanFly,6nKQmcReKxJx1vUt9g25j6,103700
Joni Fatora,43NRjpCGCIj6GkhnAMdC60,0
Pixel Terror,3DajvNySJjylWpCSeXefFm,155400
EMELINE,4S38gbKfKkEbty2YAIDIlV,1500000
ARMNHMR,0P2bZXPyjHYRW4guHVAFl1,310500
RUNN,3l0H4QNiYYNdIsnZ4JgJAg,353900
nøll,5wtzhSRB6edfUruFWvLxpL,57500
Gina Livia,2uLhOnddu0ZXcZ60SdZcdh,61300
damnboy!,3t96ooAg7YcJQF7lPpcMiU,102300
MYRNE,41DKMtAnhVo7aDeluAHDJg,217700
Aviella,5UA4NsiBgSQICPFMDKcPAe,159800
Yellow Claw,47z7ZrgFoBvVpCnElCE3Zh,3300000
Taylor Bennett,6CqjoQyGZlnhnq5gAUz92c,106200
Valerie Broussard,6eVWXmKBW7Iltub01D9R1c,1300000
Josh Golden,0KkbcLeIV6qDA1IDFJgiV2,352400
if found,39W8ER2QJe2x3pKLIXTiwK,116400
Danni Carra,1y2nMsmj0osjLiXHri15M1,124500
Trivecta,4AT7XlLBevgZIiKvZQ83ye,556100
Amidy,685c4a84PTRlygc8EUE7tV,175100
RØRY,7axZFTseO96HmG1u4ABDAI,204900
Georgia Ku,5mYakBbBzPMQTfkVMIgiDM,915700
Tritonal,521qvhdobR0GzhvU6TFw76,1100000
Ross Lynch,4UxLFBvSr4xMDpHe1lrLrH,351100
R5,,
MVSE,1vaJtw85EDccyv1uf5OoIb,109700
Abandoned,1qs72LBhNBAQGwxFAnlo0x,112100
Nilka,3JED4McgKAqYMqDrPStAxg,2500
GhostDragon,2SfDAbVDU8yzrJeHENAM6O,106500
Caslow,40zwrE4brs61aEleZQ6SNq,69800
Red Comet,7I4m7bzW24X2hhv5oHgYN8,30
Alina Renae,0ijMivCSLUlNYGIhqFXIEZ,201600
JPB,0t5H8FcoVPzn4sVeNxibMU,325800
Yung Fusion,0daSHuKxoXYl50HIQ9aKzt,23200
GG Magree,54pgkpWVgQYbQXD8bkUP8n,261700
Rebel Scum,59aaYbMLU4xeqKrwJSY4tE,21000
Dani King,3IoL23eRnUfAwnOTsbTLVp,168100
Centrix,2zlJujDMqW8Byq5DIuHDco,4500
The Wailers,6uSKeCyQEhvPC2NODgiqFE,578700
Exede,2vtKZp9zZC9YenxW1szzco,72300
Paul van Dyk,7wU1naftD3lNq7rNsiDvOR,1700000
Max Romeo,45QpZznbXYo3nWy0TIhvgv,1300000
The Upsetters,12CNljuN6DW9e5x61FS03b,1000000
Israel Vibration,2Y06xyHPovQ8DWLyVIpSJK,804800
Borgore,7u160I5qtBYZTQMLEIJmyz,631200
Sikdope,3EXfNuPuR3OFEdlyoSutcG,464900
Blastoyz,6WLP1sraOcF3Gaxp7xBa4p,485900
Liam O'Donnell,75aiMKKxzFHGFRxyLwvL2d,19000
Origami,2iGv4H4s4Fmcf92HincJWw,9900
Jack Newsome,0JWzjpVD9Y6AJKIEg1JkYj,60100
T-Mass,0M3cZtjQZ8fz3Hbw1A4CwF,200900
LZRD,6O2ODylN42JL651p1vcIYQ,80900
Subtronics,3NJ94iuAmmMjbszODYT6pO,2900000
Thirty Seconds To Mars,0RqtSIYZmd4fiBKVFqyIqD,10200000
Matt Maeson,7gHscNMDI8FF8pcgrV8eIn,3800000
Bihler,77MKtZJBenvpeBeInbEqtw,43000
Call Me Karizma,5fENlrINIVP0gJOtKxvORt,753200
Vancouver Sleep Clinic,77BznF1Dr1k5KyEZ6Nn3jB,3400000
ggnoaa,6QsF5l51pE1r3GGqrkmHEn,12600
Nina Sung,3IDGSw4dPbHMSnd93gkeXG,34400
Bina Butta,7iByFcncYwzUOf7dPPF9JK,132700
LIONE,4Zv449cAssgslcvInvc0wa,88400
Rob Gasser,1WlxlG9IzXsq9MkneOPkxc,104400
Chime,3hMTYaexWgGkXqvbkt6EIS,111700
Harley Bird,7kXDaUD3imvM6el5qK6tAu,259000
Highlnd,5CI6YfdGj33Dk91IiUge82,71700
REAPER,24kY0bUku58QhWv5WFFXaf,421600
Dayce Williams,5u0wIrbneNgQ9iNw0PEAM6,75600
Awakend,4lFbV0wEuW8ulSq6NBYg4O,43800
Herrin,1cOE2rCet7CGWid3OD5499,13300
Luma,29siAJ78u7y79BYOyh0lbp,202000
Kerli,4IFgewC2urR62Fwt7uAU03,356700
Moore Kismet,50uPj85gZxHFuFOlNBnnr5,78700
WE ARE FURY,44Wi4QHWK4CzACCqCyxo3x,157400
Gallie Fisher,4aTYZNNuByNhd8QLrLMpo3,8100
Althea And Donna,5E8FbSTegbOlYAH4b2rZj2,629300
Burning Spear,6qaKS0nzGP4hfjl4aFZmEU,592300
Nick Lopez,15NoI73ol1fVF11li1RKMB,7200
San Holo,0jNDKefhfSbLR9sFvcPLHo,1100000
Autrey,6PFNxxO39Z0bABJtvqaDB8,1100
Shallows,2D03NzGIqn32zlCG1DViBu,1300
Zomboy,0ycHhPwPvoaO4VGzmMnXGq,537200
MARAUDA,3YLUvWzk9eBm1WrHFlZxM4,116700
Scarlxrd,6rYogEVj60BCIsLukpAnwr,999200
Ember Island,1I5eQkzyM8jCVZIM3k2bKL,515000
MOTi,1vo8zHmO1KzkuU9Xxh6J7W,1900000
Ookay,1HQGhla3VNj1dBmKTtVT2t,443700
byblood,6CscLJKtVuMyNDW9jucEda,8500
Cry4Tre,5J9CiaKsGSzF7iNCle8kzZ,0
Hyro The Hero,54okLCsuAzwltG8zHECNpm,123200
Bear Grillz,04vdWVjgi45nrMAxeCEVQe,153300
Stryer,0bF1Nk4mVQlhDlvXq5P0ac,17100
Meg & Dia,77YbJ4a9IlKX18ck6qoot1,554200
Donna Tella,39czNpwEAe5tGKIE53XDmm,119200
INF1N1TE,3TbFfHyWvQdppfL0TpWufG,21400
Semidubs,7dHdY0Jw2jG0JbrAVTT49L,79
Timmy Trumpet,0CbeG1224FS58EUx4tPevZ,10100000
Wooli,1Uyqa2sdHm1bL5JK4IC4zc,1100000
James Roche,4b2kEE2HzyOwcP1rVNBJPT,29800
Isolated,0RNjWQupfKxee7LJuWBk0S,41000
Rickie Nolls,4kbFvZah1kAfBm1kM66Nj6,11600
Anna Clendening,2y9j8qUwBMGPYPQJJxmYzD,860400
Ekali,0Y0QSi6lz1bPik5Ffjr8sd,290000
Wafia,0FL2d6iFFNAV3yBUbXjZ1U,2300000
Radiola Santa Rosa,54X71c7GFBwZBjs9Vpn3kT,312
Xis,1y8yhK12XTLCbWDs4aLgc1,170900
Eric Leva,3nGB5CMH3IJzDBHjpGlvk6,0
Myon,0nTbVTXLLbBA4xCtn0cFkv,361500
Shane 54,2ITbqEgyp32vL3BxEFmQ1V,317100
yetep,20lmiQy576CSBPz0VJHmnC,102000
Kyle Reynolds,5yhR0OqJhkbQ2y76XUte3R,64300
Yuppycult,7dgIauPOyCkDRfiQeDN4XJ,66600
Electra Mustaine,3NXoNO2BNUsmG9Lmoy5pk8,202
Echos,6SnMMbLQ4iS8WIyt3ksmCR,561500
Matt Komo,5TiBYM1mNE5RHcVJ7pMdYH,17600
Emily Zeck,696x5uEm1nV6xucEZNAbzH,69700
Natalie Taylor,2WxjxdeF7GGdcCK276qViY,1600000
Skrux,6cwRqYSDYwWsLveCcDRhyY,81100
XAELO,4jz58WEDWGF8fy6s58F2nV,34300
Adara,3ZejoaXlP3oqmmTseylLDY,68600
Au5,40WIa01eubnEVkxUHeDZyF,248300
shYbeast,3J2VNcCwzeJXNFu40evXPE,73700
PLYA,7ic9h4HxC9vccg3mk4NRFV,50200
Angel Taylor,6D5xkX8ecb4bGccXqtDI63,9000
Crankdat,5lCekoJW9jNq01B1wiqdAb,1200000
Rachel Lorin,5DfLOANcWMxdeenpJ6Ksd2,76100
Slippy,3gxGPuGK6DOpv7XVp8V6jG,102900
Kameron,7i3Gmd80Y2g3uIZ3H2zveP,414
WRATHE,6EJHbROPUJyJr8fVE3PkT1,11600
MEDZ,61c8McUZCtrU9WOjvFkyiL,134500
Hi I'm Ghost,7IyxUmBgkkV4jh7kHoip34,118700
Silent Poets,0v8kJy6pfyJsO20V77miAI,130300
Leila Adu,2mAD1vjbRy6bhv8OWnrwY6,0
Jason Ross,6CCTvLyIHqUhY6VQizt150,662400
HOLT,7w2d2YiQBG8CPh1lk1qYis,5300
Mikey Mayz,6AEfnpuztTZIwyy7fViTcy,169100
Eek-A-Mouse,6xqlgBccdlxUh5DeJSx2ho,1300000
Mad Professor,3hbnUwHvxyFxeJ9veCzOE7,245500
Alika,0w32WixD69mKW0O6bYwRCt,240300
Good Vibe,3rpzzzuQFoqc1tNhQ3Xp6p,2900
Augustus Pablo,5WwEQwX3ruZofwDDqtOXwI,282000
Sensimilla Dub,0agLuzSqolivghTerHwME8,36900
Au/Ra,1eMmoIprPDWeFdB1FxU6ZV,4200000
Direct,5eOyDcFvvdc7D7BD6gCdsi,168900
Park Avenue,2InIVjILfVHmvET4a35JaF,29900
Caly Bevier,5jMdkF29epK5cTCeMV17fh,37600
Olmos,60cVbnHVILVFAO7tl3crPV,33200
CoMa,3OAmPUVxyAIpRfmo4xiS5A,1400
Floatinurboat,64BojgC4SoE580s9oMmHm4,33100
ELLIØT,3tueKRDOmh7ap8NAIs2enl,3500
Mendum,3rq78lkE1laoELdsHHirtg,76000
Shiah Maisel,7wGFrLo9v8FKS2iWyYx75t,726800
DNMO,3cMInYqk6yzf37zo8iznoz,1200000
Lexi Scatena,6OrvGE61MCrOZJM5naN4Vd,317900
The Maine,4o0pNHbyj36LPvukNqEug0,921300
Ahee,1gbDc1TANALgP8lLvO5UEf,469400
Sømething,4w08hE0AqL4sPFCUj5E3gx,45000
Kill The Noise,3qnMl4DHT4gndzFAcG4FlM,474000
Amy Millan,3lj7jldByrrpUgW5Je8o1p,4100
NGHTMRE,76M2Ekj8bG8W7X2nbx2CpF,1600000
Skrude,5haVH0BTD12sqrvRercNv6,10000
Bandlez,7kIxfmjYGQui2LCqXGLfWA,119200
BANNERS,4qWnlmXWuGv2TtuxtIWlJX,7100000
Last Heroes,3HHfEn7yPOy3IiHS6CHG97,162500
Man Cub,6uku31mN2SKBGAIEM6Umgi,94900
KC,,
N3WPORT,1iyaH6NJWncvktAfUcNht8,402600
Meggie York,0ydORocQawKL2QaPiGG8fZ,32700
ERV ELLO,6uCQQAHmh8iINfwg98z6zn,9500
Matte,02tNJ4ZTGXThzSA5A9QREM,64000
Spag Heddy,043Bey7ngSGRFpJftAlKpi,174000
Mike Williams,3IpvVrP3VLhruTmnququq7,1600000
Dodge & Fuski,6SJnjpekgnONgNtxKeMP8m,192400
Virus Syndicate,0NV5eY4Jzg4ldg2ikGnV4n,172900
Danakil,52MTyKpEJBAnWj1oVNYGTj,529000
King Tubby,1AMMMSq3rJdZtFGnBXEkz7,258899
Madalen Duke,5qElg3REYcoPscmGLy0NmU,753500
Ruby Chase,7z3jWevFVKWVvlSbPVpjeq,199500
Asim Azhar,1ZChN8G1Y7CJ0TXbrvblwS,8000000
Animadrop,1AUZ4SxTPTZL7wDE80tPcR,50600
Dutch Melrose,6NRSfOnXw4qaypEfIV2QXn,3400000
Oski,7ERTOmWXRyme5WJUpXVVSl,75400
Synymata,6mLoXZQPyVJgzOqKLkJQoC,131900
neverwaves,2js39lyEUjoD0x3VxshU5o,140500
Alex Venegas,5AInC7phDPYS3gF7y0mYPi,13300
Cookie Monsta,2uGNBmaWvxF6HAcWuhK7OP,41200
GalaxyTones,49Ue58UGhN03frcpvJsHnH,54700
DNAKM,20N95on2Bu0e3AZyiEUMz1,50300
Just A Gent,1kwGj7uDO5WXVXtQLvGJr0,390700
McCall,229NvsczXKwdH0DkPg4uwT,58900
Oscar N,1T6yogwVS95xfRV5HOiUwc,3400
WYN,1mFo3mR5ZWTQbNg1RgWj2D,57
So Below,2j551jqYq2HQH3R63vtSQi,75800
Adventure Club,5CdJjUi9f0cVgo9nFuJrFa,1300000
Prince Fox,1nf5yEVCfMbqm1OCYpntBT,77800
Justin Jesso,1QDrz3DMMaz3TB1cm0PGDu,1300000
Medyk,7vbAs9frQTkhTyOWWIwsSL,92600
Flowdan,07CimrZi5vs9iEao47TNQ4,3500000
Ashley Drake,2j5xv1bAFJ3Rpd8jNSJrUA,23600
QUIX,19EW4WBhl0fvZUQgi7wV5M,197000
JEN,0W3vvclSiOIHGPhngfZVy6,9200
AYMEN,28TqrmNSPiKo5w3WVb3A3N,2800000
Elijah Cruise,1dC7yaLK1qEcF8xq5GxSxy,28400
Micah Martin,4i8u1FZVapjZBcCyyrAnU3,341100
Red Lion,0p66KOOz336ydp89k5YdBK,21
Datune,3VxvjT0uUQE7Er65Hifwwd,40300
Mija,1NpKmfDYMhw1KJIIUCsX4O,100900
Culture,4DbtUTi2WsBNdruAZL2pNz,532900
Olivver the Kid,3SoOohS0zlj8nLdGmhrKA7,224200
Quinn XCII,3ApUX1o6oSz321MMECyIYd,2300000
STUCA,5W9QwHSJPJ5blGIyn8nSUb,51300
Gentlemens Club,58MEqEE2029jp6KTWTt1hO,122600
Tima Dee,4pQIDKoWXRw04D9e37QzbP,539100
ATLiens,74RET4rCZPTGzhsLjD0i3g,666700
Badrapper,1Bl3QCicq2EeV9mY4GLtBP,29400
Boy In Space,0xu4jAQQv7ZAqvFGdc9HgP,554200
Papa Khan,7DKYxh9hbhtTdPRSubo2iM,35600
TRØVES,66tyfeU6ZerzudGCX9mXcg,48300
Hellberg,1kgxTtyF91VaqLD3J6Krd5,160000
Aaron Richards,635Ty89ihpkpWMkLQ7dlsp,492400
12th Planet,3V1h3kAdiVDBiwlY2i6dJz,123100
Barely Alive,5c3akKV3CUqAVOnGZqf4S3,277900
Chibs,7EtR2SuyYKtyAxPP8zpgcg,61900
Disciple,7a3OvvhvAvZ1FZE928i3Lk,75100
Eliminate,6hBrJJrcYoNhvLC6KaFR4b,218800
Infekt,3I6KMDdmPiLE5UQ4XF8Kpl,127200
MVRDA,4AoPvuN5X1A5xeCfZXRQY3,54100
Myro,0ZgQaqSWlv12QAgT4CdopF,37400
Oliverse,3fFMSweDNwFGyHcxjN7MWp,209700
SampliFire,57gGqESEggWfCpE3KOzdVa,439000
Terravita,34krK3AW06onvB0x7mfkkN,50100
AXYS,0YFzKSeyTbP427lJN7t2Wj,2500
RYYZN,54YpMpAIJC7FV2toZvVo5f,90300
Jay Mason,0dS5IlInNc5Qq0wIrFTKob,610100
Forester,3d13oWvwmjcodRr3NzdArc,661500
Elle Vee,7b1FMiWXZwOBsxi0uWw6wH,203100
Tom DeLonge,5h7oZ7t5CU9lst1mIrjp3R,164600
Angels & Airwaves,7xklw3WodFZiNNmQt3DIgp,945600
Headhunterz,6C0KWmCdqrLU2LzzWBPbOy,1100000
Dubscribe,2jQWqQ0Z06KiQnysJHn5Mq,51700
Qoiet,7vlBJhLIORnTMtC9ZKcTFo,82500
EMOTIONA,6v9A0yzIHthiCg6X5teZej,5000
Venemy,3ufl7njCaTxUVsCthYBBfi,28500
DaNica,26nSPDtUyRyGk3Ut2OSI4Z,12
Markus Schulz,6OO0PboZcIWUWL7j2IyeoL,563000
Eli Teplin,0WcAIG4jcHAwMBbCgk63F4,7400
The Gladiators,3L5iYAziSDnuaHsSgbkcIP,488300
Eptic,4dvZ0abeUaiHm7Fu9Gj0PQ,262600
Kayzo,72iCiKwu6nu6Qq9emIwzYv,760500
Bad Omens,3Ri4H12KFyu98LMjSoij5V,6800000
NÉONHÈART,2kGEd3OUoUWgCmu9cIaBXV,613
JVNA,0BMfVLB7t0VCzNBZZKBy6A,158100
lama,01M9LokQdmZvlAuwBLsYYH,93100
Neutrin05,219vvFf3eeeiUj5aJNZRDv,18000
Jadelyn,0nfU2YxUfRQxknJWo3mQit,4000
Asking Alexandria,1caBfBEapzw8z2Qz9q0OaQ,2600000
Dayseeker,5FjQVp1Lb0kltmwIuu5kfj,2100000
Ace Aura,5o2KBzYUFierWmBhSemAhq,53000
FREAKY,6sYyA68IIlFTfDlHzDFlGT,28400
Shaquille O'Neal,67RWyN1fDOu7WuSTIi5hE7,336500
Daye,60osBGZW2H9FtEecIfybMt,111300
Nimda,3Au3D8Hsiy5B8z4C2uH02h,70100
Gawm,3bce1zPmITQ2MGdCxGaSvL,13800
Frequency Pusher,3VCKNFd2r6bFaSK3DSyqUT,1800
Kurupt,6NyJIFHAePjHR1pFxwisqz,1100000
Daz Dillinger,5Jz9kKRnCRLTodCH58MyB4,200300
Tha Dogg Pound,60CFNa0ggWjV8OSDey8aGT,616600
Luvaboy Tj,7gE5hIAnB7EXgQUMhjfb92,6100
Tashay,2WnMty8llFtrXrq3yWG51H,2
Isaac Warburton,4PZIzA4TmZMBMDg2soNTQk,3300
braev,7mGCESDlw5ChfZQTQ3eUIS,583200
Monkey Jhayam,0end52Bo05b77nGuiLoApL,0
Prince Fatty,2KQRgrZISaDwQNpiLUTAnr,308500
Shniece McMenamin,44odrjJUepZctaUDynBx8E,13500
Horace Andy,2ieAXAuLe6qQ3RJsqCxpoC,305100
The Paragons,5sCZ2Gc3nZaE3Cav8WG7WG,284400
Pearl Andersson,4EoSEUWlmLpYGHGNBoThiM,1800
PRXZM,2uYisEeWBn5hp3e8ObdeUV,49700
KDrew,1DLsogyGi0pwPtwV78D8uZ,104900
Emma Grace,2oMwJW1FoY1nbjtIkrVRuS,1700
Rock Mafia,4pzAvicKWenQtv9zIQim47,914100
Aaron Shirk,70P7yFhHgxKx4SMe6JCNOW,24700
Aaron Trinh,2WrXiw3h47V6pNcYKanH0g,3900
Rogue,3zuevuwyBq4MiQzPB3nvW2,148500
Kaivon,55FVjkpZs1zuo3zqBgrKtC,316300
Olivia Lunny,7542b5kIvrKX0Zvp5iNpl9,109400
Rootkit,01olvHW7uzIInQx9VTNuJm,334600
Anna Yvette,2Ndq6RparrhEoceel7LC4Z,466500
Blvk Sheep,1iFDlldazsxhcE1uKnIsXr,9300
Victor J Sefo,2C1zgkYFPzuU7GBM66c1S9,188400
Rikki,7dPvNQonq3oxOG57yWko0c,0
Bunny Wailer,389zc5Rwe0MPcE6mSF4AjC,446700
Robert John Ardiff,6EGnIjpNcG5bArBuOxcgJ7,12100
DVRKCLOUD,3d5iL1jm2HGMJS1woaIohE,25000
Jkyl & Hyde,23AH13eC6V0NB0QCkV6206,617100
Craig Connelly,78UUH1buA0gDtDnkX2dPgL,265500
Panache Desai,7C13EKAZccfhznoOyqjtRJ,286
Ishiban,5Baev1xfVPyb7NDzA70tNI,15400
MTZx,38SyTmaiqF8l8gg5SUy1KM,9100
Mahom,3GO2chm7Si2LKxukpSrP3K,172200
Spelim,7gR2eKf2UZzYX7N3yY89DR,1400
Mark Broom,56HBXB2JoYhf04oMeko90l,120000
Absent,07XaX6Avlobw33v76hUWRq,1600
Jeru Banto,4f8lS2CUS7KiRDPgoRzcEu,98
Dub Ataque,50WcToXLB33txU8Tse0ITY,10400
Helio Bentes,0BIwZsx9BET2BstY2DRa9x,62500
Brayden Kehler,3zeqx6yd26krlOyp3dYrqw,647
Maratone,1hVS5JWJxeuMiu7sultgO7,23400
Illitheas,6kk5quJm75j3nOMvXUfE26,15400
Pinch,09S8AYFuaa9PQKSNsXxweW,17700
BH,,
OST,6nd2xPiNkapZHlg6UvIVVx,31600
salem ilese,3QJUFtGBGL05vo0kCJZsmT,3200000
LOUD ABOUT US!,2dzPIX85Caa0lYCBPvzMEc,13400
Staysick,45uC5ia7f1oj4TGlOSbtC4,22200
Cozi Zuehlsdorff,5wMfct6VVvaVQ8xGCXxIUa,2700000
RIOT,0qPGd8tOMHlFZt8EA1uLFY,413500
INHUMAN,1jz3C33xzlR7OPCIPKe2dH,388
Kid Bookie,7DiLiJ8nji6DslsFSzx0IV,48000
Lizzy Land,1Cg7AdS9hOJBqmGUdbQ6Ux,793000
Mazare,4yzZdtb9UicgY2M23eEtL9,148600
AERYN,1EgawfnWJT9fLV8CUwsMV6,762
TwoWorldsApart,29CTrnvjIYocNxv66Umt5B,53900
Boyinaband,7kfzadZaOgR90Tp8OYH5gM,215800
Titus1,4dCWLsP4fsgMjs3zcNq3TU,14400
Barrington Levy,5mMuiFhh7faS7qxnTLRA6u,2100000
Roots Radics,2tm55XgrmiuDC0RBTE9AQT,141900
Toots & The Maytals,6ZFv3wQwwWPiVDWhv0mjQK,1800000
Earl Sixteen,73TNAImtt021hntBpAxB4W,61300
Jota 3,0TAZKXLEDXgVfuwE58Car7,5600
Groundation,5L59UhTBOeIRPxF5umwC9p,434700
Ryan Exley,6QKIFtoqBYaNigkPHIk5x2,15400
Skyler Stonestreet,1sY8XHjk6WoA2B5YIGV1S2,367
Grant,2Hchwjfl1DioXcIwbOJkus,345100
LAYZ,2ozQcs5XxFaj5fvA02zhwo,115500
Tedy,2Iyxo030DdKWKmhhEaS22p,95600
"nothing,nowhere.",7FngGIEGgN3Iwauw1MvO4P,768800
Burial,0uCCBpmg6MrPb1KY2msceF,411800
Michael Zhonga,1FeScSe5coyXzmJ8ATtj9O,12400
PsoGnar,18F4oSUUPMcYHSZZ2INjcf,33100
YERINMYWAY,3rFD5D7A6pcpypRVh0RpbE,6500
Nate Mitchell,6BZ95v49blNg8WEsuznGno,17200
Urban Cone,3WOOglGBDGvr6c2WBeMAWn,123400
DM Galaxy,3uKSQRJFp1pnRWT95Yso12,38900
Tyler Fiore,2qz8iDFpz4HGq8WfzjCaEz,8200
Brenton Mattheus,5L3htGbUwUCPPhVM2UtdTY,279700
Young Go,1QtA3k2oPgWozaBE4hrMMW,154400
Derek Joel,46OtpY1n8PieZ55v1gujZJ,2000
Panda Dub,5DkgLMKJNj9oYAgbZwzpLo,212600
Harrison Stafford,7b0kZOa8eaHfrmZQSajWNK,56400
The Revolutionaries,72kiVqCJIy9eOnmLp8r0h7,32400
Produto Nacional,1wwsV0zRbcomBtZ8KEDR3T,3800
Lowell,3MJ2o2vTovueQARKmOzHls,83900
Space Laces,37PZXblQTqpEWGdjctNcGP,368800
Bella Renee,7od8NRvfdfAanx6IcY7JSa,255600
H&D,7lHJGLY9oGWjH6j05BLnt7,5000
Nightcall,3xFkHylXN9yHzwCQBypRFn,51800
CHENDA,38HqxBtUpMunEP3kKLjEby,98200
Champagne Drip,3mVwDyQRNVMy3ZNuTabf6f,299900
Lucii,3aa1GMnXua8XTpaTcozfKR,201800
Magsy,0q3EgthLn8GR4UaqU0iRkn,5600
Astraye,39SnaRKuNHYldMDLx8mLc7,7900
Azuria Sky,5SqkdSX5Rj9cRrV7fqyLwD,15000
SHARPS,30RR4Uiy9EYzSpayWwyBj8,8500
Hashu,75QUgxuj2iUvMKPF9uE7ll,8000
Bok Nero,7rnzdGq1qPizursGNI1P0V,48400
Kirk Cosier,1bzs660RfpPKlrRPE9lbp5,6700
Cheney,1GkWmDNLoKqIPnS5w5cifO,5700
OEKIIN,4lCrbeUQSDPqegDkqrhKCL,26800
Steve Brian,4xSQ9zt3zGyyiCXazv4mhf,126600
Peter Tosh,0oea1hwGMfUxZbLxJc1XUN,2000000
John Benitez,04tkc4IcAn3q0zy1C6oWBI,1200000
Mungo's Hi Fi,0Ism1B2cF9NxpXAwdUCkxK,425100
Warrior Queen,6MGlEnPgJhFkC8P8DdKtsT,22800
Soom T,0Rb6PZXrcxvzixAwZwFmMu,239300
Sonic Boom Six,3ccF37QB6LC4LqUfvtn5qb,15500
Third World,6qfKnsgz1CwyqA7lTdieRJ,914400
Kala,539sGCQTIrDaAnfuqYZvDh,30
Misdom,1DbEQeF7ssOqCMwr6B9jPt,22100
Syence,4VfTgWhy9PKLJN3xKJcDqf,282900
Danyka Nadeau,1bZhxzq9mhYkPf0wdxGko9,84900
Our Last Night,00YTqRClk82aMchQQpYMd5,2600000
London Thor,7to9vdVy94a46Z14O2MmYr,136000
Linn,7dBCrFptclaFbdOrEPWA2y,1900
D-Jahsta,36VkN1Y0FlUGpUG1GdGEMb,2700
FRANK ZUMMO,7xN9WPokBDyU1yTL2nxmjz,435600
Misael Gauna,5Rs3HdltckAcvfuWRcE0Wa,9400
Noctilucent,1HE19EVn5Xs4qlNY4JCuJJ,11400
Rusko,4BTcOR2hEQZQQL5AMo5u10,378400
Annie Schindel,4wSUq2vI7L0BzOQ9pTgozP,30600
Vibronics,1nLw9CVpFRIjloeNQZteT3,79100
Richie Culture,0aQcbWqpKUCsRLjGvf2lfJ,714
Sarantis,2ndSZkAY67i7TLI9bF9Eek,37800
Boogie T,4zlw0jXUzd4dRcqI3Y1OiY,286200
Natty Jean,1IgXOfbYeQdiYdEOsRN8Qf,22900
Misty In Roots,0LG78C5Mu1X0GpyqrjiTJd,42000
Eva Lazarus,68eE2HHE6By6hOsOcsArcp,255500
Pablo Moses,6EMWMUO2B9Nt39O7SXdZUw,190400
Ijahman Levi,00ehjjBKPyX63R1NrlAZMW,126300
Dillinger,5J69edy1luLIzbgyl4u1Dv,85100
DEELYLE,3ui6xKFt5raYplPZ0Lplbs,34500
Charity Vance,3r54nyZ7wnsAdwmJhiOITJ,14600
SCHALA,0jk7HHrwqq0Y3Djioelf3m,21700
Jorza,2QQUtKcJQ0bkubS0Titmi4,24900
YMIR,7MxaflmSZI1igZLk7Rg2LD,348400
Carnage,7CCjtD0hCK005Bvg2WG1a7,860000
Breaux,6DvUC7ymmpFoJ5BHuCoSpW,9600
Tasha Baxter,7sLv4bED064cYa2XhF85og,97800
Shockline,10zbpX1YXWNu4v91dqPptm,76900
Haley Maze,5PlcCzule32PNZ0ZzXD6Ug,371800
Monty,1Wnfj5qZsp8nPsGBBRRa4W,190900
Visages,1QEJm4mWKmrboH7if0CYoL,103800
PAV4N,1csMDtU42ZYNaqadbA4TAK,80700
Strategy,5EkvvANKznoDO5bi8W7nXs,5100
Kuhlosul,4xSAcIQ6LiD8MwJKdlKDfm,6400
SadBois,2ZH041yMjGFX7QwMxkFGZJ,498800
Tom Konway,6ZoXmGFZTDpit3AXs299bl,312
Livingston Crain,4RtqDXilSr5s7rDH0t7oRn,81000
Courtney Paige Nelson,2ZK0XNvxt6Fz2lcXHGl24r,13500
Soltan,6wIbmO0mcpIyQ6CFXIJmIy,38400
U-Roy,4aCH6cwaYahrWfJWqfEfra,584600
APEK,6jNwV0P142cXxXanOl9Ylo,111000
April Bender,4nEs5Ln0E5g3UtNu8suntA,130699
Midnite,2qo5BOQTBHXYKcTER10pRZ,151700
Pressure,3E0Av6xEDmXrkjkyv2dopg,201
Delroy Wilson,10j5vcbnSBWXZ1WYyv2a2D,243100
The Skatalites,4og9jrin5xH5JiFPbeGUPb,346500
Dennis Brown,0UmBaQJflaHddKtf1lrA6F,1100000
Janet Kay,4D6CqTx48E5t6aL411Gl3F,84100
Derrick Harriott,1ht9oSlPiNywrg22T2sM8d,191700
The Meow Meows,4jmu97IaZOMxhlRCHEtFrt,5600
"Lee ""Scratch"" Perry",1TsG4AumsMt1Tcq2nHpov9,452100
The Congos,0nGxKkhmIzyu6bvuXrko1e,484200
Vincent,7ymczLNmjz6AVMGApVNWbB,245000
Riaz Qadri,7xL0WrnmFNsnjfgCcXvdLS,2600
Ghulam Ali Qadri,0xnOwJXmtgiBD61tB1sJzg,2600
YOSIE,3uSFIs8rPUcRzKliQ6Tel9,16400
rx Soul,0YEGscCXpFGt72yQXy4aZD,12700
Easae,70eIEfuhPsdn3ggtBz3Adc,7800
Chloe Angelides,79A4RmgwxYGIDkqQDUHLXK,79000
MYLK,4o66UJPzUonUgENhbqpHRX,168500
Gryffin,2ZRQcIgzPCVaT9XKhXZIzh,9600000
LOCKBOX,6ETKRqkr5XYpQhL35bHmD4,3
Pauline Herr,66VgJGpaRMwrNaS2MPqIDf,121600
Vo Williams,18KIg6ST1nUjVUvAlEB6ak,300500
Marlhy,1fvH6NeNDohKGKwvRiebRA,287700
Justin Jet Zorbas,10G9N5ABjyamTFBEAsquNs,45200
Inum,3TAGwIg5m6pwHRuBMvtsup,9300
SirensCeol,4MLO0CjZZIw0FgBDGnj3K4,23400
Outwild,0GABmJRgNaIyOYzpslzG2W,53100
Lemaitre,4CTKqs11Zgsv8EZTVzx764,507700
Thoreau,0mXq227LEoIqWSv4bTuGe2,35500
Nick Ledesma,14TpyioQvZ03yjHmfzAjoY,25100
Natalie Major,1s5IKI3WdVj337WYpi4GIZ,26700
The Architect,6Nshc57LZ1DmAhOtXJhvDp,1000
L'Entourloop,63vMehdxxRWq9HBZHskapk,1100000
Skarra Mucci,7kV4pmJgdYg4Cn9ZK98Fky,540300
Black Roots,55XwWLrUyhWdAK4gULDJ4m,136800
burger/ink,3x3wGSv3Xm8xtgXNe6hq99,25800
Faintest Idea,6EAHHWWIgTkMzVNcbVZYdE,5900
Amanajé Sound System,2ruPCAhqlVx3qKLssP4WG0,4000
The Skints,39k4UDTgsWe6NCi6hgnfc1,80300
GRiZ,25oLRSUjJk4YHNUsQXk7Ut,1600000
Dirt Monkey,5dNqUwGTZcQQ09ecTKkCGH,149900
The Ethiopians,3TUmwNx3l8S2nCoGKqIhjA,160700
Asha,4nUfoOwvnNNkSn4fwJXN21,547
Boston 168,2C5ZMi6drXQAbj9LNhzZo0,63700
Veer,58wjOQFamj752bO2Bbjjug,2400
Julianne Hope,2ToMcwd6c1EfzUi9LMyNSP,189
Crystal Skies,6HraHl4uwIQFixUu3J49BK,152600
Dani Poppitt,2fSGqh4BJpl0T1LHtd9TQ8,592
Sound Remedy,1UtzKaSQyctQO8GN8EyzOn,71600
Karma Fields,1tRsdSvjwp34PDvcmix6SJ,142700
KLAXX,1sg1SPREm84p1TlfjABfnp,41700
GLNNA,3X4wc5UBBeJBehpL1E8hQG,32500
Carbin,3tS6ulfeDf1F3hqxFYud5d,50200
hayve,6HT10ZbNJFIRYirBe3PTxs,119700
Herobust,43tAs3kRWvyu1B7eZOv2pp,100200
Sway and P Money,0SCuayoVSaeoiEvX9NfwGX,0
Thrashout,06gQPVgdmLJUAo4HdW8oLy,14900
Leila Pari,74psZWrKKzR4f9mplHXqJb,11900
DROELOE,0u18Cq5stIQLUoIaULzDmA,570400
DotEXE,2S2RMiHABGxAQqdqwUN5qF,46100
Feminine Hi Fi,08laIjxw0UPPV3goCP6BIT,1400
Sister Carol,0V5QjeSrcp3sxp7GaoCOie,17300
Laylah Arruda,0o1Y8bazz3XXeUqerefrzo,9200
Shirley Casa Verde,0tel7Cfgksmzxs778bBuUl,53
Mis Ivy,6xqC9As7h829JdYuDtZe7r,6900
Lei Di Dai,6b6Qg38rDQehWzQjEHfXdc,1200
Hollie Cook,1fwuUuFbqXJx3B17PUhFCE,743000
Alpha Blondy,41ekW4MXG59xJMXR8dX1OG,1600000
Half Pint,2ohR2Q6zOLBAMmtbENRHcc,2700
Pele MilFlows,4yD87xPlmub1RIEr59ZxVX,0
Benjammin,2pDy5qJTsBmpMZpFmZMYWw,1500
O.B.F,604A4NoZD6dhL4VPfv2wB5,455800
Crywolf,33o00sXuyWiApOFzo0vr0z,248900
Leah Culver,0KEExJc1NKwmzJxQHbbkts,37000
RZRKT,28H813zcseKDMDftpws5ZC,49400
Nyptane,4QXFrRNjE1fwA6aHbPUXTP,28400
XO ELIZA,4mNrLQqLseX2Z1sEgvhh11,34700
Amba Shepherd,4RTCIP5yp2tL1AtBCq7ukj,174500
K-NINE,4SjNQ0BKhGoMT7ot9wljKp,24000
Calcium,1s6bMklFjSRcrMy2FtobWM,125700
RetroVision,6heMlLFM6RDDHRz99uKMqS,337100
Brassie,7mEgHnF1FvDGiUg2K1Pt2n,29400
Henry Dark,0M4do843wHWCjVlomVjk8F,7000
Rosie Darling,6kDXH8d9LugUAsHIozzDAI,1300000
Brigetta,6dAOkHEQVpVD8mFj7OQv8M,3000
Codeko,7FZKXzbyCoai0fEh65kZKp,330200
Dylam Matthew,6Fatf2R7t15JSBnbSBW740,1400
Roberto Romero Malfatti,0L9bQVDLfUPSjDrADHonT1,0
High Tone,1ZWDySC1tbFgkDexxJAM4C,79300
Zenzile,3W9EL2Dp6yptDXJUCrd68X,61200
Joe Gibbs,4ekhrcrW3PAAoplC9IxnBx,45600
Maroon Town,0ru0XV6MqDabhGmc2e3J62,4600
Macka B,2ph6mRzG0lANVJRBTUIxI2,208500
Adonai,273daTkj1idg3z0EHxAJ6C,5800
Dada Yute,4mZqYlVhIZJnJtbF39kDjj,199500
Big Youth,2TdzGitZtbe3Zw3BB4SFEH,255700
mossy.,5Oa6J7gYOzQGaJwFQ491Yr,3700
Gloria Kim,1DUd25ybTBglvAohsXTmBx,312200
Trampa,31DUXycJt0YIBoMXLI5UdV,47700
Arkana,6IELx6XGZcbJE8uNDPO3PP,40300
Polaris,5MOQAMudR22V5K5P9rDF32,47100
Ehallz,0xOo3C7mSM5jl3SUq3XtHL,22900
Rameses B,06EfEcjc0vdvI6VNL0soIO,293000
Øfdream,70P3LvwslDBQicUfL2Ix02,386400
Hex Cougar,0AlNB0yIoyxdKloLmK9AOR,112700
Alna,42CbYw1Y9fAdCr6UND2P5f,274200
Ruvlo,3nqbWR5FC0RSkS9kK1aalW,73300
FelMax,3oLY5NvzasiNds27QLs9Pa,43100
Vili Langi,3METshtr0s5Bfx4GdPAaKS,64000
Scott Stapp,6HySSUk2KthFj3bd9R61ql,122200
L8NCY,749cvAxS1Mb1jsqATH9tlD,12500
DRY&HEAVY,62QeQziEV77YPt1nL1t6ur,9500
Pillow Queens,7BDvurihyagH0uSPNDJX7d,33600
Joe Gibbs & The Professionals,3Vu3veu71fkooIRUtCcRwK,40800
Ondubground,3ZZ9BwdWrBRhqNOvJ2ODNd,80600
Chill Bump,4Dg91FdjVPhAehoV0IBeLd,440300
Crenoka,3OOzuCj2DqT9SsgLVjuknP,1500
Easy Star All-Stars,5FWTu1MZdB5fjKif2rZldJ,287000
Mykal Rose,5wdQ2IkL8WASlcyt0x2s8Q,126900
DubMastor,0VUkiwX87HzORL94ilp0a6,0
Lexi Norton,4jjDncozkOf5MTdXPkBYdV,7300
Daniela Andrade,0WfaItAbs4vlgIA1cuqGtJ,1000000
Alice Berg,0YdFvpH7MvXv5vBsfGvt7g,8300
SADBOii,1fzPKzbxV0zBhhquKXLisN,9800
Blackmill,08A9f7wRecEKFGN2PoylTl,238800
Cammie Robinson,4CzzY9kG8C2BLOuTuy3oLe,486100
Crystalline,4NRLMX0IRHkm2qI1WFLxHZ,86200
Essenger,3vc0JWD1Nj1VLrgJ1x3cjE,281800
Subtact,6kx1NiHogZzkSU7lHMc3Ow,97800
Jay Rodger,2PXnnw0tSUW2dYFOR7U594,8900
Kill Paris,6BNaPZdAIZAJnbgJRiZz2w,100800
Kozah,0g6PJw04eyN85JxQAGGdF4,54900
Kayoh,2FHV97AjOSu5Fe92kIGpjD,46000
RBBTS,3dA4z26BqCdMWynoHMK5l8,51500
Savoy,25vU5DYwHIHhg1ViWV3SJq,68400
Shuba Music,6tXFIlorHN5HolTZLTIYeF,3700
Katie Sky,31bkgXHo67awewnmvrdsah,307300
Andrew Bayer,5dFuu05x8SPBuymudrTBU8,351800
Alison May,6jd3NCxzDeLS4wAO168T60,29800
H4RRIS,0B93F8wNkvt3Md9FYNsOzd,121200
Mags,16HHG0Dn7nulG0F8Gvm9BU,4
Devon Baldwin,5JYReWgOGu4JKm5pqmACqG,29100
She Is Jules,4XZ25UyxKA59Pi3d8WV379,218400
AFK,3eIM4tCQTGJXb0RDPfF2wL,40200
Fatum,3pt2vTpH1eI776oDZT1G2C,74800
STRIX,0kjukWYfMpUe8Yr2c9S9Sj,244
Sara Skinner,1HQ26IHQ1Nu0Tq7EE7DV6y,610500
Breanne Düren,0qN4IkrOJAycUyQsdNUZ3w,0
Sean Caskey,6zQ3DdpGgNBLeqQY8Y4bDu,0
Cajama,3YiP0AyiXuD61EE5xTaTbY,26600
David Frank,2EDztm3AezdcJksqJx1W2C,70
phonon,4CySw3P8BeBPMBr9Rymc8Y,15200
What So Not,4AA8eXtzqh5ykxtafLaPOi,1300000
The Chain Gang Of 1974,3Qy1IxDSU8SLpUUOfbOpxM,460600
Hamdi,7vvicoei9BbKpZix8qSeLg,666400
Yuna,3kHVioJpVxlazAAKQ64pC1,4099999
Elohim,6wKxOKEA3K6R2UZ3COLXEY,505500
OMAS,6TwO05VN5ZM3DYVEsP9vjK,10100
Elephante,3fjs4zbBFxEFFe8Wyojo0G,372500
Dreamhour,0DM4K3omFSjObY8CLj229h,14100
Caspa,4nMuaJ4kBLDJCRBizNESI6,117900
Regents,4BmXLF6dxW3qdkKPL8zthd,6400
Cartridge,6Z9jFhogCbjbbzlHlE2MIn,35800
Nytrix,1s8cu0X2A5YDwCLRN8AjFa,87500
Charlotte Colley,6AahY7rodF2tNZlKD348pD,0
High Maintenance,3XeMKGoCt5TwhUd7DSTg3V,80400
Thomas Laurent,5tIz2pifqzGGWEDKOrrmoE,21200
Sully,2yJD63F1oHybpf0m5oaUH2,1900
Tape B,59tlsKpLWoLTxjNNS2wdPi,632300
STNDRD,0ClsuaKyEB7aDbObjx2wrV,214
Gioto,5sUTiAe2pOOMHWPrN5uhd5,10700
Leslie Powell,67tylszKgAZkKeJ0hCMyjU,14400
Nasko,3VuAPB0oQ1CvSlnEZeq8G8,128
The Arcturians,39Igqv4O9OUd0De2mCdB9K,42400
Control Freak,0ouxenSvuyyfflbOirMy19,79300
Deadlyft,4GGTNnm1vsvXSqQIemBWsY,44800
Riley Clemmons,7yZC6AEhvCD5NFR8yDUxCG,490300
Paris Shadows,2mxplErmRMbGaSiAsDONkT,169500
Azedia,19YDv4gY8HMpdJgABGIVJn,47600
Brondo,3ZPe4CPLJYAczbPKYQOJey,27900
Tyro,0pkUxa3K2O8IzRXqWHytf1,2900
Bianca,43BmOTbp0fKzSvC4YxykMl,74800
JEANIE,5y4xjNwy9GEFC4hic2epwe,57900
Wayr,5SoNjy3yVb3MX42XItzJbo,19000
FRND,7pMqgUModTCyS7hpa5n2Lc,250100
Gem & Tauri,4pSG7BUZvHZGk1j7QoWcFp,16400
Tyler Graves,5bFKudtw20QjmAFeA1hBLq,39200
Matluck,5CieAewiroqzWWxdsWuoNu,148100
Blunts & Blondes,4XxIRZXk8xgrBmt0SNq7E3,121500
Honeycomb,1e6OYs6AGf1gpzBDGWmLFo,52300
bàwldy,51EaBfyIFowtvIXfWelwce,10000
NAZAAR,6G1en7nfPSAWElhPgUOy0h,57800
Hvnnibvl,7vTVlsNH3dt1nn4TMkRQIN,9100
Brave,01KDvLstg6DnLjN8eHnTUY,326
Skan,7z8fkGpUDt6eb6fyysRTH9,401100
THIRTY RACK,0FDL37gY8GetvvoQhd8HYU,15200
Jade Key,3gbNZrDSnpKK7PZ1x3i4hb,15600
BrillLion,1hzTGiVMoHHDQwybbnUClq,15000
Wildberry,1YQcUhWjs1NGWi24wLDkgf,7800
Mako,0S60rBYVLV6ROlpyydl0ZM,4900
BEAUZ,2Wzb0u138rgoZQTK3ytknT,2100000
The Griswolds,3nUbzTTtP2w4HqvT5y5vkV,336900
Cherney,0gsGaQKwRoE5Jp8UbZO36I,9300
Izzy Vadim,3mEgLhTVxuUG4n1ezLNY5l,131500
Que Fieri,1GbIkmv5H1Ok9Vo2UbDLuE,14700
Jordan Tariff,7kpf5SUVfn1hgLVlwjp3O7,2200
Compa,1Kb6VchwwZk28ANgQfPsMf,863
Zapata El Fido,1XdFhOJB76Z9gx9cT5XVv6,36400
FUGAZZIFLO,2Y6KxvXlcHMQ2E3K9SOjYa,23400
Elle Exxe,4Y8MTcJjGJ2pHoLVLf9Dpa,34900
your friend polly,7BMiTAo49FakImrjEyEFFN,25200
The Widdler,3SCAEdZEfpatrvdFeDLD2p,133300
SubDocta,2fRdiG5FNFFs4OjG7p6yxk,120400
Shlump,2vdEGASQQlLcmOqlQhYWlN,117000
LEVEL UP,1ZpDxqXS6HAvoZyCzQfKRb,411100
Akylla,5Ad8YPmqQf2tay2SZ8NxWY,60700
Emily Vaughn,3G9gR0x4v3J2Vek0Fw0yf2,320900
Taylor Kade,5xZctf19fhC6NgttHakfzF,82100
Gracie Van Brunt,61ehajEjCepvX1LehNWtKt,190500
Yoe Mase,4IuWSIEfIed8aZb49YA4Cj,46600
MYKOOL,00pAfh3nHhvVkWf8dl7dCt,11000
Naika,2a5fSGsNKoQ8C4ibRAkNmu,13400
Blaikz,0uqlT7M0lAL931lCyQLkde,386300
BlackBonez,04OLxyz813FCUQMD538IMK,14900
Holly T,1r5lkGxVUvzfpxk4iuSYmX,10500
Hardwell,6BrvowZBreEkXzJQMpL174,6000000
MOELLE,11yQZ1YJaQopAkKdRFEL4O,7600
DE'WAYNE,4lpKeKXJYkglSWyEmnOF7O,352500
CRAY,7pylhrS9HpyWwbTtmEqg9K,96800
Imad Royal,6OgklJh1e1Z9S1Q2IQsHgy,47200
Abelation,3ezpQc6XHKaha2SmkFsEfR,21000
Saka,78JjBYPpCRwGwaZff4qQrv,133400
AMAGII,40PYKQqDVidQT22xSG7SWP,13700
M.I.M.E,1RdQK73ZgvXjkaBJkibE6X,562400
Fletcher Mills,2Ed55mxbrhQa3P3DjzrJxu,27100
Imaginary Cities,5NLkpkDVhCW6tTuLxVTYEx,44300
SWTCH,5iYhwb2swQwNsOfuNn2TYV,40
Ritviz,72beYOeW2sb2yfcS4JsRvb,1200000
Cartoon,2sf28o6euxEDpYkG9dMtuM,5000000
Daniel Levi,0cA0C4yBNRaN2EZsE2wT3Y,4200000
Zaeden,5lMNphVhMLvhFmTWiKiLA2,720600
Raaban,4cSYNpczcvTUpnPMFDLsIc,1700000
Luana Kiara,3aT2GOh9Iy2WJmDhE6PorP,100
Maikkis,6IPvmWOcp3HZLwCTU3fzZ6,61200
Hanita Bhambri,3Y5nIabMJLTsWgW6Jqdn7n,322900
Rompasso,7dJzxVffEZI5MuHOJiQB5A,475600
Rich The Kid,1pPmIToKXyGdsCF6LmqLmI,4600000
Jecin George,5UcUhUt9RK09Wyy3twh7rN,560900
Pearle Maaney,2jlua5atoIZRmClGWpqYWg,245100
Srinish Aravind,2QyxzAgdJY6CXLOtRK1yMS,0
KSHMR,2wX6xSig4Rig5kZU6ePlWe,4400000
Lost Stories,4RCALXqxv2udxtuLatKPSi,1400000
Kavita Seth,3nQ125TJobosBH446Dsvvv,10500000
MEMBA,7nJNuftnqwrFGFs3ZRRe0u,557400
Nooran Sisters,2gFFvbbdzYzzWltI2HkZEV,367400
Zeus X Crona,6uzCPyGMlp97ATH1yQYNNq,704800
Julius Dreisig,72fdBvuHxCR7PLvj0osbhR,614300
Regard,4ofCBoyEiGSePFAG500xev,5900000
Tate McRae,45dkTj5sMRSjrmBSBeiHym,42600000
SENSE,6qj57vTJHkwj11uIcV6K4H,20
Dallas,1RBmZjGzMhGNYJT9Uya1mz,24
Janji,5VXPJC0PNpJbzB10A39G8E,1600000
Johnning,1yPdXrLhRc50YbwiwCr1uN,1700000
Cadmium,2jrBiKykLqcIp2S7GLiahy,641900
Rosendale,3ZVW9s2Xb8NQDzwEqElbNq,448000
Stunnah Beatz,0qtrkagnaYxnByLorZ1dzl,85200
Benny Dayal,61if35zz1W11GejEkxTLEQ,16200000
Connie Constance,4RB2kk5dmocmMiHFBlmOEt,4099999
Nico Santos,3A9B6c1CrSPauiOblw7pWz,2100000
John Martin,2auikkNYqigWStoHWK1Grq,13100000
Knife Party,2DuJi13MWHjRHrqRUwk8vH,1100000
Jonita Gandhi,00sCATpEvwH48ays7PlQFU,15200000
Ashwin Adwani,5kiwICyQNDmCtwOPLvgY04,72900
KASYAP,4p4ILwTCyu0exslJsiQzZP,650300
Yashraj,0TwG8C39WJIfFlcPrhxHST,2100000
Akanksha Bhandari,2U5K35Kwj0LqkfG3ENnnSL,817100
Rick Ross,1sBkRIssrMs1AbVkOJbc7a,16900000
Rich Brian,2IDLDx25HU1nQMKde4n61a,3300000
Ryllz,4CmWCpaevTZBnw2QHxmBpJ,164200
Vicetone,0daugAjUgbJSqdlyYNwIbT,5600000
Unknown Brain,0okpgBQamDqOZazBeH0J3I,1400000
Chris Linton,5Wpn7BDRJ8oq7CcF1EufWI,1600000
A7S,5Wg2b4Mp42gicxEeDNawf7,5900000
Bonn,7Io0XduXk7aOHFHA7sLru2,5000000
Elley Duhé,67MNhiAICFY6Pwc2YxCO0K,15900000
FAST BOY,56Qz2XwGj7FxnNKrfkWjnb,4500000
Lil Baby,5f7VJjfbwm532GiveGC0ZK,31800000
Jamie Scott,29QbBR0oTzA7A0kiOzrbbr,69600
Romy Dya,5gWzmnHTLNXz5CjOc0wAuK,17800
Dean Lewis,3QSQFmccmX81fWCUSPTS7y,14900000
Lost Sky,157L8iTHgbdrKVxdQEXluh,2100000
Barren Gates,7eMykQ9NjmtA5FnMarEG2F,303700
SABAI,4OaSyxqlkp7aVpAZwF02QZ,616800
Hoang,2KjxvxgJvbwweNVRMSuIRG,593600
Foxes,7qRll6DYV06u2VuRPAVqug,321900
Robin Hustin,6FPDULwgllPquFdqdzj5gi,454700
TobiMorrow,7CSAJPH9eLCOvPc9jn1I6e,419600
Liam Payne,5pUo3fmmHT8bhCyHE52hA6,5200000
Rival,4u1nYxjl132D6rcMeYQ6Zz,740400
Julian Perretta,2JLl6rSFWx9YuSPLcLhkAG,3200000
Daisy Guttridge,5xbwvyR3Ci51qy5XiSqhf9,0
Hayley Williams,6Rx1JKzBrSzoKQtmbVmBnM,2800000
AWA,6BvZ2uyMpnGkh99C5zI99j,2000
The Magician,4WUGQykLBGFfsl0Qjl6TDM,11400000
Avneet Khurmi,25rYHJjDq8FFPApQnj3LXT,4300
MORTEN,73JMQvllbBsfDclpXOW4Wj,76400
Conrad Sewell,1rw8ZTLnDHd74TWDDukjVi,7100000
Ship Wrek,1ic0FHNGIjXZAWH6O6Reif,1100000
somanshu,0q7fw7pC9FcW9AUfIw4H5H,113800
pilton,4yd7yIMgOjvfUnubRvz3YT,117700
Jax Jones,4Q6nIcaBED8qUel8bBx6Cr,9400000
OneRepublic,5Pwc4xIPtQLFEnJriah9YJ,49000000
Wes Nelson,4ktBrNjagCGftyuBLJkATq,916500
Nikki Cislyn,50Mi9M0Z3hM4bNCZM10zQQ,360
Bhad Bhabie,7DuTB6wdzqFJGFLSH17k8e,2800000
Matoma,1ELHjyz7UlCIZUsK9yBr3V,13
Felix Jaehn,4bL2B6hmLlMWnUEZnorEtG,20000000
Winona Oak,3XC57xz74X3xUi1hv4mge1,947300
Don Toliver,4Gso3d4CscCijv0lmajZWs,42600000
Diviners,22lnnGKlaDxk8sfzCNRJuA,1200000
Philly K.,1v8lhkt5jZgHT8xi1wYNUS,267700
NOTD,5jAMCwdNHWr7JThxtMuEyy,2600000
Tony Igy,2jpQ0ywffgVHhZFQNWaWYW,1300000
Cash Cash,1LOB7jTeEV14pHai6EXSzF,3300000
Olivia O'Brien,1QRj3hoop9Mv5VvHQkwPEp,2700000
Zephyrtone,57GVEttnzshGnLYIJCFeKo,17400
Vasu Raina,5wwyvQQMsmzSUZo6FBoWJL,103000
shy martin,7eCmccnRwPmRnWPw61x6jM,1100000
Zoe Wees,03d2mJXSMtuPI0nIvLnhoS,4000000
Ray Dalton,4e0nWw2r4BoQSKPQ2zpU13,22500000
Years & Years,2oIcjNC5uuagLRLRS1fE7c,9700
ZOHARA,2JfoFQs5wPHgLz8wnJ4wL2,492200
jayover,3D9DcggL2jQSpF0PaxAyr3,136400
The Stickmen Project,13wroZC00C9ix8fUR0JvaY,2100000
VIZE,09agIJMxCD2k87ys9Al0f0,3900000
Miss Li,04HqRx07Bv9gh7rsrMTqs7,1300000
Jungleboi,1igVsxmGxt1VTKPulM0EuA,139200
Loud Luxury,6t1gpxYbY8OlLA7D2RiikQ,8000000
Chester Young,3u45rXhQ0o9pUL24xlnf6e,225000
Castion,4xt0qH1NubQexyAzDa9UlR,232700
Gagan Mudgal,4faYoMlqyHUk7oGpbK2nNo,0
Dermot Kennedy,5KNNVgR6LBIABRIomyCwKJ,8000000
James Mercy,6RJbFqgnnHvQcq8TGdCIn2,94400
PhiloSofie,5Mvx3dMV17trz9HTdF2AkQ,76000
Gigi D'Agostino,1OAjDaKgg00KCUYqDe68un,11900000
Nyla,4VZY0nxYMSNotbS7WjNVQy,7200
Dimitri Vegas & Like Mike,73jBynjsVtofjRpdpRAJGk,14900000
Afro Bros,3wtMPMvPtiFylbnNXF6CAj,1600000
Like Mike,4pwXiI7Z5ZStkgKowZyoKi,10600000
Steve Aoki,77AiFEVeAVj2ORpC85QVJs,17500000
Lil Jon,7sfl4Xt5KmfyDs2T3SVSMK,8100000
24kGoldn,6fWVd57NKTalqvmjRd2t8Z,10100000
Damon Empero,3V7VCc3oyM6c1x5lOWhmOx,128800
Veronica,6yNer6qvaSzSUpOezir835,51900
Armağan Oruç,51q7Es8Chlm17m1HgcEoaZ,151800
Ester Dean,0v2Y5jwtcv8LiWNTRls1KM,1200000
Hot Shade,3GtCKJA4SkOxN65MWjm82R,863800
Mike Perry,6lB8vOoI4DRrrVxXwuV19c,2200000
Spree Wilson,266duGfkKTRERSBoGDOgDy,21200
DJ LBR,5cAliICYHJdx3q4kZcnCH2,96800
Mac DeMarco,3Sz7ZnJQBIHsXLUSo0OQtM,20400000
2jaym,1JydyoYCEY3j5NSeagX44i,17700
Sublahshini,0nh5cRtt03SU6LhzhVC5fv,6700000
Kid Cudi,0fA0VVWsXO9YnASrzqfmYu,26900000
Karan Kanchan,5mZ0Ee8OG1U9c4Wv2FKqvs,1600000
DIVINE,11ycSvFZCC0BFloxOAaray,20100
LIT killah,1vqR17Iv8VFdzure1TAXEq,8100000
Jeremy Oceans,68JQHAhLjcIjEpResOAVrf,38200
Cheat Codes,7DMveApC7UnC2NPfPvlHSU,6000000
A Touch Of Class,5wTdspmxzb8V4ZjvDodpBo,8300000
AAKASH,5pJz56mXmC3bb0cIG5Ghen,40700
Riton,7i9j813KFoSBMldGqlh2Z1,8300000
Mufasa & Hypeman,4L2dV3zY7RmkeiNO035Fi0,6100000
Dopamine,26HBq6EeiEPfTkfHm24j1l,5200
Polar,2kMwAKOXZ9uV1KE2Flag9D,454
Marvin Divine,2ipbBHbU59PKSeDXAgMpkd,215900
Axel Johansson,2xW3pBjCngD69hC1wIUgjA,360300
Tina Stachowiak,1kGTLuWrXcKIc0ocyMAY7Y,161200
Jordan Rys,7voVuewp9js4Ru1FQCw2RI,734300
DNCE,6T5tfhQCknKG4UnH90qGnz,12500000
Guri Gangsta,2wvailFbq8saNtUqSUejJi,0
Drew Love,76yeOnINtQSXyoEHbkYmtY,732800
Vini Vici,29zsVzEH33dD5QqxeL8dvy,3200000
Hilight Tribe,62RdOEwjfXjFOQpKdufMR7,1200000
Katie Pearlman,1Q9KyQkc3vODeRt9OfItxl,447
Sevenn,7bNqXqIrIfwJnipx7oGeU4,1500000
Icona Pop,1VBflYyxBhnDc9uVib98rw,17300000
Jon Becker,5jRx3N76S5n2Wx9lU0g9Lr,67500
Yves V,47BEc2RoW53owMyxacXWdV,1600000
RANDALL,2SqO0ejUsZ0Z0Rvh4w09Dp,1800
Revelries,7KigP1NA8s7IiVIxP5ndwJ,882300
Victoria Voss,2o1DwIg0eMGpA5m6zLLG2I,553200
Martin Jensen,4ehtJnVumNf6xzSCDk8aLB,3200000
NIVIRO,2nsCjA4fEasmnlOK0wXU7T,401800
John De Sohn,3TVjdmhfFoYJLgBEkkZTBm,695100
LIAMOO,1SU2pMMSbU1hqWyFXp97Br,349400
Julie Bergan,2Tg0aF5cbZktYFzgR1iAKv,1600000
Whethan,0vqJkZ0RpLZixt3lTmD8vP,6300000
Dzeko,5vQfv3s2Z2SRdPZKr82ABw,2500000
Preme,0bdJZl7TDeiymDYzMJnVh2,2900000
Louis Tomlinson,57WHJIHrjOE3iAxpihhMnp,2200000
TroyBoi,0tvpihdAsKiNnP6sWS3jUI,1700000
Nina Sky,6eBYLQONaYZhZNAVK061t6,3500000
DallasK,7uas0F5EhsZg6KDJ7yy7rW,578400
Asena,2kSWBds3WDrDvrV6s9VKfd,239800
Loote,00TKPo9MxwZ0j4ooveIxWZ,1100000
gnash,3iri9nBFs9e4wN7PLIetAw,4400000
Julius Sylvest,533nJfX56F25FOytbE46tU,6
Matisse & Sadko,2QMCcKIPHnjQaPPgoEst88,1300000
Hanne Mjøen,2xDZ8qyyE2Ti4wL1Ob1T7V,202700
Arc North,2kgvaYV2tbNyOonFI3YlfH,666000
Krista Marina,7gh5SnyMRtWO5mzAThI4AB,136000
JVKE,164Uj4eKjl6zTBKfJLFKKK,20400000
Dillon Francis,5R3Hr2cnCCjt220Jmt2xLf,2600000
Aleesia,1KV1BqrUpebQPqVU2r89xc,96100
Calle Lehmann,2QeNM65b7IWvK4Ofcqz8cm,81500
New Beat Order,0gQDOj4OisQbTq7FUEziea,2500000
Cour,2wXlDjhPhTLuw6Fs6vc2xS,307700
Elektronomia,7qgorhDacy1FRz5HkAhDtu,734300
James Arthur,4IWBUUAFIplrNtaOHcJPRM,28400000
Jessie Villa,17f6GZLFTD3ImVTQGyA9gX,585200
Lagique,1PbtWtrN7jZpd4toqxrjm2,1200000
Captain Cuts,0rlKkLkpsCnJbZethGBfAk,734200
Helsloot,6dC41opH96WjFwWhhAxBsS,4700000
Kx5,2avRYQUWQpIkzJOEkf0MdY,1200000
Far East Movement,698hF4vcwHwPy8ltmXermq,10100000
The Cataracs,7C64wNX3howEFZjAYRKsfP,6600000
DEV,7Ip2u3e5Nv6fFb5xyIHxEE,7300000
Coleman Trapp,3GI8jWO0jwqs0qX3OtlbqY,624300
Parson James,48sLioddyaXkuhyHXSkpsB,5700000
G-Eazy,02kJSzxNuaWGqwubyUba0Z,29800000
AJ Mitchell,6dn6x1XOng3LOAnfTjUn77,1100000
Axel Thesleff,1OpHMC7Qo3lY1sVYaTUQrG,361300
CORSAK,1TcbdifqhtxLz77unBYJ7z,406200
Gurbax,52nO5w2jFAlYYsq6h9YjQG,76400
Imagine Dragons,53XhwfbYqKCa1cC15pYq2q,53900000
Nishu,0BoaYtrYdoKJ4khvk3KRJJ,5700
Loren Gray,3MbrazQE12UdSdFunXcft1,448700
Clarx,0FlpBojQwomu07ckcyz3wr,579600
Harddope,0wfl4Df1okXQp1cCxkHo6E,1000000
twocolors,7ACEUD7UsmmXrnj4OLt8f9,3700000
DJ Kantik,3ojxLRDFTdWKXQDBewrCr4,196600
Dax,3BmWgFUEQP7ESiVKKSqkQY,38
Hoober,32rfvsXfn7YDlDhG7Hh7Zd,167900
VinDon,6hS0eB6BQPvcKhIM6Ltem0,148100
NotEvenTanner,2FS6z8pQbDMXrscqKiw983,41400
Nomi Bontegard,7eCq0rwityl3CgShfpQggR,0
Dan Caplen,2U3FuHYvL3vhkbDAXm24Ep,5300000
MBNN,0ZXntjSej6WUvpEMkRgwKJ,704400
Rowald Steyn,4IPKNc0sHqlSECkJNX7moj,788500
Death Stranding: Timefall,4rojTfP5nRkmYpdSbWQgV4,650600
Lil Peep,2kCcBybjl3SAtIcwdWpUe3,19100000
Silk City,3ilBatom8u39TSaHB7zvJV,0
Punctual,1ocnIbhFWM9bSPrd7Hu4zF,2300000
Bryson Tiller,2EMAnMvWE2eb56ToJVfCWs,20800000
Quintino,1V3VTM7VspiQjcmRhC010n,1700000
Sirah,3oAazIwC0nAYkOKVQPUC38,9100
Denis First,1qVHDR3icC0cD02ofnzEA1,155400
KDDK,1793RNBnWXkl6iRbT196Nk,189200
Dhee,77YvCBWe0tTLygpgSJsdOH,5900000
Arivu,7rVV9d6vc4FLT752uRuk71,5700000
Santhosh Narayanan,5FVBduYaeVBb6JIghza7v6,9900000
Vlade Kay,1yDN7vHPBnAbYFpS25DTWV,4100
Jonth,461fWLhyGb1giJaTUEPpWt,56700
Skinny Days,4Q8IIlsZsXY1BgPzaz4DYq,628900
MORGAN,30RyDSUUbGmAtUFOXh72eG,0
Digga D,57n1OF36WvtOeATY6WQ6iw,1600000
TIKE,6OiH2Ok0TqhVP2Ah65Bm8Y,20500
Bono,0m2Wc2gfNUWaAuBK7URPIJ,1200000
The Edge,1X8wFHJFucBUmBc7spQ4jP,501300
Zak Abel,6Gk5hoM7eW8NSCYhICMDHw,2800000
Norma Jean Martine,2fsk4VlJdNF6G8cCMDrrzB,5600000
Anthony Keyrouz,0y4czH6DnvpftiSoy7V3HY,2500000
Paradigm,6WamMeXO2jN9tUYxSBUclQ,1300000
Anikdote,41LqrhKD3Hs6MOOFPhb59G,248600
Catas,5LL0y7lH7nboYRCcuexnkB,34300
Le Malls,0a8BrKaJ80jFDVudXKkGab,13900
Ryan Tedder,4we5S2VLjgY9KzIzApL1KI,6000000
Ruff Loaderz,5JOIrGvup0vD5VjodB62Ui,3800000
Usher,23zg3TcAtWQy7J6upgbUnj,47400000
070 Shake,12Zk1DFhCbHY6v3xep2ZjI,9900000
Lil Pump,3wyVrVrFCkukjdVIdirGVY,5100000
Zhavia,1CO6e7WRJvSFenmQO8n64C,871500
Deaf Kev,7kANMNctYR16urrVo7GTSR,579900
Deorro,6VD4UEUPvtsemqD3mmTqCR,7900000
Sigala,1IueXOQyABrMOprrzwQJWN,5600000
Badjack,40oI86vaTUHgkSGlYkEiLM,1700000
Amaal Mallik,76fuWYgIf3TVIopTs3vaJ6,21300000
Tanishk Bagchi,4f7KfxeHq9BiylGmyXepGt,30100000
Arko,6jf2eKjiPT6P18RbOSLzf0,10900000
Armaan Malik,4IKVDbCSBTxBeAsMKjAuTs,15400000
Arijit Singh,4YRxDV8wJFPHPTeXepOstw,53400000
Asees Kaur,1sVmXkzX2ukc6QvasrDBES,13900000
Fazilpuria,4oaJL0V5asQDh4sqplTVhX,2100000
Sukriti Kakar,3FgHkfb3IqG4WKuVe1xCXM,3100000
Neha Kakkar,5f4QpKfy7ptCHwTqspnSJI,13800000
Rashmeet Kaur,15UQcr22jcc6DJjy3sLv3J,3700000
Sebastian Ingrosso,6hyMWrxGBsOx6sWcVj1DqP,10300000
Lukas Graham,25u4wHJWxCA9vO0CzxAbK7,17100000
Tessa,3pJK3CUpbnyX7ogDfAwa9J,458500
Jonah Kagen,5KsRA81UaMVKvLNiwDySfp,4500000
Cover Drive,4jbcqKzc4Wuy6MivHhzPrP,221700
Cobra Starship,2aYJ5LAta2ScCdfLhKgZOY,5800000
Duke Dumont,61lyPtntblHJvA7FMMhi7E,9700000
Kairos Grove,7Cf1QhdtHmjlckbnmUeC6l,84100
Pascal Letoublon,0oXTS2yHUnuji1R7kc9J9a,2300000
Kasbo,1ikID9RZZMvkuBGDWrqajq,1000000
kai,6xHUXzrfhFgnIv86EBR3Ml,1100000
Jai Wolf,24V5UY0nChKpnb1TBPJhCw,868600
Quavo,0VRj0yCOv2FXJNP47XQnx5,13300000
Yade Lauren,2YkP9pfIZ6hJKeuppuz8qT,983500
DJ Maphorisa,0mMqD2uqwvCjFvlzo6ayGi,4800000
Nasty C,2gzWmhOZhDN6gXL49JW9qj,1800000
Jidenna,4TsHKU8l8Wq7n7OPVikirn,1400000
Gigamesh,1Bo8Afb2Qbjs4x6kJHyjle,8100000
DJ Nyk,6tTBTKIvckFAIzxeNAvnnF,652500
Sachin-Jigar,1mBydYMVBECdDmMfE2sEUO,35300000
AKASA,4mRPyvdSBxARQIFeXXM13s,5400000
Shamur,6SZBqn91m2QZDcbzmHUFPP,686900
Breathe Carolina,53M4Iv2RkzzxFFvW2B1jhC,1300000
Roan Shenoyy,1CkQz1PMCOEkMEqMJ43XPr,1800
Stray Kids,2dIgFjalVxs4ThymZ67YCE,10400000
Whitney Houston,6XpaIBNiVzIetEPCWDvAFP,30100000
Richard Smitt,1ZDET5tZjBIjNBb7WIqGTw,9100
Toby Romeo,2XnY6NZ6rENbLMYabjkRey,3900000
SACHA,1VP5hxNzge9bfbtDvCJwFG,3000000
Eric Nam,2FLqlgckDKdmpBrvLAT5BM,746100
Charlie Miller,2i6DCdjOpqQGf5ICVpn8dj,78200
VINAI,4mrBetqy378Jf1y6NLszlx,4700000
VAMERO,74GrV01oFcjJdLHCF9MWhr,954200
Rasmus Hagen,2xE7TMnsr4hxdQW5F3urtq,214300
ARTY,1rSGNXhhYuWoq9BEz5DZGO,1100000
Stadiumx,0DRf6JJDQnRnz0Yp209CmH,305100
Jason Walker,0iRXawKcy8BO1tI2iPdUet,13700
Bob Moses,6LHsnRBUYhFyt01PdKXAF5,2200000
Roddy Ricch,757aE44tKEUQEqRuT6GnEB,19400000
Leat'eq,1iBxtU5394iPOzmot1FDUD,544300
Gaullin,1aQwKFn00nswXRDUDipm0K,1700000
KEAN DYSSO,74MUeXrsMncKunk1chMxg5,386800
BVLACLAVA,3PhXElUtic6bSaMxYXfeDP,2400
Marc Benjamin,05KjvP5zdwtEIgEazqblZw,789900
Maia Wright,5qQFXHDOeYjiZVrCUO56Pk,395600
Fareoh,1nVIHTQpQ8WroXnbc9TbD5,143700
Sick Individuals,0XqFDQJjqW5PfhfBCb53LR,932000
Disfigure,6qS98hCc0GWwq1AShPNl2w,509300
ISÁK,2LGU3PxihjIK5SUeCVcdFl,151400
Goblins from Mars,43X1WUBfHuL1XJYckslH5U,110900
Meric Again,2muaKB2dAVbfGrPySPiZqF,312900
Fallen Roses,5I6WLC9Auo6aeTRHPQbdOv,190400
Jim Yosef,40HDiLfKm0tXk2FxlJx6aO,924200
Mark Ralph,03lPYuQmwUUUtR1dNLjgoc,104100
Stephen Fasano,2U6Ovh54lOlOlMppoGlQSH,0
Jeremy Zucker,3gIRvgZssIb9aiirIg0nI3,5500000
Farasat Anees,05miC2ndfE3ZyZ7xCMnZzm,474800
Slick Trick,6ENmrRecdouZ74WXpHjQZl,4200
Toshi,6G621T2CmHyx5LCvd8QE63,2700000
Melanie Martinez,63yrD80RY3RNEM2YDpUpO8,14700000
Ashe,6P5NO5hzJbuOqSdyPB7SJM,7000000
Farruko,329e4yvIujISKGKz1BZZbO,46300000
Duke Luke,1cUxl5laTZRQwXPCV6j1BH,330800
Billie Eilish,6qqNVTkY8uBg9cP3Jd7DAH,78300000
Alec Benjamin,5IH6FPUwQTxPSXurCrcIov,13800000
Emelie Hollow,61pvU6ZLOF3bl0IOtbmME7,1800000
Tomine Harket,6064pL9Hu3Wx2bwJMeOx6o,2400000
Rovalio,01pFDtbY3k5uOmy0Pbg93C,2200000
Abdul Hannan,5mWQT8CLTa4mAQAJdFjHb1,2400000
Madison Beer,2kRfqPViCqYdSGhYSM9R0Q,15600000
SEUNGRI,20j1uz7iDOtIvIzCr5S8nx,103600
Wisin & Yandel,1wZtkThiXbVNtj6hee6dz9,28400000
Anthony Santos,06TVTkMAOR935MhkjX0i2A,2300000
Izzamuzzic,5YrtkYlLeNp8WbkUH09XnG,2600
Julien Marchal,7e4AmALFiKR69Xra2EksPU,1500000
SHAED,3KwmxIhSe9UTSEF37kwngR,1900000
Nessa Barrett,7pwufEBGfggjoI8twqlsmQ,6300000
Fly By Midnight,4rQTEdG6hDVOlDUFKs9EjZ,1300000
Jake Miller,3gggmBN0erstm3YJvEGe3t,1200000
Axel Cooper,1adz07qkurydHDZRSePFhI,433500
"Franco ""El Gorilla""",2biH2I1TvZlIIIc5W14oIJ,4200000
Jayko,2TRr9m42JSHiLXdjFcIv8N,44
Tego Calderón,3SUT1jjM5hzZj9TLfLZGIP,13200000
Eric Sharp,6BiKSiXDrf81E21MuX40hH,49000
Raiden,0XDpWNaKSbTi4fM2yr7ylx,2700
CHANYEOL,6jV25rzTKQ2zMgrqHha1V5,1700000
LeeHi,7cVZApDoQZpS447nHTsNqu,3800000
CHANGMO,3hvinNZRzTLoREmqFiKr1b,388800
Consoul Trainin,3gyp3OwaUX6NfBy1sHvY8b,517000
Steven Aderinto,74vvuIdUzVGdQ6C5n1oKPp,1500
DuoViolins,0DFvbhMYU4qVthtdZA26Ll,156100
Trevor Daniel,7uaIm6Pw7xplS8Dy06V6pT,5500000
Carly Rae Jepsen,6sFIWsNpZYqfjUpaCgueju,24100000
Daft Punk,4tZwfgrHOc3mvqYlEYSvVi,30000000
Anas,3jrZXTzqSuTBdfJeoSts1n,490800
Nassi,1qKKI6tBqJZCZfAmXjYFjN,248800
Jay Park,4XDi67ZENZcbfKnvMnTYsI,4500000
6 Dogs,3Ps6le7tj5BdNtdnfNgTU4,836400
Vance Joy,10exVja0key0uqUkk6LJRT,33299999
Rina Sawayama,2KEqzdPS7M5YwGmiuPTdr5,1300000
Torine,6gpY6HHTGZp0sTLsxsSNqo,139800
Lizzo,56oDRnqbIiwx4mymNEv7dS,10400000
Cordae,0huGjMyP507tBCARyzSkrv,3900000
Sophia Somajo,5T8zbK3dic52T9bFu0aY8z,527100
Jamie Miller,2LkkwxA19J8C52wPQl5bG6,4099999
Noah Cyrus,55fhWPvDiMpLnE4ZzNXZyW,14900000
Juliander,4gvkdged3Xw3ImXFm3jiay,13100
Greyson Chance,0Qnx1MPnHYt3jJCYrRFVwX,535100
Burak Yeter,4ON1ruy5ijE7ZPQthbrkgI,4200000
Danelle Sandoval,7Dz9goFmVZZqvJxZoKg7pF,3500000
Julian Casablancas,1rAv1GhTQ2rmG94p9lU3rB,5700000
Lykke Li,6oBm8HB0yfrIc9IHbxs6in,17400000
FINNEAS,37M5pPGs6V1fchFJSgCguX,5200000
Sofia Carson,7bp2lSdh12wcA8LyB1srfJ,6000000
jxdn,6Y64EaNqpqcZYTgs4c76gF,1600000
Valley,7blXVKBSxdFZsIqlhdViKc,1300000
Sickflip,4a5cFa2gISG9QtjELLgYcZ,323100
Mismatched,4HDvcfytQaXqJCdlBWqNmH,0
Raitila Rajasthan,03CXCirzmzFLNwU4frezp7,1600
Tarro,0SXgKLNtpIrH29F1vMRWzj,2000000
K.Flay,0pCNk4D3E2xtszsm6hMsWr,3800000
Kylie Minogue,4RVnAU35WRWra6OZ3CbbMA,20100000
Suzanne,0NMJPa0Btok67TyE8Vxngc,2600
Ruben,0x3PXj1WnuW7YsBxQK57xM,561700
Jauz,5ttgIeUVka6FLyi00Uu5h8,947900
FLETCHER,5qa31A9HySw3T7MKWI9bGg,1400000
RÜFÜS DU SOL,5Pb27ujIyYb33zBqVysBkj,13000000
Lucky Luke,5ee4yhrWOxaxvL77BoVpVR,1400000
Maneesh de Moor,7CUmdcvfZJrSsg4jnNNwHA,664200
Cali Y El Dandee,5DUlefCLzVRzNWaNURTFpK,8300000
Frank Ocean,2h93pZq0e7k5yf4dywlkpM,37900000
Christian French,7naAJDAh7AZnf18YYfQruM,867600
ZOH,1T5V8R7QKMhQImEdKNDyFU,46400
6091,0kkM6OpHU2UkpKIvPT05WZ,122900
Seedhe Maut,2oBG74gAocPMFv6Ij9ykdo,2200000
Gavin James,25tMQOrIU4LlUo6Sv8v5SE,1600000
Midival Punditz,7GmnD2XZleQw8PPzRJV7FY,139200
Karsh Kale,5KNQvpxpsSUsL8Mon7SjYn,135800
Raghu Dixit,72578usTM6Cj5qWsi471Nc,3400000
graves,4E69riquObrTmBTVuF1b7B,179400
Tim Gunter,0FIENxWAWlIBKgjGOoktIo,107500
LocateEmilio,4AGZVmwi9IwFZ6y6TlMqLt,4400
Kenny Dope,1TrfxjXu8quyDw05p2bacX,2500000
Never Dull,2u3rmzZC0psTER2sDfUebm,493200
Cher Lloyd,4m4SfDVbF5wxrwEjDKgi4k,2100000
Ellise,2FovgCfOwN9iqbkCBlKFdT,955900
Noah Kahan,2RQXRUsr4IW1f3mKyKsy4B,31500000
Moby,3OsRAKCvk37zwYcnzRf5XF,9900000
Jim James,1MhtYlJvUqfd2EgHSQTGK4,364100
Shanti People,4udXDlf1VbsKEaII28KQLt,296800
Blazy,0ASqieRgSFzYlNmf1VkBVC,663700
Gottinari,7fd4ocP25Ava07zgL5L3UE,155600
Oh Wonder,5cIc3SBFuBLVxJz58W2tU9,8199999
Mala Rodríguez,3Ces1OJeGOVGcUB0wPaPXJ,1000000
Mariah Angeliq,0KKUc4amZyvswV2YL6WTar,4200000
Yera,1vrahybrKylgwkjhbmOz94,1500000
Paulina Rubio,1d6dwipPrsFSJVmFTTdFSS,8199999
DCS,7s02NaYKlhBogAMJ94W8CW,289400
Maffio,5RzT7CM6Ot0sh0EHefMicV,1800000
Belinda,5LeiVcEnsZcwc133TUhJNW,11700000
Lapiz Conciente,0UTsdD7VIsEB9i7a6DDx5t,350000
Luciana,4ugGMtXC28CVR5hlYJy9wV,1300000
Joey Montana,3ATyg4fGC9F8trfb0GRWmX,3900000
Jaume Berenguer,0Api05XFN5XEc3qMomQX34,8600
Lifafa,6i50rQJbETLRREwFn3plcw,130500
JOY.,2sphpXGg1u97VSzbm5gR2P,187100
Slowed Radio,7zmcKgBZSbMxqzqFe6Ac5k,956900
Zafrir,3DJVDo0kd19fZXpTabasOX,638400
Bryce Vine,1ShZZUjkbXCjhwrb18BA8I,3400000
Prabh Deep,7suHsCqUEifucqVyWaljgC,147500
Dahl,2v9KnUyRW5IW6dWZtptQdU,189300
SUGA,0ebNdVaOfp6N0oZ1guIxM8,1900000
TYSM,774uzes7MVqVcuU3r8IE1G,262200
Da Tweekaz,6UOk7DmvqlzWmo6gjhZvn6,1700000
Maribou State,7zrkALJ9ayRjzysp4QYoEg,4400000
Holly Walker,5vssQp6TyMHsx4mihKVAsC,3300000
Salvi,09M87xFMTKdsWJxpEWaiat,710200
Franklin Dam,6lWfCJxyX6jAQVQbhLLOPY,219500
Anna of the North,1mSJCvDX0W7Dn7S9C6vmvI,4400000
Sez on the Beat,7hI0IRD66iykVpXiieNRbe,911000
Ghauri,43EGUEg0Wg5ahrwhW38qlv,16300
Lal Chand Yamla Jatt,4agUz5gEUgjnDHiZfZZ3yX,966700
David Whistle,7Hq6EHWg4kFI4BtsRx1MpO,256000
Trevor Guthrie,6NXk2pLFocS2OkNdT7ncBt,3100000
Set It Off,06bDwgCHeMAwhgI8il4Y5k,3100000
EZI,6JINIoM2HUR5ZNTJwoR9eC,242800
Rakhooo,4taC6D2Loslf6n6YBTWjzd,1300000
FRENSHIP,7xEFii6utZmQ61kX59HmLH,1100000
Emily Warren,1oKdM70mJD8VvDOTKeS8t1,967500
Conan Gray,4Uc8Dsxct0oMqx0P6i60ea,20300000
Sofi Tukker,586uxXMyD5ObPuzjtrzO1Q,7200000
bülow,5vBrKGOjN10BMwB0cJADj4,727400
Betty Who,0t3QQl52F463sxGXb1ckhB,450700
eAeon,3ZSbXArE6mxOleJnsumK4u,314600
RM,,
Omar Noir,5paQT78PtTz59108hibz4G,2100
St. Vincent,7bcbShaqKdcyjnmv4Ix8j6,4200000
Chino & Nacho,5NS0854TqZQVoRmJKSWtFZ,8800000
Don Omar,33ScadVnbm2X8kkUqOkC6Z,42100000
Wisin,3E6xrwgnVfYCrCs0ePERDz,19900000
Baroni,7r3bVAL6DMruJrPa63cYjA,178
AlunaGeorge,2VAnyOxzJuSAj7XIuEOT38,5600000
Archit Anand,6RJFXrSc6e6WgjO3JEskaD,22
Hashbass,0SFvkCtMeB2DSxgIPX6lzO,67500
ONEIL,7kzcAiYqxBV5J25vTYeOxA,430600
Chai Lenin,3yG7K52cBqJ7HPqrNKsAF3,114100
Maga,3SLZrLX47S9PmPRabiESVl,318000
JVLA,24D8gx0257CDd1HAuqNuHu,719400
CRASPORE,70uBplYS9d9GUfEKVusJw6,224000
Peter Cat Recording Co.,41Nu7NgAj9rJxjj7JDuXrV,349700
Portishead,6liAMWkVf5LH7YR9yfFy1Y,6100000
Massive Attack,6FXMGgJwohJLUSr5nVlf9X,8800000
Tracey Thorn,7xFnmid57ZE6iWEXdEXO3b,51100
Poshlaya Molly,0xByDfltDVpk6LDsUMHyI2,1300000
HOFMANNITA,6J48nc1Q9SmB4gEl9c4IgC,225900
Dj Yo!,7iTLGcddv1bOPirdYJjKVy,2600000
Papon,2FPwX3Gh0w4Qr1v3zSTtcT,7600000
Kid Francescoli,2G7QgTep5IsJHGHm1hXygD,1900000
Julia Minkin,63fbQTZ9yW3SUsBRYcn1Wm,1200000
JBABE,4hegmh0BdPBO2lwVumX8n4,0
Jemma Johnson,7uhRd4COwyCLdMiTXzw7Hq,9500
Wuki,6Se1y4vDcu9fVHLqdj1N3q,2400000
Smokepurpp,21dooacK2WGBB5amYvKyfM,623200
Multani,31kwIcNO7fdncH0CTpSb6d,20800
DJ Dark,5IRiBpTO8LDFHarNWYVkdn,805500
Mentol,62asM9lq1JNGCbhg0x2Kkw,642500
Snavs,4xFadP7L1YVwVSjDDfjKjM,255700
Asher,4lAI6jiWfiec8dgvxMUyFe,121600
Mick Gordon,13ab1LgQZ3tQOhkDRRYB8Y,1100000
Glaceo,2FnjEL8SlmLe3YBFmPkV9N,424500
Romy Wave,0tIszD5cwkangP5Xkoy02E,16600
HXE,67T1Z868DN2qHBnOt8skXD,187
Maybemahri,4Lo9uin42ZRpz8pqItU4gL,58900
Sohodolls,1KNXft7nnRQj82sENi7WGN,2300000
Blue Foundation,1FWybrAwiSa0zKibdLfZZr,1700000
Krameri,1hxuMlq1xCyjGyhoPsiIM0,68200
ZAAC,76Xa625geVw0Q7BdyxNjA2,2300000
Hudson Mohawke,6olWbKW2VLhFCHfOi0iEDb,417500
Talha Anjum,69xcFpmqTOmFNOL08Bxyci,2500000
Jokhay,0Nl4kTPLk2ucrARvaf55zQ,823600
Turhan James,2ox32lGyYOobDvszKTITkP,249700
Maanu,3scNK8e4mqnP6Rb8a3lwZY,8000000
Rochelle,55RKbZHb1yAXuvEHTIyaxJ,20500
Droplex,5yePldMswAMD9fvIfRUc2o,294800
Ayden,4AD3pq7Rxp3tKxr0yGp0DS,347300
RFB,6xWVbaQjA2OO1ejFPyKhjp,10600
Matthew Santos,5t2P9w0qT2I9y0DrNhykSj,25700
DVBBS,5X4LWwbUFNzPkEas04uU82,3700000
Borgeous,4uiMn2g0pgTrhN096QJhbp,2000000
HEDEGAARD,2ZuweXv0TkfsidZOLZZoM2,1600000
Tomsize,1irvKnrTIl4uhTw44brINj,45800
Simeon,4fCf9WP28DucDOZTvwW0Zr,202
GRAVEDGR,1kiZfWU37oS0pCOV7Os1Pj,398700
City Morgue,1kMVs324xI4K0tQrKqA4c4,564400
RL Grime,5eIbEEQnDM8yuDVB0bimSP,1300000
24hrs,4isewEHTP7Az2QheDdBQ6J,563100
Auztin Pauers,0RgH3SericNk1hSGQ5U2wc,7000
Ezrael,5JsjuFOM9BwVl1NwnjoqRL,7000
Take/Five,0ycITxvHEbIVX1PSCLajUS,0
Keys N Krates,6c1pBXHYjFcGQQNO5MMsdd,532500
Juicy M,6klooWKc13AOY1BVfE0Tm6,183100
Willy Van Florence,3MuCvAOi83QVZOjVbvOHnM,3100
Amyss,3r2XXA4lGV0vzbcSuh3lm6,1500
Dwin,00OLN5o0Ba1W6KkjRi5jWd,846400
Kush Kush,5P4P6G0pubLi65R3zRnSCf,946600
JiKay,5ZciodrGuWZAkGIXHzTiQP,107300
3LAU,4YLQaW1UU3mrVetC8gNkg5,881600
Bright Lights,2AoeqcUs8DySgZRJ9yV4Ou,88000
Miranda!,2eEmsgWmUFMbtU7agJpnjY,11400000
Pedropiedra,0WCbmGMzwvFFx0JT8k7THP,305900
Eldzhey,0Cm90jv892OeEegB3ELmvN,1900000
Hashback Hashish,3tKsgOYV3Cwl7Fyzr2S6Ud,8500
Noor Chahal,5nB8qMUrfdM3RTVIhLTmQK,2100000
Parra for Cuva,238y1dKPtMeFEpX3Y6H1Vr,2900000
Anna Naklab,6vNe5MINTo5QZyR08sBOBA,2200000
Annural Khalid,1nCZUpBIcyOxufOx0lPeIW,8000000
MALFNKTION,7x7rCZwlkVvRGOQVeDqND8,41900
Rezz,4aKdmOXdUKX07HVd3sGgzw,1200000
Dove Cameron,2W8yFh0Ga6Yf3jiayVxwkE,9200000
Ash,2ipZPngqVxuqyJ38xm3NcY,214300
Sayanora Philip,7D7Y6jWgmCYV9UuXGjFWrx,876200
Nefera,79tDFakPsZ4wdxTb8SXBqp,139
Valentino Khan,0deIjoDjl9g9Zpw0sCIOHh,737900
NITTI,21AUdblPrTRzkvJn8FGrlk,413100
Justin Caruso,1NyxTiCivDmzgFWYD1V01m,436800
Iselin,3rjHIPFed2qITXAWvArRtp,424700
WATEVA,68D0OoPnJ7buwHp1YGrckH,89400
Bjørnskov,16EmDsIYHYtxgSNfjEYPf8,133700
CA7RIEL,348pk4o3EhKmsSahzuClSf,596600
Lit Happu,0z6H0b4Jvoti5MtOvXQR5l,2600
Aazar,7oNtf1MwhHcyXRsYXE1WsG,227800
Swizz Beatz,2cADQgiLMjNhbsfeN52Bf3,947500
Sofie Winterson,5pKrorYHoVt088MOxEhNLg,6500
Karun,50bljU0VZtp2E7nAFRy5pC,53000
Udbhav,6lJSXbir8V0GruDu5r07Un,2300000
Stoltenhoff,6HKR0MHpgba3ZRBXYfPiq0,146500
Sodhivine,2S6ptKppxWXwvrTaabpeT0,39700
Shallou,7C3Cbtr2PkH2l4tOGhtCsk,1200000
Masked Wolf,1uU7g3DNSbsu0QjSEqZtEd,4900000
Foramic,4HD430MFk1qBcLuLbBvclq,2400
PVRIS,6oFs3qk4VepIVFdoD4jmsy,1600000
Kazu,5YWhkJe7pSNnmurK40sUyA,22600
Malaa,7w1eTNePApzDk8XtgykCPS,609700
Yung Felix,6J2bFI9tQDWfPHjoKHKrOu,1100000
WHIPPED CREAM,5CMaNobmJYgXcfiT0zYOwi,539800
Jimorrow,06qfSjDnOB1ZMdkynif9lv,52400
Kerala Dust,6lK8O3kyFThiTmgowQZGOH,701900
Jstn Dmnd,3apiGaGR4luHv38fTEw0I2,28500
Willone,0HHPiYhrH0UvwKgUC4Lwpf,2100
Usted Señalemelo,1a1v0OJC5GqtsLwzoqJm7j,392400
Nxtwave,3icg8QXxKDihHvzfoC1Vpm,109200
Su Presencia,2gaFnEQydJdWNkT17NLZm3,1000000
Booka Shade,2CKaDZ1Yo8YnWega9IeUzB,974500
Max Frost,7r8xR0LmnaAM623MmRDn1V,697500
Healthy Chill,6UEzFyCNDtURg1l55RTbbi,24100
Nu,,
DJ Mass,7DDdKIvTMJoVym9n4UOKYA,24200
Romaine Willis,5KW7Z7pvvXDPbig7Dlt4Rp,25000
Apzi,12xBvaWtsb3RT5WPljGy2o,21400
Hasan Raheem,6gIqKYKRmltKfkTnxhMv8V,2700000
Umair,1n6pjRJkTY5v8RtUCAv5pi,3700000
THIEVES,0l6M2vf0lC8N42B4spXUSn,31800
The Lazy Boyz,2KzkO65Rrsa0EerH9Cq0hr,1600
BLOOM,50oINOtltCQyUgk5vJTieI,1500
Sheck Wes,2RDOrhPqAM4jzTRCEb19qX,4600000
Offset,4DdkRBBYG6Yk9Ka8tdJ9BW,18300000
SomeWhatSuper,1pPqXQHGZXTENoCjBJdfQ5,17400
Abid Brohi,2bWHWO5IH8k6gq8vlMvVOL,7500
Felix Cartal,6roDXEmZ6AARdOUv6x5U2v,653000
Party Favor,7yPPzu5UdAK7yagQqjEZQm,653100
Recham,6VG3lHIxKKA5xsVmxLHRfP,53500
Boombox Cartel,4m1yRHUMhvB8gKAJTjK4kO,329700
JID,6U3ybJ9UHNKEdsH7ktGBZ7,16200000
Ilija Djokovic,58fmi15nN6S2nqZLRRtdtc,148500
Mashti,0c2kLTUTikqUpkRjJOerzf,136000
Livin R,4Rh4Fzjt2PwutKQ42Ya3gs,102300
Noisy,5bt1iZVk3VV1LxRL4wzZ9F,70800
Paco Amoroso,3E7NGbzUGlOjgYY8nvtijR,657800
Ivana,5AXxk4cxkMNsTb4TtwLAQJ,180100
Kaskeiyp,0q85ePGvxj5KMtA7XCTjKP,18100
N.F.I,1UmSNiqXtkwAXtzdejWypd,81800
Молодой Платон,3yUI9YVLxfPiQHOv07gwAi,364300
Javiera Mena,6c0qylj1D1gqcUUN2P8Ofp,323600
Francisca Valenzuela,2piHiUbXwUNNIvYyIOIUKt,789300
ClubDub,5A5hVxY3BogJUch1IUcuw7,31500
Hooverphonic,5EP020iZcwBqHRnJftibXX,1100000
Alex Anwandter,0M8uC0u1YRUGCieOKmQF02,184400
BabyJake,07Asx51VtMw5kbNXKrpZlq,916800
Naila,391kq1VeeRr04iTqBmRhyg,43
Henrix,1q0AwJAvPS0dF9WJ2EPAJ9,14200
Digital Lab,1hyqLeiGSTDD33TF3s59UQ,12700
Izzchughtai,211ei6ZiUeBMIXUZGBaJ4S,81600
Somnia,4ki6c8S4ZcTNSV2bbom1Y0,36800
Big Gigantic,7o7mC95EDbJKTcPAAs8C3r,876300
Logic,4xRYI6VqpkE3UwrDrAZL8L,8600000
Ibhar Wil,23SypzCpVktQ39zbGrWaru,0
Space Motion,1k7iyyK6j5IJzF0cUMcaGY,833400
Stylo,0e8a2RTD02fJ5lmCBOR7DI,440600
Vengaboys,0cwmNvclzPd8mQnoHuIksj,7100000
Yo Majesty,02QcKlcRiv2tXgI669XopZ,25900
Conro,1BAdSa5cdtCNLbvT7gWmtJ,300800
Gold,6ImUn600ZnHXjWRuYDMh4H,29800
Alison Wonderland,11gWrKZMBsGQWmobv3oNfW,837300
RedMoon,2zwLoBaOsn1egprJgHljml,34800
Meron Ryan,5sp1KhgKd6NVt83alP5T7G,34800
Nine Inch Nails,0X380XXQSNBYuleKzav5UO,5700000
Chico Trujillo,6Hs8U0JO2nacXFG4kp15Co,628400
NTO,7ry8L53T4oJtSIogGYuioq,1500000
Kasablanca,297Z0teiCkp5s9eneWROpI,1000000
Synesthetic,3pj3146DprJSQuMVAKrfY6,13100
D80,6Uj1sUeLrLALTVQAhVbyN3,94
Sainte Vie,30oVwXZSlElygdNpcUIFBk,172800
Rebūke,113reBz1jA6rVxbXl55mlj,1300000
8Kays,6VJ8RuUWKIgm5p5uEvZCfQ,261200
Diana Miro,7HKB2dr6EceAJM8xRlXYlK,274200
Jerome Isma-Ae,4GEIawzVZxWGdtl9OOdgeA,391700
M3B,2JTmAQ8oR4a8N3cixRINcv,32500
Jean du Voyage,6tcOJ8DRI6oaFcXgYBCnRc,265200
Shall Ocin,6OP6u8D2Icl5qmrCbyTY7M,75600
Jamie xx,7A0awCXkE1FtSU8B0qwOJQ,2500000
Moderat,2exkZbmNqMKnT8LRWuxWgy,1400000
Metronomy,54QMjE4toDfiCryzYWCpXX,4000000
Mordrez,6t7WH6Cjdw9XQpzruqFwbf,4700
Flight School,03cBG8kNCT0uj0IwwWlb0e,979
CVBZ,0pt7PX4Hftlg8mV1ySU84Q,639700
Zaheera,0t1vuF5b6SpCCiYsK9GFU8,2600
Dead By Sunrise,502ZZTWlqgS1Ht62ewubEJ,430200
Tube & Berger,32wcuqRxZuBY5HbH1bWa8h,671400
Tex Amos,4WMpCUnK5tTKPXRLHvwvOS,115
Armaja,1sy5nsw7tuj8b209rZP5ke,4600
Los Látigos,4gQjSrUccdskocfsE4L1MF,22000
Alegant,5x8bXmbyCTgrQzyJOHLWtO,56700
Róisín Murphy,3qwabfaWewpfli7hMNM3O8,1100000
Hucci,1wJNeTGqvB8WVYak3HC3pk,351000
Alef,3AXR0vckCgEwDz8jXHkcvK,64000
KAVYA,0GBYfJU5PsKSfo17UaPpC2,5500
HOSH,3qoTlYFOahAlAh9ee3qnbs,340900
1979,0L4gqdrMNbRIbNKzgcBXG6,203300
Jalja,2KgiNo5JQEyIQdGv2Wyh4R,346200
Mr Hudson,1zV9UjTUevjp5VUddqIUUn,107400
Smg,1TasINjxzS11tMY6l97iVy,29000
Atteev,6rx7dBsDlJ6XnpCir8Fmtw,1200
Frntflw,2mKg00hLcQ33jrfNitcHoU,613
JOYRYDE,24neLwyYRyj4ItaGnFeIT0,436800
Solomun,5wJK4kQAkVGjqM9x46KQOC,2800000
Stavroz,7su1fG75ZwXHA6ei9Zcy7T,579800
French 79,6MJKlN8ya42Agsw3iQZs6e,1600000
Nightmares On Wax,4tNxq9NGKTKaX8OkZBLgf0,1800000
Catching Flies,4zAOqBfNLyWFvj1e3yvypJ,1600000
MEUTE,1z5xbcOeFRQXBVDpvRPh8H,434300
Myriam Hernandez,6NHTDaYSUeMaroI5U0jytT,2800000
Peces Raros,5UI7HXsBEfRSsf0T4t48Q9,507500
Klaxons,2qlAMLpUyBjZgnzuFXXZXI,792700
Kúra,5yd6wyqEu1ltU3MxivX45Y,30700
Ehiorobo,5kZ3bLambJ4rBTQ7c2pmi5,79100
CANCUN?,5Yw8a4EYuA31E9paXwA50w,880900
Padmaja Sreenivasan,5B9cyUBFtZz1XNbG2Kym1P,252600
GASHI,0JOxt5QOwq0czoJxvSc5hS,858800
Mnogoznaal,16ZNqMkDZrzd8fTXeN2kUH,177100
Chet Porter,1BjaGDkxwa2fb2pSCXlFXb,90500
Alesia,4fdohQ4UMw92KzmJ2aHNp0,268
Rob Swire,2SNg8nqwOHF1eZgRnL9zes,323700
KATERINA,46cQ7IfSApHBqNxY5AMgoW,146
Reese LAFLARE,07V3atNq2TyPNDYmzp6Dyy,92300
Tham Sway,3sEqETeMb1urfCoVUhdjUv,0
John Summit,7kNqXtgeIwFtelmRjWv205,12800000
Sofia Kourtesis,7wXTWO45lqpUejDkike0Gf,384300
Bellorum,1Ylv9zH9EjyMQvIAah6nOh,16600
Alexander Tidebrink,6kI0ZZ0yjJ3Bf5JjEgUJLC,141400
Shaka,53EkbZkH0Nbq7aMUqZe3Ck,209
Fukkk Offf,7g9IIZVavPOJdU9eNwTNLr,134200
KATFYR,3YLkA6vzX3YvFV8qP2olwP,90500
2 Chainz,17lzZA2AlOHwCwFALHttmp,9900000
TSHA,2kLa7JZu4Ijdz1Gle2khZh,745700
Clara Cava,5bOm9wAui94GDhPOCKgmhY,88000
Saint Etienne,1N2FgBLehaq77UEdJhCt7f,1600000
Taska Black,3XFcu2NnGWceLNdxRCfYH3,176900
Slushii,41rVuRHYAiH7ltBTHVR9We,3300000
Stereoclip,4x2Ejyd2OGXtZrPvAQWvYL,875200
Flosstradamus,2FmzVitXZjIkFolH8HXd4j,282300
A$AP TyY,3XRvpMCFnLf5pF3uiiuLfY,19600
NXSTY,0fVqst4UD6o7SKW6SsWPfU,441700
Baauer,25fqWEebq6PoiGQIHIrdtv,1000000
Amar,6QdjZOuApe5DjregmD5BLj,57900
Dany Synthé,2zTuJejwDNORTLRCkQPbHy,274000
Knock2,6mmSS7itNWKbapgG2eZbIg,1200000
ATTLAS,0jM4IKp6YlTxq8tNDH9fX3,184600
Rune RK,32ejcIBfk6cbs473H0LlBE,417100
Firebeatz,53YSn9tHwGJ6bq5P0gGoYo,1100000
Manuel Riva,2hkGkEnyudpE42IU4DBt99,333900
IRAIDA,4vlWcKDxlW0shCIXLuBuov,284400
Eden Golan,2eqELzJhAS2EDZayMaMHk5,306900
ZANA,34lIancN28qj7jD4JxYOdE,1300000
Matt Hawk,0lGQjr3FTxAwGLlpce0jMg,248600
Thom Yorke,4CvTDPKA6W06DRfBnZKrau,1500000
Bluszcz,4QUfzPnzzNf93Y6VKxZVlD,25000
Dënver,0KPHupxNcc9XMQ0SSn3LKo,108400
Cami,3VCrybIJKH7UurbDcZbMmn,1600000
Vitalic,4M84umUNRbZy1mJleyyRM9,1000000
Ibiza Pareo,4JZdNNzzAhW7Ag2Vl1bZrw,9600
Sarah Rebecca,58obmxGKVKCenZAkACSMgJ,1400000
BROODS,5r5Va4lVQ1zjEfbJSrmCsS,568500
Atour,2UfslS14H0Rv8HOzMHgUKl,15000
Ashkan Kagan,2D66FABcMx1DcjVtrVAeHL,181600
Hiphopologist,45YMrIBH74j8e2wNlRSSdK,124200
Kamil Mahmood Kiani,2evSTHzPQBfCYbhFhzOcbc,19
BLOT!,4sClD2eQdYk9UuO1xbyZ0G,2600
Joris Delacroix,3HRRzIZNQFus3xlUx2xKy1,292900
Chill Satellite,4vZ2mRnHWxGV3JEn2SO0aA,9800
Run The Jewels,4RnBFZRiMLRyZy0AzzTg2C,1100000
Lil Gnar,3EIX8WuD9ybB4ruz0MSilB,695700
22 Void Beats,7HSsXPuibnpm1vpFZLQPIL,12100
Sneaky Ollie,1nFVmpQc6y5eIMmoxR10rO,6000
Milano The Don,7lFbga7DROfkuO5gmC8Z6h,36800
Duc Duy,1f7i8LJ1IO8xbdHsloO5H6,107600
Lanek,7afPAbg5jb45KFUSnHIMFG,1800000
Tunacola,0E0FX8RYDfwseJAhwO9AK2,26100
Pablo Chill-E,2XcZshqzPKm3iZcmt73R8D,8100000
Inti Illimani Histórico,3ofeDjH3XD66EbnLIHWk8i,101600
Quilapayún,76sZcEL2ZXBTqNeFJAhlup,150700
TOOMANYLEFTHANDS,5tCPpDoXfTKy5yTongtDAT,765500
Bon Iver,4LEiUm1SRbFMgfqnQTwUbQ,15000000
MADI,5KtyvSnzn6NcqukCOsjfe0,36800
Sam Bruno,2PgOtERwe37cW1U9z7zAHb,34300
Ravam,1nPo0Us9ZuRHCqTX8R9Cky,133
Jody Wisternoff,5gTVJRQmuS88nOhhdHqErL,1000000
James Grant,45fFrwMq6sPP5P4k1qqFi7,818300
Max Fail,6fyLFM7G6aSFpZ1BUUDCLf,349400
MEYSTA,5t46kxwLb7v2uC1aqwqeSS,76300
LANNÉ,0K3HwnyYaxoQO9hZCBLtOH,903300
Christophe,6MmRTVIPIe35OsFqWgRKQJ,1000000
Gerard Way,4YZ5ECfbM2xSTSQTJGBbO5,630300
Dino Lenny,7il6z1RANNDWYlYnIevd4L,176100
Theresa Rex,6t9tbRO9Lv6Oq6xtVwfdrn,425300
Dropgun,3nAdmhth5AczU6YwCJOlYh,362500
fknsyd,4fHFFvChjfjG7sAseTwiXd,114000
Ninja,2praKdsjYPKh2yNXBdTWGT,2100000
Steve Kroeger,3RuKMixE6jnuXqEx1Jy1om,376800
Life of Kai,0U3WBWEyw85dVEwCyvMXwB,102600
Miss Monique,29TpNOsTNYbLb6Xa10H0PR,939100
Oceanvs Orientalis,3gNEIgLeknpwkNViU8WAhg,331100
Tiga,2of7NLLls0dBIQgfndMyxo,7000
Lucifer,4fqjeVEalB6iB3BhKu5HwZ,21000
Coiffeur,6uO4hHITsBB37tBsogIB7K,15400
Oliver Koletzki,1WjBIvYAnZTkTh5UiZNwlR,999800
Lil Debbie,3FNZcjyqT7F5upP99JV0oN,27800
kSaya,4N8z2CTrbGkT50OoGj3Z2P,989
Pooja Gaitonde,5fDCO82jSwfx8SJRUmY8DB,0
Prasad Gaitonde,6OKKST2lo5Q4zOpmOLS7ja,656
Romy,0bRPtPZQkWHeG7MGk9eWlh,7700000
Nicolas Jaar,5a0etAzO5V26gvlbmHzT9W,457100
Shoaib Ali,4f0O7wfzkORIK6pbOfbMyG,2
Hijazi,5TP76JKGj9ualoRtE2vcPL,112400
Noel Kharman,76G2QPGz4HBmhn0D3vr9UL,117600
Paul Kalkbrenner,0rasA5Z5h1ITtHelCpfu9R,3500000
A.M.R,1VYDrE9BSCRxSX8VHVJZNc,217500
Brandon Mignacca,5k1EecpyjkutxtmZKlsBOj,32700
Oceans,7x3hXpGkI296eBLTbhbND0,55600
Rosalie.,65RQbLHJIWPfWwxYJ5a5BZ,259100
Jan-Rapowanie,43yekIowVCHkR6TGGg9gSp,1100000
Agoria,4lu50np3LdTkRL09T7x8UP,537200
David Carretta,4z8hp2djLQN4FGiB596ZDB,11800
Orgy,4uYwLU7k03RCQSRXGtQGg0,1100000
Monetochka,0yp6xP5xe1qarfugfTixOK,1200000
HASHAM,3b2KqMPwMeN8zchJ9CljtG,11900
Hippie Sabotage,4dM6NDYSfLcspt8GLoT5aE,6600000
Siriusmo,22680B8sUdq6bL6nQaJfwg,189400
PsiloCybian,5z3wbwZBJlUQFm2kOUhHg4,10900
Vanic,2LY0E3xg8svCVYXVNTze5T,425800
SYRE,2CYeehJFz8P851nNogWJzI,0
Dualist Inquiry,5aMYUhl1rqAASkRo973ABD,4100
Kavya Trehan,69JLCVZYFiT3NQyYP8Oraf,0
Kashovski,3sQmCQTAFYhnhhoBhsv81C,241800
Idd Aziz,0LC3HTEh3afI3UfpmSdShk,769800
WiDE AWAKE,7bKJsFgjE6XoO5fDhTCCqX,239700
Xo Man,5FY5CvkIgbORCgqPr1FsMG,4200
Jack Dawson,2UrCf8LmvXFfXAR0HtGkSx,4600
Monolink,2I4hRNCYkPKJQlkoEZKjYx,1700000
Archive,1Q776wzj2mrtXrNu3iH6nk,356000
Young Buck,4pr7J7wzgObkE3DD3Izi7q,1400000
DJ Afterthought,46yoMIbiLf1tIH3CRZiSGX,59000
Vindu,2CRx4wZoJ1wJLX6DtKJpej,80800
Tokyo Machine,3bwENxqj9nhaAI3fsAwmv9,359000
Nouvelle Vague,4h7NLIlg1oYdEtfQJfyto0,1500000
Camille,0gOsZcHl7H3ewXVIEnWFZX,1300000
Zero 7,14H7ag1wpQOsPPQJOD6Dqr,1800000
Sophie Barker,5338nAeek8WVCOPNnT7Qv2,1200000
Jeannette,0QRElUVqKorMjCNg6yPQfw,174500
Fritz Kalkbrenner,08Ut1tYxtmgIInVyQqohkM,2000000
Alex & Daniel,31gYO24AA8eh6LmCV2m05B,28
( Me Llamo ) Sebastián,5PoJhiT21fXvZitg3guhiJ,59200
Duit,6NUBt2nj5uT4iLLTIMRxra,1100000
Die Gebrüder Brett,07vNMZfNvVVmo0Ajvj8foo,513700
SzumH,5RGWiXdMT7TzvA3vr3LYP6,24200
Bullet061,0dhRp1woRu1fHDF8TSyiVV,0
Rone,3kUZGSJr0V7iJQ0wXvV2z3,140
Gui Boratto,27LGatz1m8aJ7ZaVVWEphc,525300
I Monster,1CcPlAmcnJjC4FnaPVzv2v,2000000
Grandtheft,4R0EwsTKt1LIFcdezmuezM,110000
Delaney Jane,3fuxStOqQv8TiytHeuGiE8,1000000
Branchez,4T5kpUiQUVJhuf9YT28qlf,486700
Weird Genius,5B4kCOhcqTywB9YwXPfFtJ,1200000
Reikko,5n4a9seylr5pY9paMr9nWP,58700
Lil Yachty,6icQOAFXDZKsumw3YXyusw,15200000
Hermitude,3fmMaLC5jjf2N4EC2kTx0u,832000
Mataya,6JW55AQgf9M9SZgzZou2NQ,101
Young Tapz,3Ufjh9B15yzmuUlv5m1x3y,1200
Sophie Simmons,7AOCUMe3rKW4o3uADBNwVy,200000
Tourist,2ABBMkcUeM9hdpimo86mo6,932400
Ardyn,4Ibjhh0sibd5FrMcot5aOu,3600
Davis Mallory,36jYAd2YSZ3xc21LNvMPPV,32000
Cautious Clay,6iWuBN32BqCJAeXW6o3nil,1100000
Morcheeba,6bWxFw65IEJzBYjx3SxUXd,2200000
Einmusik,1LXTXZjheh25pXMEUT9iC1,466100
Valdes,62KIJJdBnLN13RmoZPNXfc,15800
Solar,7FLQGBNCW2b4KK0Sea6cc2,35
Mambakid,0e0yLUXN79Op2NJY8ePeQF,129
Jesús Navarro,177dG4gTPSBg2F2KXZdPMW,376400
Ansar.,4PBJ9JbSHMMA78dtwhXtLa,11000
George Maple,19m3oZKjGSLzVW0OGIAcNg,107000
Jacknife,28YvCT7aJv6DMie7ltTeqo,73500
Everything But The Girl,13ccXrK7AmXb4TddMkE7jy,5700000
Ahsan Javed,5ArnhHA21oFDLibtjuxfA0,0
Moksi,5jm3x1qIibWdKSEMw2G011,391800
Denzel Curry,6fxyWrfmjcbj5d12gXeiNV,7000000
Ronny J,3TKCdsX8yNNoiC1gesn6or,1100000
Haj,05WNscDcYnsCEMH42h1ehL,165000
Viken Arman,1xQVwAdSzsF8DO76NsZpMK,259200
Hrag Mikkel,22Z32gjyHDehQRvqWJHJOo,79900
Hobta,3XdGpYRQNK9osN8W3jyXpd,31000
Brennan Heart,5QySqc6yAFDx9m7fedFZmC,1900000
Krovostok,0ksNNF08VvPbHDXN06mrYa,198800
Jimmy Sax,3HUXmgW0AIko5psVtQmqWE,644800
BVRNOUT,5oREZfPeedk4nyo1GpqKfU,121300
5oh8,14cxVSokfnzjWzmzeoavXb,20700
Holy Fuck,6Q0gMZJNIebNFFaJeonc11,974600
Kaktus Einarsson,6JNguRWD1fs6lOR6IXQlp3,21900
Tribe Society,2Uy7HZ1G1NKVkRqAvGe5a0,80400
KOKÔ CECÊ,4MAPWlyF0tOgw8djPFLU9V,21700
1988,0oblqYRlqBP9Cc0ImLBvDU,8400
Kukon,3U5Oag04Yl2WnvPULOlsMD,1900000
Scooter,0HlxL5hisLf59ETEPM3cUA,4200000
DAF,4KtyUYo9zaM9YggIVc7uxx,98600
Malbec,5BwfcZdtiyHLvxKi7JrNMz,352400
Siuzanna,6Gk9dBiOslC7BfljIWmzj2,128100
Novia Bachmid,6eK6JN4xhNFMfe2QHLwrx9,185900
Angger Dimas,5tuOpj3ofDA06hxQjvjdGZ,44600
Nessly,6POMCYQE1sq1BJ8FnAvTA8,105000
Jamila Woods,4UodukR17NIQfNu5uaqm9B,488200
БЦХ,4A9nJrRnCnzn6N9IiEPy5B,574
Dropped Out,7zN7ZzgJdUZdEcbecViK4N,1500000
mohit,4UubVINfHiZxIV8k2PechF,11800
Prudence,46Yft7aKaVVOyuSvu2Fyka,120400
Morgan Phalen,31XcLJj5SRtJ0smI0iV9g8,1200
Naseebo Lal,4sAweKU7CjDZ1bUEb6VF6a,595900
Rhye,2AcUPzkVWo81vumdzeLLRN,2700000
Arude,3jvLVdebZznGhPcOcOFKd9,30800
Alison Goldfrapp,72f5AR6hMeL3BwtcO7HqhS,339800
RNSOM,0PDXIBsT4ZOJyqrF1MYnxh,8700
Davis,1Nejskv080HulTwcWnNPUr,63800
ISOxo,4zVCMnjw54nkhGHU4e1Pav,834300
FrostTop,6T9vLiLn2HpWHNaaEajGB4,126100
VINNE,1FGLT6mEhIrPhgqYiU57ro,359600
Angela McCluskey,5AlIxbb8HarTSm2tdA5F0x,40700
Mercer,7aSsnDTH11xS2yIn6cNtsF,127900
Romare,6d1HqiWNEKV9zFqQM9WeYo,479300
CLUBZ,6MoZZABXeQwEmzmcwICxwK,488200
Yael Meyer,5xCqJdB2V3ZNfuxhiAJi2r,11800
Randomized Coffee,7KzNtHVcFbaZoGufsX1Jj0,6700
Noel GC,0Lh1YzhAgTeHmXP7BFox6g,18
Owem-G,3hkWJA2RzyurjnzAFqfbRj,169
Ándrue,69IreGRMoBEqQ6n1LZIhDo,41600
Mythos 'N DJ Cosmo,0i4Dxa9yaEorvpp6Ad5Zkw,126500
The Presets,1zTAQ6zkGz2L2i6lfR30EX,584700
Proyecto Gomez Casa,2llTGhog6PYF3KfYg5sTYe,23900
CMC$,78DWNk8gFHU30TGITAgbM7,999500
Gia Koka,71WExccCBN2mw0klSzfYzz,563900
FKi 1st,5z2pmwMcZY2cvunWFVGaXG,0
KEY!,24sMbPYCiutsARYvQycdi7,112
Justice,1gR0gsQYfi6joyO1dlp76N,8100000
Unders,58wDbO29TUyzGTz7gZqOue,123200
Télépopmusik,3aKCo8gLJfuPYtr88aWKjF,771900
Zoya,5eqThkuR9VjiLuYfzESTp7,1300000
A$AP Ferg,5dHt1vcEm9qb8fCyLcB3HL,11200000
Creek Boyz,2GaynEwi8XdZuZ372KKsgc,19400
Perk Pietrek,7gVaS1q03Q8Dliy2lDXLx3,3800
Domshe,7Gx5RTrPWOcdOiwLGgtqm4,7000
Karan Singh,5yYR29jWlDrKpnG7fApk7V,2300
Rohit Gupta,7mOdkClAy4O0BfgdWpH4n7,13
Pankaj Sakha,1AekZ8puJfRnfXsM4ybgHy,0
Armen Miran,4qxDuHrnTYQkihZiJYLWdy,203400
Hraach,6rdTxNwQhUJTodUx7voWXO,268100
Fella,1NPhe4JgdF7Om16GCI1c0j,0
Marcus Cardello,0cDMOBsQAiNdrEsQXrtqXp,133900
Sahalé,4M7kyBSGHK0aYYjObYeRXZ,245700
Kongsted,1PqkzV8bXUf9ZBPC6OJo7o,71800
KVPV,04pwBSWIWlF5Bdvg6SmrRc,151500
Brandyn Burnette,14mErTJ0ubFVjx2zBAwjkE,138100
Peter Piffen,50LmKJrodjlTvdI6FvtvrK,54400
Carlo Lio,51NwQz5MA32kigUGYjdA3z,23200
Mango,5iBphIrmXEjfrqiuz5y6pY,1200000
Apollo Jane,1vqfuBk5JF1LynFQZ19p3r,27900
Era Wadi,3SwCI0XH9jdYWKJLfKEjTH,21500
Bomba Estéreo,5n9bMYfz9qss2VOW89EVs2,14400000
Ekko,4QKGlPUIuL7IzE4vsVwIu6,516600
Kinny Zimmer,19zuiWthJYU6FCqnV4mJYC,1000000
Pongo,17MjqHVqjHRfIKAKen6o34,205000
Kid Loco,1ViF5mdcW7pEn7md71YjOL,516400
Miss Kittin,3QhNv79NoIvarU6N57GBzL,335800
Torso,5qqerJ0AQqnasAFYJhfwIj,249
Anti & Ratok,0hiuHkPEjsi3VFOkm31mP3,0
Crystal F,6oZhc4ONSAMn6RYg6o6VWL,553400
Fakkt,2iXPA2OTgRMsfR1M1I6YDT,13800
XXXTENTACION,15UsOTVnJzReFVN1VCnxy4,30900000
Maluma,1r4hJ1h58CWwUQe3MxPuau,49800000
RADWIMPS,1EowJ1WwkMzkCkRomFhui7,7100000
Toaka,0xFsJRSOYJmmuozISzreTR,141300
PnB Rock,21WS9wngs9AqFckK7yYJPM,5300000
Promoting Sounds,5b0j3TTNSKCByBq4rHYKvG,3300000
Ouse,6R29RU7eyQHSNc5kaHPWJn,400600
Ski Mask The Slump God,2rhFzFmezpnW82MNqEKVry,4600000
Josh A,2rWCIhENZyPVDAeFC0ESWN,827800
Lumber,3LjfV43PERVCik8bEw4JGf,100800
My Chemical Romance,7FBcuc1gsnv6Y1nwFtNRCb,18800000
Paramore,74XFHRwlV6OrjEM0A2NCMF,33800000
The Used,55VydwMyCuGcavwPuhutPL,3000000
Smash Mode,4vpTmnsT3BkoGvukOmtYck,5200
6ix9ine,7gZfnEnfiaHzxARJ2LeXrf,13300000
Murda Beatz,3CbYyyd8wH3RT6t0jwpdzC,4300000
ilyTOMMY,4XWaILHqySwH1y6LhlYcsb,2900000
44phantom,1vwwjIPFeYoRfAUCqqO6cZ,309100
Brennan Savage,6SSmy635N3a4oWmPk85xpK,909400
iamjakehill,26JloX1vHxGGrGUVeMItFJ,1400000
sadeyes,5fj4oi7qHDoklvnnYmSBl0,165000
rainy bear,080kPbQFzomkrfHW8U4XkZ,8100000
SadBoyProlific,0inkJpjAKDnQOv2VHBCU0Z,674200
OmenXIII,760kxYHN5QTrD1DehiimjB,544400
ONE OK ROCK,7k73EtZwoPs516ZxE72KsO,3600000
convolk,3ddT1Q3KQAm1G7UcIfz5KJ,200600
guardin,6zqcGQ6MH6yetBUoquMnL7,268800
Jakkyboí,4zxMVHfIt3uZ5e5PTgl0ax,6000
9tails,597FEAQwddF3kZJ3u9gKFC,8600
halberd,7ow7nXWCZuMoU09aRki7GB,192600
Jimmy Levy,3IWWEdcjhQ3aU6WIk7XdgZ,133200
Judah,5LnlX7FdPg0ocmyBzOzDQW,158500
Andrez Babii,4DROs1Ye9DiLY3X8L7xvl8,110700
Joey Bada$$,2P5sC9cVZDToPxyomzF1UH,6200000
Anuel AA,2R21vXR83lH98kGeO99Y66,44100000
Toko Miura,5nyjJRg5OdmKDdG2s9qljE,48100
Lil Tracy,616rOZ4E9wKpyDqefDTjgj,0
Yung Trench,4uQFbbElr6aB0P0wNULI9t,42500
PRAYER,4QGic2UQwhraaN63znXHMu,22100
Tom. G,75q3USMHhXwAcZWZnl9fGi,50700
salvia palth,0pg0Zm8FsGAYy5kdHuBnSo,4400000
For Revenge,0f6TyESD8E1mD2oLJ4TGv1,12100000
Danindra DIVIDE,1YmqVMfp4EYz1nstenNIRp,0
Zashika Ijes EIRENE,6z8R5dBTKjjvVulxCIKEFv,0
Lil Xan,3EXdLajEO02ziZ90P90bSW,1200000
Drex Carter,2zhgWhhKeDGw6gGd16y7tc,241000
Nick Bonin,6kFCeHJQ1sK1fgBrqMK3G9,71900
Unodavid,3mpOt39mUD754Q7aZ725KH,82600
7ru7h,5WnlPOcTodnSWDtjnrjmzv,120900
Paycheck,1xd5p7u9w8mQc2nU8GwBib,323600
"Jonathan ""JR"" Rotem",0td8n3WZG9kptG9UsmYfc9,123600
Teen Suicide,2cAvReLDmjFQtCJFDJbHBU,549000
Faizal Permana,2ZptkOiP8ARuJIZ1JuJCIe,835
Still Virgin,7ItkysfbgpA20pQ7fXZtp4,111500
Pee Wee Gaskins,62USA8ccl2yj1sSVyqL2LR,546600
Muhammad Syaifullah,,
New Found Glory,4ghjRm4M2vChDfTUycx0Ce,1900000
4ever Falling,42lwXNRrnNkxxyj0YVsxZG,99500
Auram,1sXheU8YOsJUQNTjzYQ7wI,44100
ILOVEMAKONNEN,3aGFCoR8xGN6DKwvdzeSja,1500000
Cold Hart,1fsCfvdiomqjKJFR6xI8e4,538800
916frosty,6c0lj01vVpHsCH7Z5CfJ9K,188000
Matt Ox,2J6pigOrBmKQgqJUY5UM7r,695200
Grant Dawson,56KtDAQrZzQgOObnETB4vF,63400
Majii,7dsJ48XWkEN9Ax8WDzdxe7,75000
PXNDX,5NNlkZBrBpOJ7C11JwVxIj,3800000
Samiam,7eNSfWxOEWP2B2QQgHGBoo,44400
kizaru,5NipqMGsY4AUeb7kGT8aVz,796600
FACE,2z20q6EEfm6w6PiIKsgtb3,1400000
Vaboh,1owccMfQ8kIz69DsOUkMvi,0
LIL DUSTY G,,
Wett Brain,5rRR4a0u50S9JNZtL4OB5K,99500
Tommy Ice,3AUIYVmhwrsw8UOPHEv91Z,131300
POORSTACY,7vSY9HEreOqb1Llar3UC38,487600
DIRTYXAN,5BEGUGWpPDPKXCgqubqnLB,573600
Lil Happy Lil Sad,0r25HIHVcGcaEuJ8s5AK00,107300
eli.,05TvjXcgQveeF7wh2DBHvp,204700
MIYAVI,7sBtBCNVRujQhaHDODkfTN,705100
Hobo Johnson,05SdqPzK4m3k1ljK2wrTSP,329200
Alditsa Decca Nugraha,0vKNl1BwLiQyjQiWn0gdKG,85500
Reza Satiri,591IVTgnTVvrC6ieldaSrC,85500
Fauzan,0d1t4zbxuqnUCopBMk6eyb,85500
Harry Pramahardika,5W7UnJyci9xOWmuvZpAz2t,85400
Renaldy Prasetya,71XLUyC3Dg1SGgIS6RKjqt,85400
Sly Withers,59vpAv1Esa36VUiOvx0nYX,47800
Schyzo,5Daeg84OrNEtd4cTujeVPG,0
Killing Me Inside,4BsA6GhmnkTRZJrLa8LMo8,860600
PHARAOH,1F8usyx5PbYGWxf0bwdXwA,718700
blink-182,6FBDaR13swtiWwGhX1WQsP,20500000
Squirrel Flower,7bI1v9NGBBhq8iGfytctni,216200
Kam Michael,39Bu0mGAL7CJojNkEY38cw,57100
Killstation,0zPILh9oEH0fDagpkHTQQ8,436000
Автостопом по фазе сна,,
Jack Kays,24qqDoA4BBXVnPOdHBjT54,571400
Beamon,4YdeEI1YlIPMBgxdDNc39K,74400
Young Lex,2GP0U8IbD2C8CeVbtuyDaX,487900
CPM 22,2Jw4Lrfjnyv2QsDoBgnrAP,2200000
Wira Nagara,0plGQLVrkTjQ7UhX1ng694,167400
Bobby Shmurda,34Y0ldeyUv7jBvukWOGASO,2600000
Roderick Porter,7Lcln0AXqNHMahrca8KVpy,209200
He Is We,6yFbpXlBH8XHVQGjUPUvKU,773200
Owl City,07QEuhtrNmmZ0zEcqE9SF6,11300000
quiizzzmeow,2znSAMoC2z72k1BNWVMzKW,109300
Shrimp,53WWphw1pE9SBpsjRgU9tC,183100
surrenderdorothy,5DyJ1PzYEPstcP8m0q8bZp,292700
Lil Revive,1GfHpetDFhvqfm5pceDTrX,137900
Junior Doctor,6B4CA2EzAtLlTBKvpsZ4gO,43200
There For Tomorrow,0lYXa6aa87Tz8Jzv1nW4HM,229200
Slowly Slowly,2NNeERUBxmB2UrLFfL1Q8e,71100
Anarbor,09J4zbHHwNNlN2tfgJIg21,631500
dandelion hands,6mOWFF6HJ6krnIpW0CHLQm,950700
Protiva,2Bu87vdMT0plbktpNoHBr7,110600
Alone At Last,4LhcLsSfAdKmq5IDzsZf4U,75300
Dear Seattle,5gWPNlps947GENk32pRV3S,46000
Midtown,5dePEjHD5QEEKixOHXuRRA,86500
RNZ,5JJGPmRgi5ugYtcCRZs9hp,45700
Real Friends,6dEtLwgmSI0hmfwTSjy8cw,308500
Finde,5hF0MTyfQPDQzAN3TQnvRu,10
Nedarb,1VKWlHqcqwmU9CGKkJR09R,2600000
SoLonely,5wLADFwrz9AGUJotefFzPv,41900
brakence,4kqFrZkeqDfOIEqTWqbOOV,459000
DJ SpinKing,1qSJaftSab2kTTsj7fLxvM,738600
LSP,4h8pGxEIOi7j4me1yhYxlD,675500
Milian Beatz,0NOtXw04PmC43HrlLztQA1,4000
Lil Gotit,4ke9HXbejpYVMhbOjSa4le,473600
TRAVMA,24CcwHfnWexquUbn8wi58i,184300
RVMZES,3JbHE7IAQOdrvy9633SF5Y,28600
Foti,3wzRBFIwuV1yoUJm1GIzRb,2400
THRILL PILL,3ycMW1zADVTba39cPhe1YJ,945
Kilms,3E4RAXKwHU0mcjCwaHhjuv,42900
With Confidence,2PWXHVDEtObSmUrNhfPRav,386600
Sensey,23u2dvae3e0f3caJSqdlN5,455500
Vercetti CG,1JdsdDwTcng1Iw8IYEw4Ko,28800
Refew,6LWFFGHXtC7e1HOWt585xk,226300
Psycho Rhyme,40pdpBqmzrhobrnKocs4uA,96200
agrikulture,1DjUWo5Izdu6U9lCZWUBwv,1900
Yung Pinch,61qMnYXa1GxSBoV3IiYKjZ,494300
Horsehead,6fKX13yzBb6lMxaZ4PllSw,5
Ron Grams,7ExRitoagqoDzxPBU5hp8y,11700
PmBata,3jeXY6LJU0ZiKhXoXa9rRw,185000
GARZI,0w6YVGViQHcgC3eyc8LxUv,81100
Ras & Calle,1upnJgL8IkMC2SNtONW6h7,40200
Tiasnow,4dDSt0CPKbrOP6zL1XcDUe,51500
Theø,46zGU1FOSsPBXb1csAeMJd,28100
Plant,6gHfqtW8exAkwlpwHN4JyZ,48300
Fiks,1BJiQRWZ6SeOP31jOno5FQ,56
Dari,1Texsb3IZif75RvtrR6evT,454
Calin,5lEkQtWa3UKlI1hj7sktcd,1000000
Viktor Sheen,4cG43cUBRJWWDsRh4SW48i,911800
The Front Bottoms,5ictveRyhWRs8Gt8Dvt1hS,1600000
Totally Nothin,4esOzxPLunJ597xOtRt0A1,82200
Dorian,4o0fjkh9uiG7ZNFaCykK6i,31
Skelly,42Z2IHFfkfXnoEhX3sXj3v,39700
Coheed and Cambria,3utxjLheHaVEd9bPjQRsy8,1200000
Reznik,5dtGS8XRUIPNiCjrLngLJP,87500
Modern Guns,5Xe1EJV713SoJ2RiZHJbPH,63200
Ijal Bulb,3mxuEptO23IGaJnhPXGsk1,0
Ivri,5EjK7aUvQ9LMNqc2zXiWLS,3200000
Benedixhion,7drPVZKqAnbY227UltZV3l,24200
Mr T Lexify,7aUQJwXY5RaXOC1c0F16pm,0
Modern Baseball,1HxXNvsraqrsgfmju1yKk8,1900000
Richwhite,00NiRZvqGvbrUXRSpFesxp,0
C.R.O,4puAp107dCehraE47QXVQX,3500000
SATCF,6qbOIjJYDHpgeqPh0z68Dl,17100
Satoshi Fujihara,2iIhTPUMr5dxVXNs5TblZC,0
The Spill Canvas,4W8SeWrRZUburGZyp5JwYj,249400
ELLEGARDEN,3cbd5GWGOknxmFAe77MDbk,542100
The Smith Street Band,6DW1Yqi5B34jRtn9hPLvFp,77200
Rella,1zBEaSDIWY9u7ZAzt8UIn4,0
Conor Gardiner,5dC9BCmJHNud3RsqEzwjrR,48600
White Punk,19AYVxJKzrvbJqJ1L0RmCi,61000
Lil Yung Pharaoh,4jczsakWPZWvvTBKml2bBQ,35900
Автоспорт,17mNgaLxdoKUkbRNmiFFhE,263700
guccihighwaters,7EIOmfcBRSR63ZaUptkD09,168200
Wicca Phase Springs Eternal,70AkqfU43ou9hFxJZTDt7A,201700
Boulevard Depo,7dH8w9flSy9w81ilr0xXWe,456800
RE:UNION,03Bhc7GvoiLE79N9OT2eU3,18600
Craig Xen,5bCwYvvFvWOEXtO9W7p0Iv,659000
DOXX,7uzKFCBLb6SLQ5c4ML6fQw,87100
Casper,6UDhlW8uEVBBrqHS3RrKuv,915800
Hasan,7r0Hsjxgy1tejZM3zR4pn2,8
Bayside,51J0q8S7W3kIEYHQi3EPqk,380300
PAWLIE POIZN,5AhziBQ0XKHtvejBOMGLtN,31600
Medooza,5VJa5WLCgZ4HEJq4N5OBub,19000
NIKØTIN,7txRG2giI1HIzj93V8Lis3,0
Andi Cakcak,10eCH5dEzr5ZSgyjzgnDHu,0
The Ready Set,2eRJjYEaWyGZbOBGYFLBoC,451100
People In The Box,07PkYuHKeec24az6lKeUS5,84200
Yunggoth✰,2Wpsydr0xZekaBFNQ0OSKd,569600
Lil Xtra,7j8XINhxkD7WS4efrPxbhm,48800
Pearly Pride,4uoY5IoBFvGtbLrRpeukfV,109
AyyLeek,1Mx6ArbWztWFzlJXM4WvOo,3800
22ViZz,2kuj6lUBboMhnOt49WqWCa,7600
Ethan Ross,59PupD35uDhgTCVfuV3GtN,566000
Max Volante,4bVHt4QRWHMTRbb27flRon,42600
Ketama126,0pSx3asj3usz5PRt8COo0E,594100
Venz,1tiKGhukGvmNRxF0yiIsYO,36000
Thierry,00Y8D4UBt8Li4VRHROLDj4,59
SanSan,3ZtTKs3AgFMdIoWsCnWWMA,28
Jack Out,7KFzz2W8u1HdZhX2XcZCXI,21800
Moka,4W6v3SkHwSbsdCkJrzQLXl,29500
American Football,5FwydyGVcsQllnM4xM6jw4,1200000
Meiton,5pyiGpcOGmXkjnhIoUGYCL,45800
Pyko Fatal,2GUXhB3QlFbFBwpkg7iVgd,19800
Drawn To The Sky,50rzrA2ZgQYfaBRo6KwG02,29100
Mackned,68VUmnZEzmzZdd1zPtnbZZ,151200
Halflives,4er5NZNuc83Cev96LA28ID,108900
Kemba,0oZASNXz7lmZGoXFh8GnZM,73800
NEFFEX,3z97WMRi731dCvKklIf2X6,3800000
Nikell,032rOAE2aeGQzG1GDfmjPq,2400
Kori,6tUcO4yFrN0Zzt3iMtDyns,73100
VyOk,6TCjV733jXn7lpc01TkIbV,35700
Damero.,5VOoDwt06adOAXAGIORMnW,1100
Tuantigabelas,0CKf1Ac7v8HTqXxYdWsyWn,227200
metyou,4ObrwA9eUtMH2eQJczCBrX,33300
AMK,1AFQg3CpeciNbd120XZDmi,714700
Sickbrain,6juJQk01xIW9SaPUB2fBlR,5400
Tony Boy,6PsQc21YZU7WNfiODG69Qk,2700000
Yamba,5cmAoURYGVEFe0FyqQ127T,65300
Sergei Barracuda,1hwvc8bcyy9ruXXXRLcfko,294600
Thermo,1QbzQdZKxsacsjONUm0Gua,0
Microwave,7ptm7G8z8VVvwBnDq8fAmD,338500
Something Corporate,71h7GTahhKcSkQ1ayhTvOD,355300
AwKarin,1W9sCsSX7vnyDAD3rFhP6O,6100
Big Baby Tape,5NMwoStnfHT4LdETlJSwDT,1100000
Trick James,1pTsdH9YGY5SYSDjPkMca3,44300
Elteep,0eoUjdIgU7Heid0Mv3EjLB,26200
Lil Sanax,08kfcguo6aDqrugFck6JwI,1800
Underaiki,55IzEzlyUcBFqGgyam2Seo,151400
LiL Lotus,2RJWS2Lmkw2uExDmFMe1Ry,111900
lil aaron,3FCYSWNVmpjTCiwzJwbMAC,293800
Nik Tendo,6gvVFtkTV4OCyQSCzGgU1h,576200
Flatsound,4ze1UwMqtSlhTgnyk8LrW3,1200000
Gianni Bismark,1nkLUD5dUViR5Hl6LNYZum,2100
Every Avenue,1IpSmgcN9F3KNa7j9JtAE4,407200
Generic Animal,6758RYtQUoFGOvE0jUxQvK,18100
Massimo Pericolo,1El4YQA8oCXX7ynFSxRTFq,1400000
Sad Saturno,4skcssepAWMUywr7Nmng2d,7700
Bonde da Stronda,0MC6c3SYpS1KdOuzLdEbpa,591800
Dashboard Confessional,4ERtgeBbWRkFzIz6LaFCeY,1700000
Canseco,4FiUcS3nZ5bfUOVAIC3Up5,35100
Hot Water Music,4dmaYARGTCpChLhHBdr3ff,166900
50landing,5aTRa02UP1y6PW5klZiTt0,52500
6o,,
Turnover,0gLjJuczGWhqKVMmVpIT52,591100
Yung Tide,1mInm8wh9Zv5fpeJekJ8Di,13700
Rey-Infinite,3HuN8ukwHkdf9HPHAxiS14,3100
Coqeéin Montana,4StQh17zinsbJ4r5ekmPj7,42500
Disme,0CXnO9kUawdDjzToSqCC3p,479800
Andrews Right,7ur2nrlYv0h4Yw9AHoFkoI,3300
Milion Plus,5nnHdjcmMZ0uDgAauJQyFE,157000
Yzomandias,721o1Z0J6jQupyzLt9RnEk,900000
Catch Side,6pc63qGUhQR35OBYShnxD0,22700
Just Friends,5489Aao4KjbdU9l5CUadOa,56800
Heart Attack Man,5esKrGWvWmBAmjnao5jInN,97400
GionnyScandal,7EyPI6TWLhz3XUpxkbyCV2,112800
Giulia Jean,3MkXTqMdLdWScN4cUOCLr4,1700
Horse Head,0LBfcXnrLErD1afLyzB2xA,1300000
Moose Blood,5fEKZRCUa0JApec5Xy095q,265500
Porty,6F8lRUekNZqSBbR7iXIAgk,12300
Masappan,2GMWjBQeVApcZ9to2NP1QC,35300
glass beach,4gHs8pWsgZpndQZKs6QVRH,225800
menores atos,6KNc5HwsgpYNBCPaPrg4dv,18800
Prince Daddy & the Hyena,3EYgeLZ0vtVHKkUL26Eu49,122100
Elli Noise,6yphIkIqAO5zE9v47ybUFE,32500
Landon Cube,04ei5kNgmDuNAydFhhIHnD,2000000
Anxiety Attacks!,2MFiIdBZb1qMLyOyaLioLn,16300
93FEETOFSMOKE,0plNgbIlOc13T8ot3vyK79,67200
kiLLa Laharl,4LtL3roYjwxZooH2MWQczN,103900
Kin$oul,6HhsbprrJmKeaH8SgSlGge,237700
Nep,7t03M4BURvB9UuqKDUECTs,48
Jerome The Prince,5DxyEH9nfzkaDYC4eCsjoY,63600
Broadside,7EGdqeEDe7WMqOVyDFUYyo,628400
ikabodVEINS,4rG2LxSJpps1aGz2w14UI6,7300
Cicco Sanchez,4WCGWBfRK9jWrDtxj4Qdel,91100
Casadilego,1KEprABpzSCzzgwNk8EpYT,20800
Riad,4SUoqUEnrrL9EGbE84ozJj,64200
Wesome,7sHrErWkMCdfYlggsL5rwv,63500
SKiNNY BARBER,2TVTUyOkmhEQpMd9BD27hk,34900
LIL GRIPPIE,7INqwZQeldkmXYjqTFGSbu,44200
Siempre Me Dejas,6ai6H2HvoHvjEF9y8lyCJf,14400
Motion City Soundtrack,19zqV9DV3txjMUjHvltl2D,674100
Strange,6TECxAilieIPqADX80NR0q,52
ushira,5CQabkIXNRZXC0mq5VP4tr,48200
Joey Melrose,2cSyCoqSJIpJkHoJMQrZLl,0
Leftside,187qoiisjzqvj3wsBWLotr,431500
Midix,6Y5o021VaeAm5iRncZhLei,90300
Chuyko,1gldpblCHBSYqZzFdlZf0x,0
Lirin,3eABYR1i4Dcf52stgTibuO,8
Max Wells,0Kx7qYhFiv0YD5lxEG1nsz,2500
VELIAL SQUAD,4gRmiUNKeehTv4RLAFEMLu,51700
Sauce Walka,42yf4QkiE9a252krn9OUCb,949600
Zuris,6kRVP1is7tgKnvGyIhiKDB,15800
Jickson,4JdXITm8I9qIaSbFlBoOKi,107800
Koyo,4np3dM8CSvjKhToa0Epfs9,103400
Life's Question,3m7JHlRsZs6jkvzWAnkyuq,7100
Nebbia,7JnGPfoyItNWueKYC18SGZ,179
Dominik Grey,2IaLWIDRffUrEklC1qniDM,40400
Camiches,3DZM1ODnTL003kSGHSd7dA,15800
The Swellers,1xpkFcz84H5OVOgbDGcYxw,77300
NASKA,4r1DHaB2yIhddOkTF92d1d,234800
Zoda,6udpKGzl85NuBEkZqOXiYB,61300
Four Year Strong,0qqxspZOkbN00bu6DaRIrn,306400
Sugar Kane,2TbBb2QPTrPEbQ6yacOc7K,18500
Wifisfuneral,1vb1XqzyNMQ16BqbxRz5BV,403900
Sleeping With Sirens,3N8Hy6xQnQv1F1XCiyGQqA,3800000
Savage Ga$p,0x7qiZJaal6j8qS7yCydFk,1400000
JEEMBO,3IwaLzOzILWyMzjXFWiDbW,218500
✦ pink cig ✦,2tUQBKyK8X6brOuWkaUdmO,86200
Emo Fruits,3RjyfzalOidgsp7riBhORW,9800
August,0B7GIwpooTHd3ZHr1hJmxq,686
KOUT,59cBPLeQY5ppNVK1k5sBBr,0
Alelock,07WXNU0vFuZ3pOZyU8f0Bt,3600
Gaglia,1Yqt8wYHTQeRqxyKbO9bBN,40300
Lost Kids,6nWTbYBfp1EKziFy4Rlu3w,2
The Early November,2rxtSTPBJawYhQAXIpgEAi,104600
Radical,4k6hMjEI3XFfMcRLCa9yd3,95700
Side,1Bt8RmyfBi8j4r5SzSVhjj,26
Bec Stevens,58Kdc0TE8tZcMKWcwewDkM,1600
Mooza,5QMq5T6mVWu6zQAdbFlkNq,18600
Hugo Toxxx,7uRM93dnA7EtkC70fdC2Pf,56900
Ugo Borghetti,3i6za4KlTDNe8mducqnwJi,94000
Lil Kvneki,5NT6SamVXGrIp1Z1lE2Eyn,172100
Michael Cera Palin,4GyAROzBnWHCBr638r5TVP,139900
True Gabe,2Eo9UYdwQoqDKhoilIx2fj,11800
Shaka CG,6h21bjxQyGzWnFuHSgUuKg,12600
Forest Blunt,1VYGcdpoaFPzLGZIdST4u0,21300
"Slaughter Beach, Dog",3lWVgSwutPsiJ8Awm7OTKU,374700
Salim–Sulaiman,6ohaQzKaXrobAL8paLSaxq,14900000
Jaideep Sahni,5kPOMQZvgkAEnRZqwn9SYQ,11600000
Paresh Kamath,3PgeUFj9oHU4K4RGaITz2f,9800000
Naresh Kamath,79sho4jpEGoCCC51KHnNSJ,9900000
Faridkot,6JUEjbhKiAZFmMRrudNHgL,267700
Amar Jalal,2zZ39d8KJqwu7TkF4dEh03,134400
Prateek Kuhad,0tC995Rfn9k2l7nqgCZsV7,3100000
Lord Huron,6ltzsmQQbmdoHHbLZ4ZN25,24200000
Achint,4bvGDTEPFnllKiJaEZGuXk,3300000
Piyush Mishra,1EzHkoB4160h1B1xAyXSUR,3000000
Divya Kumar,0NErdIJtuKBjtxKmlqaWdj,14100000
Neeti Mohan,3ZxZ03fj3tXBZHZWzvaLSM,20000000
Seafret,4Ly0KABsxlx4fNj63zJTrF,8800000
Sahil Kulkarni,3Eu1O5v9bVcjDABO1iEvaF,108400
VIBIE,1btklM4yoTaKiVjLodLrOh,2200000
Phillip Phillips,6p5JxpTc7USNnBnLzctyd4,5300000
The Lumineers,16oZKvXb6WkQlVAjwo2Wbg,18700000
Passenger,0gadJ2b9A4SKsB1RFkBb66,13400000
When Chai Met Toast,04hYGGSjYtLekuuJXEGrIl,249800
Amitabh Bhattacharya,2fMqTqiTxUDlmcOEPaQSsx,34500000
Mounima,0hsr1jMeS62WhIhV8wiNmo,473300
Sunidhi Chauhan,3eDT9fwXKuHWFvgZaaYC5v,30400000
A1Melodymaster,1aYNnNAn2f1l5FBMXvCsgK,0
Mame Khan,2K4pcxTMiwnKoVvdAr5pwD,1300000
Kabir Cafe,2AWF4fUAstzXyJd01JTuS3,662800
Shweta Pandit,4L0JycQCCwKksT3G5SVApu,7500000
Afternight Vibes,2vgPHpzN3vUohpmQS7lNC7,1900000
Hema Sardesai,7J1dPh3Yjs0aIhQHbBfNQP,3300000
Sukhwinder Singh,19MVxKZZdPj2X0F8pi0OCT,15500000
Marianne D'Cruz,5TpOSeyAEemyBoj4OkfMQe,310600
King,48mqHh2k02mdseT9rlIrBu,1400
Hollow Coves,7IAFAOtc9kTYNTizhLSWM6,6300000
Ayisha Abdul Basith,5CK0g8yxcuauorabPxsA5K,312800
Harrlin,2xx6yCMQly3Ii5hbrIHaUW,149100
Krishna,5qG25VRsnLdydJTj1VGZSk,916900
Vidhi Sharma,0L5rBVevfZVlruspxDFCPT,254800
Aamir Khan,0Tn7oEmE8zDUR340Doo9zl,1500000
6n,,
Runa Laila,5bS74zNlZCPARTsW3Lurw5,255300
The Strumbellas,6ujr1NkqbZpYOhquczUUfl,2300000
flora cash,6GpcBKNmZDIrRzYkPJu7Wd,2600000
Deepanshu Ruhela,5dvCHAlgZZBuYuRdSm3dQE,1100000
Afsana Khan,4z0z82pXirH1TrygipQlOo,8500000
Raftaar,5UdFr0GeO7jKIaNIJgwB36,4600000
Anne Amie,00PnAePD5EyBOROxnfX68x,2100000
Fossils,3sLXzn7CKmzQ3r2pnYfzAo,243900
Meet Bros Anjjan,5isfxZ3RSdBlSLn3cSFhnI,10300000
Himani Kapoor,6G2dxtT1uVQuzErBZsw7Ur,995900
Anushka Manchanda,4K4N32uNO1VRSY4hB7v8kg,3900000
Anvita Dutt Guptan,4GEyPR3J4DYvuTRuPJQ0CW,5500000
George Ezra,2ysnwxxNtSgbb9t1m2Ur4j,14500000
Billy Joel,6zFYqv1mOsgBRQbae3JJ9e,34200000
Dhaval Kothari,2Nu84CgIbMyb8wgAg3xLEt,173100
Simran Choudhary,1eQsrFTW5NHQs1X7B0mImu,4300000
Shraddha Pandit,4rhk6lDh2srdV1a1qmIqGa,2700000
Siddhartha Belmannu,0M0qOys6eONaDvSRKNwKWc,866500
Rakshita Suresh,76Z6SMQPibr8qI24AhdvbJ,3200000
Sravana Bhargavi,4xVrxpa8IgoLneQbdPnSsk,1200000
Anirban Saha,4YoGr7d9hYkOuuxmslhukM,127400
Ravi Singhal,04jC0vqWW2xa1HLQzXTyPY,176900
Akshay Kamat,3QrFbFlV4tevIu4rg9Sx28,127400
Rohit Shashtri,7u993RlEo4P1AtTmzCilyK,0
James Taylor,0vn7UBvSQECKJm2817Yf1P,5700000
Toots Thielemans,0KyolDFb1RjJQb4qXZKCqo,379100
Meghdhanush,5MwfYxiEoFs36tPX5rtDnv,53800
The Paper Kites,79hrYiudVcFyyxyJW0ipTy,6300000
Shefali Alvares,1Jt7JB3WIWaANzwHoybsVn,4800000
Unnati Shah,7k5V4wLBAPJAKgCbLNM1gP,19900
Vishal Khatri,2kfWvSySt6fmg9TDq9pB7z,4800
Prem Jogi,6AvoATByc4bJxTWMjdwK3c,296900
Vijay Prakash,0m7V5e0K5bJpXbU7A1J2te,1200000
Siddarth Basrur,4qVOsy0Xm45PFectwNxOG3,185700
Masala Coffee,3w277raenZNQPvrbv1DoMs,853500
Sooraj Santhosh,66PGnr0hE7ZIcWir6IwitB,8199999
Reshma,0xawOgbaKGtq7KSlrRWrWP,370100
Laxmikant–Pyarelal,3yS84AjNFqhmuJlIXy7sax,11700000
Keshab Nayan,5OPxy2dupFDWazQXLdQjEd,69300
Jasleen Royal,74OaRjmyh0XyRZsQQQ5l7c,16500000
Big Red Machine,7gXy60xRcwYujBFoYHnR2O,1800000
Chicago,3iDD7bnsjL9J4fO298r0L0,12600000
Tom Petty,2UZMlIwnkgAEDBsw1Rejkn,12800000
Of Monsters and Men,4dwdTW1Lfiq0cM8nBAqIIz,10000000
Hugo,3IMSkE3ztjCySBCGRTyh47,330
Amber Run,0MmnmsAuQKRFpo6vJElcaU,2200000
Hari & Sukhmani,4hbKHVGQLndhi1Pa7gQNNj,115100
Matt Hartke,6OkqAt7MtIDPOadHr1gEkz,248900
The Turtles,1dHL3fUOR91TlGEt5aSV27,1300
Vasuda Sharma,2ED6kjY3EyIRkxM2HAbrCL,13800
Radical Face,5EM6xJN2QNk0cL7EEm9HR9,2900000
Kausar Munir,3GBSge8pq7mpezUQl0GAOA,15900000
The Head And The Heart,0n94vC3S9c3mb2HyNAOcjg,3400000
Tom Petty and the Heartbreakers,4tX2TplrkIP4v05BNC903e,10300000
Dr. Dog,4mLJ3XfOM5FPjSAWdQ2Jk7,6400000
Sabri Brothers,0sbtGmW8r5bxfXzla8a7eI,2700000
Angus & Julia Stone,4tvKz56Tr39bkhcQUTO0Xr,4800000
Prasoon Joshi,0e7Xsukwik0zDaqCcSvJTg,9900000
Labh Janjua,3DWbhNPz642SpTneSTHJv7,3800000
Parthiv Gohil,3TPlDqL7bezoe6zi0wb0P7,562800
Don McLean,1gRNBaI4yn6wCCTvRhGWh8,10500000
The Mamas & The Papas,1bs7HoMkSyQwcobCpE9KpN,12300000
Luciano Pereyra,6ZZ2DeepA3GpoGU4KwqSlU,3100000
José González,6xrCU6zdcSTsG2hLrojpmI,4500000
Matt Maltese,12j6dJrPXanCBwY599pZxf,4900000
Yoke Lore,7FU0xCgmSYQEiBeevUqQ4S,3400000
Rochak Kohli,3dN9MQpjIyNxyeRfz4EDZe,17400000
Edward Sharpe & The Magnetic Zeros,7giUHu5pv6YTZgSkxxCcgh,7400000
Irshad Kamil,3GdSQUH1BRtl9UrrtuwJlP,37500000
Dhruv Ghanekar,716MYE0ks6nnA2oCJdK3Mb,93400
Saylee Talwalkar,41FYLJvRQo6tHeiob5SsBh,0
Shilpa Rao,19LIHDDSHBD5NyYHI3gpzB,22000000
Shafquat Amanatali Khan,,
Neil Diamond,7mEIug7XUlQHikrFxjTWes,9100000
Dj Chetas,1jPeDHvfU5Knw8VyOP6TZN,4400000
Lokanath Sugum,6RMeayRCB3tDcTdy9Z0q2o,1000
Vasuki Vaibhav,5vdQaS4RKtL7t7n6Php6A5,1500000
Ashish Kulkarni,7BMPTaeySeMLpzMq60vgYE,169600
Devdutta Manisha Baji,2JWAqfpZpVmQ5nfYHVFn76,707100
Didar Sandhu,3JKOjnTItO7xSkbNNEgHdQ,73000
Amar Noorie,1MPTJeQJDDTLbg9eR7Zcrz,33900
Tery Bina,2wcD7pP4PydmO3AOpaDMy7,0
Woodlock,1slZr3FGlh153jH8xW6SNa,727300
MAR ABERTO,2PK9pWPbpzjPDM2HVR1NEO,564600
Tropical Florida,6chaMXZHKjdCkKlWyi1KLB,321700
Iron & Wine,4M5nCE77Qaxayuhp3fVn4V,3500000
Indian Ocean,0Xbdgzdm7k9BJ5gUgmAkpy,483200
Hiphop Tamizha,7zFBW2JxM4bgTTKxCRcS8Q,8600000
Adam French,3bKSSHfw4sQ9YCjJe1V1c5,68600
Sanjeev T,4i3H5BsVTVwxXcWC3CdVPu,149000
Kunal Ganjawala,3t4P7aXVor3NxlJPZxLzOQ,7500000
Richa Sharma,2hgViyN0RqyQQpfjIb0g3W,6300000
Kalpana Patowary,1RMmK2dEtVEbhSV7qvSXJ1,6800000
Ritesh Pandey,65v36mVt3plNHHtR1B7mMX,1300000
Amar Sangam,6SmtJsTDCo7LKJU813PDku,0
Ajay Prasanna,0dgib1rg9wEHZw2nITwT6R,0
Reena Naik,7uy4f2goNadUfsjGZNf1ac,0
Phoenyx,4Zzi5X3zg2yzMjkwwxaYe4,29200
Zoheb Khan,3PM03jM3FqYLQqqHQMRNhU,38700
Alka Yagnik,3gBKY0y3dFFVRqicLnVZYz,26800000
Tauseef Akhtar,64K7dDYqbTWTATxVvIm0Sl,711600
Harrison Storm,5Ld19xtpAR80G2boTcHaVx,1000000
Kuldeep Manak,0UZNMsusTg12mD0LAJPwlh,623600
Gregory Alan Isakov,5sXaGoRLSpd7VeyZrLkKwt,8500000
Sheppard,6VxCmtR7S3yz4vnzsJqhSV,3700000
Simon & Garfunkel,70cRZdQywnSFp9pnc2WTCE,10000000
Almir Sater,2JnNhPT0sQvhKOyLqDKRuP,1400000
Renato Teixeira,0FIgaYFg1Vp5TSLm2xwtLI,454300
Stealers Wheel,7bPU7cvfoD20ixGD9Qnqki,5700000
Monali Thakur,2o4R2rK7FetH40HTv0SUWl,6700000
Samahita Narang,4EBQpbs8lhMmXp1ZLNAQl4,14500
Dulal Manki,44Irnu9iqyjUPlRdHLqvpG,21900
Simanta Shekhar,7JGzYQytUjSVOvKl7GhCXT,251000
Vatsal Sanjay Joshi (Vatxl),2uXThBnl0QRyxadaJTn8yi,0
Atharva Sanjay Joshi,7odtML7zmkn7CBgZUwkShu,80
Ranbir Kapoor,37IHSwzDKNSluvUgmWhOKZ,115100
Supriya Pathak,0F8n0oEMu3Fl3mD31nw89U,21800
LULLANAS,3b8jXMWK6VSV8FlQ4hbVkd,117600
Silent Ocean,1rpoUNG0STk0Vw4BNVaP17,755300
"Ravi ""Rags"" Khote",7jhqJGN86YT2lS3i1HgO13,643200
Caralisa Monteiro,2Yf4MRVpt0rcAd5y5h5ph1,9100000
Havelin,42kxHIYLflWcEAGkeKNHSp,79700
Joy Oladokun,7rrTqtOUOwva4sgTx9C9F9,2400000
Varun Sunil,6L9N1bZKr4hKm1jAJ9a1K2,126900
Hansraj Raghuwanshi,5cEE1pTgDhFe8QuigmqxJF,4000000
Pavithra Chari,16IvLiMrXTMDCT1o2btRrG,279300
Haricharan,1QvyquqkuuwUzdszyoKIy4,11800000
Old Sea Brigade,6vUNwmljZAcn7tNtUoxG45,986100
Adam Melchor,54tv11ndFfiqXiR03PwdlB,562300
Bhavdeep Jaipurwale,4N5vbIo5R8r6LEJBqYOj02,27
AHYRE,2IucHN96T0BZ3e4mXe9AgP,390100
Abel Pintos,6HTUcOExehqydqa7C3usAa,3700000
ANAVITÓRIA,1sPg5EHuQXTMElpZ4iUgXe,6800000
Andy El Unico,4I40qR0RmdYmHV9rDxCQla,104700
Bahamas,4C50EbCS11M0VbGyH3OfLt,1800000
Tiê,5rTjH3aABAmPM5B6DZebZ7,1600000
The Monkees,320EPCSEezHt1rtbfwH6Ck,5100000
Horacio Guarany,7exkSLWDTlXJYcmBhWp9cl,403100
Hopun Saikia,427lOJJUkRWgIZYpcUKKwN,87500
Shweta Mohan,1rdQOMFFtoskDXXUVjiGo9,10500000
Dave Thomas Junior,0mUIey7n1U90IScto35rX7,111600
Qawwali,55oAs1kaQ0MMNtFfVxajHS,20100
"Peter, Paul and Mary",6yrBBtqX2gKCHCrZOYBDrB,7400000
MANASI PAREKH GOHIL,0ktDCxvohp4SRW9vTARpiD,10500
Chico Teixeira,0rAlodh0dGYlbFuk3XGPmW,88300
Lobo,1sldhz8tzC100cRAdfnMht,3200000
The Oh Hellos,3Fe3pszR2t4TOBVz41B1WR,2500000
Pretenders,0GByy3DcfbQwDvXGCWmzv9,6700000
Bear's Den,0nJaMZM8paoA5HEUTUXPqi,1100000
RY X,2KjAo6wVc9d2WcxdxSArpV,2700000
Amelia Magdalena,0z0lcAGtZwp9PUrqUCArLu,117400
Kareena Kapoor,12gjCYtiDQHESRsVbFXvG0,547100
Raghav Sachar,7nVsNB3N2S3AoAyvIPNXlj,223400
Rahi,28g9DTPD5ZCC8sC9XI1dTs,7000
Anurag Saikia,6hzngLO20cX5IGqT0hVv1G,4700000
Jahnvi Shrimankar,6HWLgNliaSzF438T7Hk755,395400
Fort Atlantic,4Rdk2ceg24bhG52VuMcZ7Y,79400
Vishnupriya Ravi,0znqmX3tzZ55FFTmlffAlv,1500000
George Harrison,7FIoB5PHdrMZVC3q2HE5MS,9300000
Lakshmi Manmohan,4Rq8yE7md0yB7M6k04SNWi,22500
Néstor Ló y Los Caminantes,6ZiADXvihvsYB0hCyHPbg1,81000
Nurettin Rençber,0eZircNzjxnRUtRBVOsth2,1400000
Los Gatos Negros,7HIkZ4Gpnky8XsFbK7Cn4Z,368
Alif,745oUlBO0YnhDcFIXS3SPL,0
Noor Mohammad,0EyQZ0thLUCL56J6e0DxrG,159700
Joseph & Maia,2dXGyySsUY7yYzCfMf6OSZ,12900
Aditi Singh Sharma,4iW4xSfMEIvrXM0Iu3aFDY,5800000
Kibariye,1btod3aNfVEYNrEzIQgx90,2300000
Coro Chile Canta,1W3ifDrNU3UmKtYwqxXmly,4000
Mercedes Sosa,2HvyR5FsU37QMqVzIbGwl7,2200000
Ariel Ramírez,2dTieljE0C4ydCdUPIPLRW,62700
Hector Zeoli,2yAbebpFzH9GhCLeCwKwtN,0
The Coconut Kids,6EhllypIBXjCVrJhfhDkpU,500
Pragati Joshi,3I1CRLkHkcfUpwPSjxtHrL,105300
Arohi Mhatre,6URdPGjF1Qy0zfAd3Lvm3J,49600
Anshuman Sharma,3rNr8T39bUi3dYfiqffp8w,207000
Shruti Rane,69vXsJLW99gZRgxntkmPop,508500
Advaita,4FMduZvsMYM69TKN3i0YRp,24500
Shekhar Ravjiani,4xd7mLI7urqrxELaXhAvzw,13500000
Nandini Srikar,3oinJWo0iD7MVnojA8R8WP,2100000
Ardian Bujupi,0pOruKWwgyqSLZhn4Xovs9,1200000
Xhensila,3M9EMaTryR42e52Pz2HiV2,494200
Master HP,6BXGjjGXaYHvpWTuKZfHiQ,94500
KK,,
KAMRAD,6zcWVbyNT0z94MBffsTJGP,1700000
Leonard Cohen,5l8VQNuIg0turYE1VtM9zV,3500000
Ready Kirken,3XD0bB19JwqWCn0DEB0bxB,217400
Roberta Campos,5CC2At3k0Xnyc5s9yHdyax,1700000
Grupo Callado,1D3FHGWiOCHfcx1UfXqVfS,157100
León Gieco,5yoimVE1rbc3kAx4uwr7eq,651000
Sukanya Purayastha,0sxUaPNtO4cPA4q9MYFtdK,39400
Swarathma,6spTcexl1jDSkDzuewoQbX,11900
Sardool Sikander,1RZATJXuzNpM3hS4wglC6i,372200
Priya Saraiya,6q29t5RuXxlBuqIZsOMQss,12500000
Ishani Dave,7w9TurSXldupOY4ZSF4e0K,341000
Jigardhan Gadhvi,4lagBgUboscHrg73zKkata,1200
Surinder Kaur,5fucIZfxk9a3qSYc5nMkVC,1800000
Udit Narayan,70B80Lwx2sxti0M1Ng9e8K,33299999
Anuradha Paudwal,4hkB2bR5ek6lJChj6aunCn,13200000
Sergio Galleguillo Y Los Amigos,4RWsSjLE6TMBwdYzHj2NiO,148400
Zeki Müren,0ZZDIo31D35xGrXYTodWrL,705300
Hafdís Huld,1tNJibl39hvCIVSnGaiwx5,29800
Os Arrais,1Ja8qReIBoi7Z6ik0AQ6zS,198300
Aşık Veysel,7rVsiFwBEEmTNoStle68F3,127500
Devendra Banhart,1YZEoYFXx4AxVv13OiOPvZ,725900
Nico,4J8NXee9Hvh8sR7U56dVRf,23700
uChill,7tG1DhpZCWx7wvgNqC73ce,23400
Grupo Azteka,4zsQwns4bhsKDSFe5mLuiU,467800
Jorge Acosta,3JgxYKorIJ2z5QIRSCsfMw,254800
Buddy Holly,3wYyutjgII8LJVVOLrGI0D,1500000
The Crickets,4r7JUeiYy24L7BuzCq9EjR,1200000
Sanam Marvi,6ckyg7wmYQLuUqRkLtKnj5,273100
Maati Baani,07mqL75cnHcpiu3f8vKgYn,96800
Narinder Biba,5Ob13TcyAlfbyHprsWJXZr,21700
K.S.Agnihotri,5I4qnucLmZCsnRvcUXsOSS,7900
John Vincent III,1sgVcCMCarG7yWGmkP9wMb,1600000
Bread,70ZTdbPEcEugBNay4MvxfL,5900000
Nosstress,4XnnBdCt9Cg5W2wBgtD7co,2100000
Destino San Javier,26EVG2B9cd0c1gAfDsA7uW,150700
Campedrinos,5EQuMf3chH4yv7UPEiVIxx,999200
Los Hermanos Campos,25iPZnrdjEMSYXjUxdfgc6,72900
Sergio Galleguillo,4gQOceTfcyC3AQHUE2gmVt,226900
Judah & the Lion,3wWtfT7S2uVJJ3hGZlOLkZ,846300
Kalle Moraeus,1NDYAcgpsX4ony5CD0QIxW,113100
Orsa Spelmän,2XmqtWcNsjq5XxlE6p5WrT,93200
The Pogues,2wzMOQwNT6ZvVB4amvhFAH,1500000
Kirsty MacColl,6UlNIFEuWlBqb4TvlVCekq,210400
Jome,4rUMcxwZhidyj6FTbMSXse,165100
Hurricane,1vhshb6p5AJSSgAj2LLnpA,163300
Marianne D'cruz Aiman,5kXfKycKZbS90vKTz62joF,1400000
Xavier Rudd,5lbM4g6bhxjNX7R5QHP2nD,2400000
Axel Flóvent,6jn7W8NuX94FWZyeGlyCaJ,326100
Allison Ponthier,37zdNthUsPowEeNJDeCCYx,1300000
Chethan,4UzHQDB0oJS57IF4MYPeu6,334100
Enbee,7xUo1I9qmfaWLdnxZlrWIg,83800
OUTROEU,3gZAVWMzKOt1tVO4tHoGwo,517000
Özlem Özdil,2WoyCDcgb0eQOqEMN3Pdmh,1200000
Miguel Rosa,22a0pdjKeH6l5eLswCSuQy,1400
Victor Pradella,2Slv8k7ck4Sq0KagBloxQR,15000
The Little Willies,4MWopTgyvixq0tNiFrVg0l,580500
Argentino Luna,3QSFLkwEghCeYY042s6uWs,194600
Tierra Adentro,0mYFlsYXbyTD5gmNnw3pO4,112800
Pawandeep Rajan,3cy473zaKsJ7eo6l3t8SKd,291500
Malini Awasthi,4af9dUIG89GAuEsy6Se3F1,98400
Garrett Kato,4S3VOqqGguEZu3vbJMig4t,686500
Muheet Bharti,0HXiaOEvokxAkvyMIq88jJ,18600
OMNIA,0XZkeCAlpiO5qcIlAJzZaA,246600
Brijesh Shandilya,3gdKEsvYBUHdtLMmECIN4q,1200000
Fink,2t9yJDJIEtvPmr2iRIdqBf,1500000
Basiani Ensemble,6xgkN9gC7kGdo8mTyRjleH,341600
Madison Cunningham,3h9TfIgwhovQELlP2jj4xL,272800
Los Perlas,2G57Fx8Vt1B98jvjzs3k5H,4600
Silvia Infantas Y Los Condores,3oQPBzzI6xbjuC0TFQA5QD,81700
Andrew Bird,4uSftVc3FPWe6RJuMZNEe9,879100
Mirtha Iturra,3HCFe8FTcz34HQ2JXiufRl,9300
Fabrizio De André,19HiWVd2g0XyJstBsbW2Qm,1100000
Conjunto Ivoti,1hwojP1Bi7ipcn0qFbe8tP,126200
Rangle Sardar,3nD9WdGngkUd6WEk1zsZy8,369500
Tomo,2bkLefpFHvRs6MRJsV7q7s,15100
Satwant Kaur,3q3BQzCBV9zDEC2KouwmP4,21400
Kudrat Kaur,2AS8kPljekqO3AMBJylyop,21400
Gautam Gulati,5EBXE9IkQnMwZHNkaAkfCi,0
Shivaleeka Oberoi,6M2QOsIq5tAAQGKYI1HjN2,0
Hayden Calnin,19OAtq7pNHnBRKJORFeahx,692800
Payung Teduh,2Ooa3TrmlskyBftzenv6xQ,6100000
Orkes Panawijen,08PqtUgxSSyCrobYTQuXiT,0
TIAGO IORC,4iWkwAVzssjb8XgxdoOL6M,2600000
Snehlata,6PmLnmDq6a8nEkzDbOyeyJ,18000
Facundo Toro,6ZkfAoHwFnBg7SKExJ3QJX,201000
Grupo Ternura,1f8KqVQNiSJ95tiWLjTevq,160000
Nahuel Pennisi,4IjHltwoSKbUeZLPeULyDe,746200
Raly Barrionuevo,0mdD8YXAyJDJ2BHxIKF0Yf,329200
3x7 Veintiuna,5lj4FgEBecMdzmdzkdnnhA,16200
Guil,1oYRBXtcfDkFse45v1YCsq,6
The Decemberists,7ITd48RbLVpUfheE7B86o2,713400
Los Roller's,7mQa3XflwD72PWFe55CjWt,181700
Talos,5pdzKTGQAcRcxDOfN4mXSc,248300
Lissom,5BRxWwvhe1BxvK6fs4V0dx,426700
Erick Roza,47JFoPclff1d4gHsR7lQG3,515200
Pomplamoose,5dHfLBNU8zoypgKefzEB1c,1500000
Castello Branco,18mXdMHUw1ULPaeW1DNy90,247400
Soledad,0K59Fm1y7s3j498ueS4qzY,2300000
SKÁLD,3uliAYf4KyTkBpVf3BiWVv,493200
Eruca Sativa,2RPNbhguRnI9uqahGYcUc6,99800
Ezginin Günlügü,6WDnC2nx6hEPdtcU2LLGtE,487500
Antonio Tarragó Ros,65jGZiPXVWGDlLhnICMfvI,56000
hiperkarma,3I4YFS0OzOA9yDOu0hcGqs,99200
Luis Mosqueda y los Roller's,,
Ferhat Tunç,6yoSn7S0JYv4R1gp3zObWd,642500
Euskefeurat,3XHatvGN7740pLPHUVgwA6,58000
Kevi Jonny,3PVg0vaMUNTOu7C2GmYfSg,1000000
Tierry,4FUMTycjZlEY6ZxMgqNjC8,2800000
Calcinha Preta,6Kps94g1Npexh3LrinIOvC,3700000
Gusttavo Lima,7MiDcPa6UiV3In7lIM71IN,15900000
Aldair Playboy,6LjdKBMnP1Da8Oe6WhrN56,1200000
Vitor Fernandes,3TJGVUkSJzk5ZPixMFczZX,2500000
NATTAN,1SXhEXzOTF7YeuQX59m7pT,11300000
Priscila Senna,44F6hbmusaHQR96WFbo6Lv,2400000
Tarcísio do Acordeon,48HORs6F9P7IgdyKrk4MZC,7200000
Japãozin,7bDY7ck0pXuKESZtEt1X5d,1100000
Josué Bom de Faixa,6yEKZXXjkBPBcAQAFdvSlz,979600
Douglas & Vinicius,7M83IzPXGA4ClZJ5reW2Ro,1500000
Os Barões Da Pisadinha,5Lv2GUVwqmQBPwrTrxucE5,3300000
Xand Avião,43DRDu6nLSeIedZ7T1A616,6900000
Gabriel Diniz,3WQ1s2QFvL6crxBvrVhwzj,796200
Jorge & Mateus,1elUiq4X7pxej6FRlrEzjM,13500000
Biu do Piseiro,0Pl4c5YACE9Hwq4l48d9kv,893500
Zé Vaqueiro,5K8Rmjmf4RZFffz94EmBRt,7200000
Marcynho Sensação,4dnPDc045bVjibyATxVUOs,1400000
Mari Fernandez,0BHm7qbh3ENxvXzkQAG7MP,8199999
Tayrone Cigano,4U1PY54f2wal4eZQhsqPmT,0
Os Parazim,0jhNzTzC1CZaf2FFgBVCMT,517600
Dorgival Dantas,3J4WurF5XyCy2ToWeCof5Y,1600000
Pablo,6bqVjBFNarWrCy4rH30PN6,14800
Desejo De Menina,2BwGxEffKsSjsQyKNtBgcQ,2200000
Cavalo De Pau,6X2DiawXyujKvUv0jVtehL,902500
Iguinho e Lulinha,45MLFvHRAGIOvnslTnzS8C,2500000
Limão Com Mel,2gzwjs75n4HZZfgnVGxoqI,1200000
Humberto & Ronaldo,1zEo6Fk1iaaOYFlFPBHCFn,9700000
Ícaro e Gilmar,6Wlvsn3IPHiZwAv02lB5eC,10100000
Wesley Safadão,1AL2GKpmRrKXkYIcASuRFa,10700000
Eric Land,007FXgr0jLBJxhPJjacXQH,4700000
Yury Pressão,5BZtJagimq2zY5TNXoQSKr,94600
Banda Magníficos,74B3SJ1xNHK3VS4T9i2TvQ,1200000
Max e Luan,5M1ILxS67JEzWguvzNakgE,2100000
Aviões do Forró,4mnhyGRAuExTL4J0soT4za,1300000
Forrozão Tropykalia,01ST5jiTLQjTKBJZPXJhK5,1000000
Cleber & Cauan,6Y8pfJkEdw4EAST4g9C026,6700000
Luiz Gonzaga,2ZofT7n9AlTKf7KDCoHGgD,1500000
Unha Pintada,0oSb8ZEnIS4bPrpDoMT4tx,1700000
Avine Vinny,4KDxYlnGZEiS60pAnfZf4W,1800000
Jorge,6gLW5LlLEXdtWaS0EWfzaJ,1300000
Gleydson Gavião,2eSyfNgqkRpB4Ggu55P1Gg,95400
Zé Cantor,09IVixIx3VLLFmWZfojamH,358700
Raí Saia Rodada,0NiaKn55OzJswiYevvlKfz,4500000
Circuladô de Fulô,2d4Axz1kGnLt5XjLw4MLoW,262300
Vitinho Imperador,6xrc4RXcso9uKlYWlIANPU,6100000
Brisa Star,7fKfVo62Yx50GtTdIgeBqk,393700
Bonde do gato preto,5A6NOdTbk43Jnr0GxFZQei,639900
Carta de Baralho,1HHB7NptV6Z046IKSZHGEg,79900
Jorge De Altinho,3EdrZOmwcPfloVfJdnUIjX,189100
Silvanno Salles,0HFoOA61ShFCVKyKUPoN6B,1800000
Raquel dos Teclados,6AZMMl0OWhhybvX6q8FXhq,824300
Brasas do Forró,0mcb31qj6ylffeQqzjrWHF,404700
Robério e Seus Teclados,5tgdv17YvYp5u2YS4rsSRl,318200
Mastruz Com Leite,6cAXmjYOHC2R7jLrs96KTZ,1000000
Desejo de Menina,2BwGxEffKsSjsQyKNtBgcQ,2200000
Washington Brasileiro,64mc7RyoN5KDwALxbpdWLP,578700
Moleca 100 Vergonha,7bEZy6eFLYZ389F1BQHrHm,67
Pisadinha do Vaqueiro,5nm3A1Bav8t23KK0NYBWV8,43300
Pedrinho Pisadinha,3vL5YvNXI8BDr7foh27rzv,98400
Israel Novaes,3hWuWrOOgSCDkP5iqEHxMy,1000000
Paulo Pires,3whgFbrRxsOmYVrq3t4hCY,2200000
Yara Tchê,1GATSmR78uphzasYp1bcqA,217000
Luan Estilizado,1tGLEVy901arulIovZtdLc,1300000
Léo Magalhães,4B0rppbJilYfZOPPEgpPtz,2100000
Mc Morena,28QnIZpWxKcxuSk4iRLUgX,9000000
Matheus & Kauan,2Z0lRIqr997lIUiPtrpKCr,14200000
Taty Girl,3vvHdmRO7G0C3sWP5mHxDE,1100000
Reginaldo Rossi,6DYBkobQCkvav5GCnfqlcC,1200000
Flavio Leandro,5AjxWKyNAwOHw3QVPnvzuq,207000
Márcia Fellipe,3OxZ4asD88P1lJJmLcXz4K,1600000
Bonde do Forró,51flkVmoTWBYSH8U6dgKqL,352700
Conde do Forró,4agEoWIGGjlbMRlUmUOszR,710600
Danieze Santiago,166XjvNMa051GH0GR18P2g,107200
Devinho Novaes,3aBpfBHux9vsTqJalh5b5t,1000000
"Santanna ""O Cantador""",0xmajCb4YjWW6pRLcmQkWO,304400
Gabi Martins,3bMxoALDz4DJM8pJG0bnvs,270100
João Gustavo e Murilo,6xerOqBLmelL3xZNZkVbGl,3900000
Bell Marques,63LUqR0xvuZ6Es3AF6BcZh,274800
Anderson & Vei da Pisadinha,1OnaDJeU2PxDBZZFkzkvZl,500700
Zezo,5R18GNmvBWGTfBAG0Xy8WT,1200000
Flávio José,4C5NwUOtsmPrPSD5A7hYbU,570700
Frank Aguiar,31b22racwkJHvH8zgXOX5r,141500
Trio Virgulino,3hOaZ37fQ2oZ0wRn4pnzcf,190300
Caninana,5PazfPzCNLSH9dOVFi3ZY7,256500
João Gomes,4JNo6Q5KdcRf1vtSX9mB0S,9500000
Amelinha,5hzHutt6DLPzctqvnS6Fdv,359500
Forró Saborear,5ZDS1psGvCMkS6PdHf0Nf2,182900
Chicão dos Teclados,7n9fR1AQ4d2pq3zHbXdpeC,186000
Noda de Caju,51CQp5ElwBRRMnwZU02MLI,300300
Thiago Jhonathan (TJ),0cZ0hBu2JZFT99wDzEfS89,500500
Kiko Chicabana,6XcDYZyF8otmTfCS6xseyl,1100000
Turma da Pisadinha,6KBUMm2KCA5skrvDvxYqKM,103700
Dilsinho,4NUePmzDvCYqilXBFa91Hg,6600000
Tayrone,2T1se5h5FRkw7ZfR7yxdlm,2200000
Gustavo Mioto,1X6ORK7IekgmyjV6IFPszP,7800000
Manim Vaqueiro,1SAQtfmXQ9wpsEgt65t4Vc,0
Guilherme Dantas,6jW9Xu7TMW7RiXFs3G7phH,610500
Banda Cascavel,65SYzlq6xIiCz1sBKauq5C,40100
Rafinha o Big Love,6QidBfWq2WLE1BnIrSuhXG,322400
Thiago Aquino,7yPoxj2lXWy7J4ixQHVubk,1200000
Dan Ventura,5am6JZ05n3QyqYMyD9CgSn,350900
Toca do Vale & Balanço do Forró,4Ud0XP3DM2IR8JkCofGZwP,10900
Solange Almeida,3Hew3AuvrbKxCbehT4Rorq,1900000
Tony Guerra & Forró Sacode,1usT5Rtr5iz4gWLdkxIUhV,377300
Edson Lima e Gatinha Manhosa,2IJOBXeN7NJ5ELF5o7iMhp,130300
Toca do Vale,3bSHpYfAGCLZa1mcQwBT51,226000
Leonardo,2YWOP324cKGfkTo2PydgJR,4500000
Henry Freitas,6wduHvHCH5QZtWs6ULilDM,6500000
Maciel Melo,557hVB9yAplV3NMRVUCQ8n,86400
Psirico,20L3gYREq24KddkFreyiNv,1400000
Rasta Chinela,7h28olg7hDMAZUiEqDwMdm,210600
John Amplificado,2zjdf1M6DGPcBFnvEYmydy,289400
Vitor e Luan,5hDZAExrfOVqKBLS8Ofyac,2800000
Edy e Nathan,2WZfiXW5qFGfyv8PK8aoZn,80000
Walkyria Santos,1Ilt2BMVmqKiNCpfthrAMC,358300
Renno,4n3o5n7mqqs0bV50ibK9ma,2500
Victor Meira,0MjRKm8DW3DqXxCAcR13FC,117600
Zeca Bota Bom,321psdOgtVXQr5EIE3XlpA,10300
Dominguinhos,1mCHLu4gizrN9PwHxKrJv4,684300
Maiara & Maraisa,59jlthNnbmim5l9tmNA7se,9100000
Forró dos Plays,3V3gmwyi7FjHaAyJRP8yJy,41000
Japinha Conde,4G3B4Z3ipxgw6DIrdFd04n,397700
Vilões do Forró e Karkará,0fEEluufRK4fELiYqNWjlY,5600
César Araújo,1oXNJkQREmu3Kwqn8tTJ6n,4300
Forró Perfeito,0ga39iuVvywmu57DDuLv10,618800
Forró Ideal,5x1X6tMrU5IyYoX8Ro7ey8,80000
Chicão do Piseiro,4JBL9SoZVzV14jqKe77LGG,146300
Jonatas Campeão,49yaQD9LCl2Adc1ksBtTIj,762
Petrúcio Amorim,6dYz4qrbbjN68JMix228lD,171900
Circuito Musical,38Bvd7R3Ajc1CezvPbHE2o,167800
Jerry Smith,6OpOg5HVCc8xVf7OVrd5Fk,2400000
Thales Lessa,3kz1MToxXOeJU18hzSRbRm,1100000
Lucas Reis & Tácio,0AbHWjwItxrKO2arND9Nje,0
Nando Cordel,07rFSVUmAIAQP6DVJhUl0T,196500
Analaga,4LTPxLxjiT5pzYd5WZAR3v,1900000
Atitude 67,1vp5pm1DluN0sNXx4tMZzo,2200000
Waldonys,5c1RSuTFiEVhE3lDqoF3Yk,43400
Alemão Do Forró,223PR0orrzCMOBC7b5YAzF,1200000
Soró Silva,2Kc6joEA18AC0T8vQzoVZc,302200
Renanzin Pressão,0L7NGVE2t7zDGOL3x53Axo,125600
Mc Andynho Ramos,3t2sKQ5JkWFm2g67S0PlbO,11100
Jefferson Moraes,40t5KmKTi2ajyJmerMYY4C,1000000
Mc Danny,3PZTvUS5fUUhV3EKAjqdZk,1900000
O Tubarão,5oqu436HPM9PGpNSlPBpAT,249700
Irmão Lázaro,7APCyvMzp0tcZljed0lpJG,1800000
Dodô Pressão,239tGNfFtP07aQ07ZrbTGz,347900
Eduardo Costa,2OUgs5INWK2UEvZ6amWiJr,4300000
Gatinha Manhosa,6mHdENcwpVxJhcA4ehdmgg,101100
Zé Vaqueiro Estilizado,5rJJOghaNhAk41itivi1LO,24300
Louro Santos & Forró da Malagueta,4l3vRcn6vwigxLHDeVvRDo,21200
Forrozão Sela Rasgada,,
Zezinho Aboiador,3oAbzjIS0kRAVx7Gj8an3y,220500
Neto LX,5Llx4U4MgdWDvK34NpNUyi,584400
Cleber Camargo,3J9ITh74r4xZQqv9EUNk5l,216
Malla 100 Alça,7JAMuiVqXYJR4lg0QNoGQD,673500
Banda A Loba,4rTf6JXDpcz7dsRZVPRPjV,184400
Forró Anjo Azul,1EydKdbv0zEd72hSVbyFrI,279400
Cavaleiros do Forró,421vs0uTmJqkbaYBd5ww42,677000
Inácio,5aIPjAZDfaZLSQOQ7UNUVi,39100
Elisa,2ARH58Hit3yC6ziGdhma23,2400000
Forró Boys,0iEEXnLK5t87wh91rNYozv,878900
Mara Pavanelly,62JzMDXMXiiCrfTFbzT0BX,641500
Henrique,1OzhH3dxjZjmi2FHLYIrTz,55800
Gino & Geno,2rGEXX2PXml6YnjkgOlWwT,2200000
MC Teteu,2pV4eqEWsHrgwSbuAg2fmi,139200
JM Puxado,7fU19xnm8yVl18ZA94eiSH,1000000
Leo Santana,4uPaN9RGa7CvMjbfocv2nN,0
Nivaldo Marques,38KlCsh4vAknywZfVbJuvH,139100
Weliton O Gordinho,6nGLbk2FTxxQnyy1EeKwFP,39200
Capital Do Sol,2RaJjtX8uFCBykjbZdqpVy,233500
Tayara Andreza,0N78z4PhvpchRlJhXNVrKh,205300
Companhia do Calypso,0c7uc4pA1hpla0xbbEF5W5,211500
Rastapé,4gocL2mlvwlI1G6TAYwQYx,552000
Banda Kassikó,523nJPLRu0QrxQyyzP9mgZ,58600
Os Gargantas De Ouro,6ibO0tbEmYbiTrodnpl8R7,202400
Asas Livres,0cyzEOy6DVvL0pPDnW61Xx,591200
Magníficos,4tld9l89NHQq2VNkSidkTn,45000
Painel de Controle,17fP51qYIHaParH17GXg08,0
Trio Forrozão,31pRVaKxtXZpyZFcRDFrFd,166000
Nêgo Jhá,2KbGxTODNjsDa9DZgpC6rZ,649800
Banda Styllus,1U5f1uOEuatcWZwOch2LLG,307200
João Santana,3P5vFycqztOP3uY9Pm459b,11
Bonde do Brasil,2j1yuQ4WNWTbd9bXafU5ix,155900
Humberto Júnior,5rfo41q6yC0mqru0iHVbtL,5
Kara Veia,7COdnvgdTokgY6DK3Dmxk0,203600
Canindé,35tCxePCSKfyHzHiLWULjh,338300
João Neto & Frederico,2FrLTuXGuFDzQsjKidB03W,5600000
Circulando De Fulo,1x37HsIorG7TpnCBZOzJtS,54900
Netto,37ZMG1QoWfV5N9Y86gOESb,55700
Solteirões do Forró,1xFhPAHN7jJPQWitDZ3pto,188500
Mulheres Perdidas,6AMerOvhYb6tgdsJu0pdCX,119000
Caviar Com Rapadura,66TJ2YnM0Cis3poPmimMft,202300
Trio Sabiá,6vr1UwknZYI6haMm0AKUUl,38100
Israell Muniz,1GEoj0CGGUFSqnDepUa3o9,162400
Pedrinho Pegação,1gIUJHUm50CJDBoM6IEDWc,237200
Edyr Vaqueiro,2IIiYRJxCHvPUESlgVV1Ze,63800
Wallas Arrais,33GsYMJgWMgIt4vbhUwTEe,90000
Dj Guuga,1cNPXWhKfjI0fT5EMCnamR,6400000
Peixelétrico,3BEkaVPYUmJb9rtjH3yPwA,34500
Breno & Caio Cesar,0qzIE6qGhz0erJe0Fy8RHt,277300
Banda Calypso,2qXtddeMnGLeLuIfhnJY3P,782600
Lambasaia,2gkfnXfwfeW6k3xm9dRdAd,222100
Trio Nordestino,1whify9SSbeEiLYf2pLDGX,144200
mc jhenny,6Ka3TKKRqhWwbmuxjhrmo6,897000
Cícero Dantas,5KsVpvrqCx1OH4g24981KO,501
Catuaba Com Amendoim,5E17pUYxEYHcIdgbtOUaQI,105100
Furacão do Forró,45y6h5fcy6RrVek4XDqreC,145100
Filipe Escandurras,0LzKJGPuCzCpzO1nzfasU4,92900
Mc Kaio,34ZgtjHC9aNCr5ZTUs7bzx,2900000
Lagosta Bronzeada,5WHkJb2v9pELR04u1FdBy0,164600
Banda Som e Louvor,2MXmyzaX94wBeNmIjsx6Dc,171900
Pisadinha De Luxo,6cdebndcVXK66FY1t8wnvT,3
Alanzim Coreano,3z1hkcmUuBH6lmB91l73MC,700800
Mc Dricka,4d175LvxCzxt5vHbJyv49q,3100000
Dan Lellis,7Jp5Nw7cNZTkwFgJX06Cqk,1200000
Forró Real,2EHAklSoHg11fvLarhXzOx,0
Kauã Araújo,6neQmL4ixlEKnf3J09gTDV,8100
Rainhas da Farra,0AEVIV7men6BB9fGD9qNd1,2100000
Iguinho & Lulinha,,
Mel Com Terra,4MbEhj5IokQyMqjVsN143D,134100
João Bosco e Gabriel,21WAvVROZ83oUvJwFTG2dH,919600
Balancear,6lc4IwTAR37BynZOQ4aTMK,812
Marcos & Belutti,0NsJZ5PMjqghGDuMzY7CuT,6900000
Joao Do Vale,3TE6ZGjhmTVpLZrn9hvfBX,79400
Alceu Valença,559vxOLTzlAv0zB77JMcdG,5500000
Mila Sousa,0uw7DCCGiaicJ7w9J04IlW,0
Mano Walter,35YkpX0zYwHG8vOIhObvxP,1500000
Banda Kitara,6aFhLJb2VY86rGB9tTsOWe,65600
Xand,1uKwmccmoxTNiEXyvCLCTi,0
Balanço do Forró,602anoScCUUbIBiDphtzYe,17000
Luíza & Maurílio,0UbJJayomun8CvZKCPH9j3,911700
Calango Aceso,74CHztAJKrhl7DqERoSjqg,75600
Forró da Brucelose & Gilson Neto,6osuzg3Iddz6orKpsW17rT,2200000
M83,63MQldklfxkjYDoUE4Tppz,16399999
Felsmann + Tiley,01OXxPlQj4h9zfK5qjU96P,2100000
Indila,0FEJqmeLRzsXj8hgcZaAyB,12700000
Jain,2HHmvvSQ44ePDH7IKVzgK0,4200000
Else,2tUUqZeqBYInHt3aDp3a1B,657000
Trinix,3HqP3nd8WI0VfHRhApPlan,10900000
Queen D,3xteLzvYKvUitXzmMZPN4a,0
Matt Sassari,21dVknSLCsK37cWozWDZZS,9700000
Feder,5KnoVkIUGmK0PiDKMjz2LM,1500000
Lyse,7K9peN1sknRNqPr9YEYedM,0
Magic System,6MvRVq0CtpQQlwnIiszV8F,6800000
Chawki,79b2ipSR68Uf9EzA438KZt,678800
Vegedream,4eYnorQRhVHT2KBl2UyHHd,7600000
Dinos,1QPdp5duV6lV4XINCzjwQ2,2500000
Alonzo,2z2TRvloJt4EfUNQp9rHAi,5200000
Soolking,0GgY7hjMoGDsX8ZDe2mwds,6900000
Boro Boro,7oCMRsGleTXWblzHPgdWXu,6100
Negrito,1i8gGjDzv2FNoy6dHcr25K,181100
Dosseh,3b5bg1k6N9u31OtzSfK2dP,1200000
Mig,3mKyKC4BjNrNJSSBSrNy0a,640200
Niska,7CUFPNi1TU8RowpnFRSsZV,6100000
ISK,1HH5TlkjRt2FG8dpkWNm5j,705500
Lacrim,7DUTsWY3RBd64vh8UtgtYA,4800000
Rilès,6pdcQa7by8IKuoVXvgknlI,1200000
Videoclub,3rp4f58JlRHkk8hpdLCer1,6500000
Boris Way,6B4RvAzPbZcxMjhZvFSDis,669200
The Blaze,1Dt1UKLtrJIW1xxRBejjos,2900000
PLÜM,4NTnwCK3RqTBH7TFIQrkfL,2600000
Alex Aiono,5KPJMJR9PCfMWSfco8i4W4,392700
Holly Henry,0aJmmGAW97dotte6PXgV06,18900
Lilly Wood and The Prick,50OApTJurDusIo9dGTqSU4,6900000
Luca,5dEZcv9FgbJ6w8ypMv4B1J,115
Nina Carr,776UugG4CdQlYfsEUVCRqb,1200000
Lonely in the Rain,6fQnJC69Qyi4jFpQSsFhSN,66
MR TOUT LE MONDE,4MgxKih2gf4BgMkPVOfvrn,1400000
Imany,74eY8wbrhhVD7pACbBHwHw,3100000
Filatov & Karas,5NW2uPFatEKjZQ5gpWD8HO,3000000
Adon,4k7GfSNcqDPOyqYa8VkNjU,303
Emilia Sonate,0dhKoJy7OXRzGg58QvGeFR,21600
Vianney,4Nrd0CtP8txoQhnnlRA6V6,2200000
Dawty Music,07Tpbm1Mf5VmFHhPST2Hv0,372
1PLIKÉ140,4Ue6MAZqz18NlaOQomRXLU,770500
Sefa,0caJEGgVuXuSHhhrMCmlkI,791900
Dr. Peacock,4RbUYWWjEBb4umwqakOEd3,1200000
Chrono,1TpWd2shGijXDcCqFnzwOs,3200
Vanessa Paradis,1FmxE030Xe2H8Bn9bdv6Pd,2000000
Sofiane,6qFt3TjvxMt77YGsktWG8Z,1500000
Louane,7wjeXCtRND2ZdKfMJFu6JC,2100000
Oscar Anton,1g3dAnqp218LiNN9ng5dIh,416700
Clementine,3xcWfLeOWZMLYyGMb5koFI,407
Lavern,03y4yOxhLk6MDJ1bV424uO,4700000
COY,5tbKiV0G6Xx529nPcTapgF,6400
Taiwan MC,0yiXjZrrbGYxQlg8oPxuOE,520799
Davojah,6R2huROs281QJOTymMkaM9,323400
Moze,0NX8OOvDySymnuzev9h0bK,46
Mizmo,31sy2Lzz49t83efKMvk3qV,3800000
Freeless,05KyPGN5Uv8Cn7Nl2AXLDb,7
Tanaë,1zdTR6nL97NAUORrZcb1fv,0
Vendredi sur Mer,0wuuYZFptujAsRthrdea2B,2200000
Alexandre Desplat,71jzN72g8qWMCMkWC5p1Z0,2000000
TEEMID,6zGCrS2y63IEUJfyn9Bpuc,2000000
Kedam,4gLjewMzkKRnCZ6pPxoHbj,179300
Billx,0Ldjd0Z66CJ0rChWXx0jzB,479800
Lvne,4pw9tq7xIe5cZLPS7xivyL,140400
WAVE.,7Du2kQNdvLIJ8ztrlv2RK1,0
Marcus Alexander,48b8lNxNj0DY29Sz3ynREH,4400
JYRYMY,4rAYqc4yDNxG7fn8nkNFYe,32700
De Rien,1cXMEOMaLm3TNWP8lo4AsS,105800
Soko,4Q3f2YYH4gQxWFS3WY5G3j,261600
Horizon Blue,2vOzV5WdvOYH3K1NJyt7wb,1100000
S3da,4oqWSRy51erX3U6qwoZvkr,236300
Coulson,1lS1kGoRu8IBcOCoMMzbCR,0
Lucenzo,5bv5RplEOwdCvhq0EILh9E,15000000
Alex Keeper,4hxy6gamr697jKBPSmHcpB,450700
Møme,4lDXfIznmGueBgTjI3qGUX,1000000
Merryn Jeann,6PwHyGcUfjwdjT9cdsaVWT,4300
Lartiste,6HhnhnxLsowYuuejvku0Bz,3600000
Caroliina,5zSv8ebxJp6esGCMu1pxaH,23100
PALOSUEÑO,,
SOMOH,6uwvfnsp74AHafIT1vxAG3,28900
TAL,6JLwyyc3LBwRXEODjugQ4D,1300000
YL,,
Jules Massenet,1AoIc5YFH0aSFc4mKqBEeB,1000000
Michel Schwalbé,4fZVzi00xb3DKLG1GSSCUE,52100
GIMS,0GOx72r5AAEKRGQFn3xqXK,19600000
Susanne Sundfør,54KCNI7URCrG6yjQK3Ukow,401200
Seth XVI,173wMRubTW7g208ZRpzFpu,196200
Dominic Neill,4PIv3Lyk3erxjcwBZFVNgi,714700
Madeline,1nXR4OKiiSV94LXGnq050Y,1800
Roundrobin,6lzdsHJPRvkOydWYIQjnQc,23800
Indigo Pool,7LL3pitjQODebuukupE8b9,41100
Jane Good,1rFqZWRuRsmDNAuSMRGwSE,625100
Samuel Miller,4S1EXenN3a8icOr9keFIG8,936700
Lonely Night,5z7pjN7SUEN8nZFOO4MWhx,189900
Altero,4Yc8Z66BiZxpRDFu2xcs5D,123400
Noyade,1dBW5GPTsLRWowDxMQ2C0c,4200
Cinnamonrolls,4Wg29daxFVMEOUbqmzj4eu,12
Marina Kaye,4hHzZPvlU4rRbYnkXddpid,234100
Vald,3CnCGFxXbOA8bAK54jR8js,1400000
Luv Resval,5l8WyvJ50fdSghK2ySNq1y,613800
Amir,2gLR0TzOik7qKYpyglb4w5,0
PNL,3NH8t45zOTqzlZgBvZRjvB,4800000
Hugo TSR,4wuKH89QtnyauwNpBMp5RP,467100
Caballero,5DE0by3fZT0nrlJSutY2D7,237300
Stupeflip,7qiRNP9z0FhN63YcLmb8Ai,422500
Hélène,4G1c4omxZe5InPKflB2G54,43
Suprême NTM,4ko6Ysxtvx9EY9GEFslrIz,974100
Les Fatals Picards,3oaj9AlMadVi3FkChhwFAz,167300
OBOY,66Ok6bgC570sHkw08N20pZ,3300000
DTF,37ioGUZGhKk7VjWIocx8kM,1800000
Ti K Ry,2J0lDAGktLohLwTWlABDE6,3400
Myd,3QFiymmbJlVBPpnrOatEAk,1200000
L'Impératrice,4PwlsrN0t5mLN0C827cbEU,2800000
Sara Costa,4QdM9MXZoixsfLRhqlJF49,349800
MDZN,3JXXKE1wCIuoK8OSOFn7hx,16600
Thunder,3SfrwwVPGtjYTI3vwQ4hEU,172800
Clément Leroux,3MttWEEoyq7W9MjHEBaKhG,53800
Nounours,6FrEkw1iC6ljhne96c7a46,84200
Syd Matters,4kDmwaDsfY9hcvz7K0otLJ,1300000
Mellowdy,2qcHi6YzCJYvbHIs0jvHGc,337700
Ari,2LHTWyslrpOKpj7oD6nuZQ,3900
Lost Dreamers,19jOvlXvoXs2Crt2RJ0R9B,28000
Najoua Belyzel,5nvnhUyjKCVSjNtlLMnREP,151200
-M-,6soPpJHlCtN6SY8pWlfbC6,1500000
Gambi,1lB3I3SI30v2ZOpR4XQqzJ,4300000
Panta Ray,7sX10yz8KkNhuXboDu6m3r,126300
Subriser,51Ock9P3RhPvj5ifS0iOuh,60100
Victor Marc,7tiOyhvxRgmYnPfxYgm0kX,61900
Lomepal,1Yfe3ONJlioHys7jwHdfVm,1100000
Ellou,5DtAmwUDq3xbaWecjPBeSy,81600
Lujipeka,1eTRyiHsWMoWKPD6s4Kiqt,706600
Patrick Fiori,18PkzXDURSTyGZTg9w66qq,929300
Florent Pagny,0g7hZVprd3orBpMrSLWeJ9,898300
Casseurs Flowters,5sXx89ZqVFOUKTl5g2uiST,600600
Renaud,15uNxh8omvRvH71kcdIe2r,2000000
Julie Pietri,4siBlVknVhh8jtVy9jHsDG,357800
Captaine Roshi,,
Jean Ferrat,4GAdDePOvBsOl3n3nVHWpt,423400
Gerhard Schmidt-Gaden,2QMmF5rLR1oBKG5jTsGG04,886
Anneliese Rothenberger,3WzlFupLYoFuZD3Ff5Qdx1,7200
Symphonie-Orchester Graunke,5PfJskFjgWk4q6YIHoUljC,3900
Tölzer Knabenchor,0GOmLzdUbm2mAWD1TMoNR5,10000
"Orchestra of the Royal Opera House, Covent Garden",2t5BHUdyeL3NBKqpOpaA4V,346900
Sir Alexander Gibson,1MJCtRnyW54Bs9r2cURdhy,0
RAINBOW.,4vhN6VM9fLxgoylLH1u54a,15000
Üm,,
Snazzy,7lDQhKVaKvuNDftiiZVrYy,1400000
Nuxe,5Sq2960LCdGIniRjmbmT6G,166300
Ninho,6Te49r3A6f5BiIgBRxH7FH,8500000
Mateo,6y0mfe5LVi1CK1dWWvYTGQ,802
Arinity,6CS3Y9pOBxpjxb1jAC8fhy,29900
BIMINI,6Qt4M6p6dnbQVq6RulgbCx,114400
Moonkids,2OozlR5HfAAp7LwPmOxcsm,124500
Triomphe,3Viwyq2xFXDbeL0o65nnB3,0
Joel Stewart,7qrGrDelmmUat3cPpHtUW0,75900
Saco,1LnBqMojv6Dv6DoPWTDSZ7,1100000
Sebastiën,6CTrKKYpd9uYgA406rR5e0,492000
Prigida,4Ab2SjCDNyDAgkLfzzucWY,106800
EDGE,0ZCX1rGywF2LATUUCq0nOg,129300
Ratu$,7m3gqqtxB5FGXBFmOkR8Sf,55100
Georgio,6Xc0KDqzw5u6EQLgdfeoKO,750100
S.Pri Noir,5olcgTzelGdyP1rHRLyWgs,759300
Spider ZED,4kAzmAcboZ0F6bCCb4jj8I,170200
Naps,6W5uA6CNMf3hd2j4a2XWCx,4300000
SCH,2kXKa3aAFngGz2P4GjG5w2,4500000
D.ACE,5ujSzeJkVeXXtxgDia8dYs,0
Nhox,4vgf0iCwMmQdFgD9Pfj2pc,8200
Cookiesan,3epa2nqgAMh4Moy8Sjx0tg,49100
Volo,5hhLo1odbAyj8sOODKvk5X,5
TSR Crew,0Eh3yFYMU0c1sBsmlG0Ulj,85000
Moussu T E Lei Jovents,5i7koazrOCz08lRRw2JltL,53200
Louis Chedid,2rBb2WwvpcIHNiofmw22vn,138700
Yvan Cassar,12KuAqCu5BfvDqTQqKIKJR,168400
Colonel Reyel,5gNYKVooIJ94WPmhZXbKMz,1000000
Ben Mazué,73BDzWqbf1grbgQ8xYn2ou,1100000
Jérémy Frerot,4lhtlpMg6j1absrQvXYlRK,1300000
Shaka Ponk,0VJIBKdqJygrupAxpSTk7q,800200
Les Ramoneurs De Menhirs,1ak7Jr0XfSsXZGf3GnZ5H4,92700
Gilles Servat,5ttdymCXf5amSA6GmIjdG6,43200
Serge Reggiani,5ce2Vgy5OXlTNvrqbBV2Gk,232100
Space 92,6TVdVlY6irsNPkMHT2HkfD,1300000
The YellowHeads,3SEw2qamdOWyVZtzKxWTTg,280800
Isaac Delusion,2HGAZDmVV3GAH4XFAZdvSG,933300
Jumo,3JpL06DxPRePrKeYaRhKwH,182900
Nokyo,6TybXZyaM3v3cepnTzgAWM,8300
EE,,
NORRA,41TOmzyp8cryPs7PXHKdb7,625200
Angara,14MtSANT6PClR71nsqXhy3,363500
Wavey,5Jrk8c5TEVeCJbCdOyOzth,4100
P.A.V,4pqyg42kTh4xrULdghsTGV,870800
Roméo Elvis,2pHk4wAmL7ofTAuvCIUWtv,953200
Sebastian Comberti,0JTq0OP9uGo5T6gG6UNsma,492400
Miriam Keogh,0Jhycg55CDQXpcjAhJlirc,23
Jok'air,2kIs76sEGiulKeqetZq6ua,2400000
Binks Beatz,7BO3t7j5tGn3OISCrYgLnJ,34000
So La Lune,4ZW7BptOWzjNFLEqRiNCT7,557500
Luther,712cOCN3mpraX2UOgUvdHW,399300
Fauve,6q7ykIHl6K4jk240QYgw34,75
Jacques Offenbach,4OihBPCQzR4GfbzqOY69Xm,1100000
Helmuth Brandenburg,7AwZZVVAZn2ZtqKqb0iiDp,127700
Les Sales Majestés,1qMwG3Gg5RJkSMXS8dFWYw,58400
Francis Cabrel,5uo5NwSONVNfvSHHMQrHAv,2700000
Gaëtan Roussel,2FDsdMev4pzIXwoJGXi9zf,976600
Tiken Jah Fakoly,3RhKSqhIE9U22yFEobw68e,594000
Saramba Kouyate,2hpTAkVy9DIU2dfKydm9K8,3600
Nneka,0VX4MyYhvKRtU1AZUVGLUZ,303900
Patrice,1fBcQOi8yEfWN7fknMoqIE,378000
Julien Clerc,7gVzeNvBbUpj6PXX5ekCMs,1100000
François Couperin,4kVLtXuKJTE7SgYd2sQtaL,229300
Pierre Gallon,013FtnNjAFCdmm3cqSv4ET,2000
Duñe,7bupzBUhDSqBIAkoianGjC,499100
Crayon,1byiL1WtteUjvqT6GhlEfh,710700
Lossapardo,6amhIkFAweDp9aQ8FKQ606,110200
Bleu Toucan,3lv9GfkVw9I9X4Rgtf2o4r,227200
Joachim Pastor,6eNOjuJSfKkAvbiGW90AkZ,868000
Stuck in the Sound,5sTzirFL1wjNa3GuSiUHsy,340700
Cinco,3S8r9fkqybCCXJLhZGA3r1,72000
Josman,6dbdXbyAWk2qx8Qttw0knR,2600000
NVRT,0zWXmS1IpKAkRyJ9xrMf7l,2400
Joe Dassin,64LCTpIu9Iji2EPaxxPpxF,3700000
Yael Naim,32aFdXARUiqP81SXqIPD4w,1100000
DJ Kayz,1GQ4ihUi4W36nt5ZKmtMgh,1200000
Mister You,74YbW6s8CZdaYLxJU9HeS7,1600000
Dr Zeus,1zrFFDzoE9XXyjEqqgDpMm,4600000
Sophia Akkara,2p1UmFKf5iXzTqQuf3UI7X,21900
Clio,6YUx1iZjYtiwbDjQLULIHf,85700
L'Algérino,7kyIBL1EYouLqC8vw7IOui,1900000
Mister V,5qisLjDrKoHMI9zOK2hfzs,603300
SAF,6Pr9pssRV0tD0jdh2Z84td,912900
Jul,3IW7ScrzXmPvZhB27hmfgy,10800000
Kendji Girac,4IS4EyXNmiI2w5SRCjMtEF,2300000
Leto,6HCBnyTBSLdb3TFn2ayulY,5400000
Rouge Carmin,4cj80pU5lKUZDMsCfyajyS,7200
Zoro L'Frérot,6HtD9mx4M8C39kxLx5ufa6,51000
Negrito Senpai,2GaeJMjlHon1tOuq3LGeaZ,53800
Ol Kainry,69yVEiGKjokl3qx25AbBPs,93100
Volts Face,4EfDnNKz2dl0KND2oQB3Cc,138100
B.B. Jacques,3Op4g1wmQJxGTmeFSQ8z52,294400
MPL,7pcG7za39JaUHalwqiuCt9,326500
Marie-Flore,3bM1MZ42q6lUJqHDaDwcKr,187800
Niaks,2vVtmqEXliBFxqCa3Juo5W,1300000
Fresh La Douille,,
Lorenzo,320jhyHt5QWD9nER6QYlX9,7600
Reynmen,1Fg19vpUJpAAPFjnKaVYVW,4200000
Dizaro,2atwG2TdLJ99UpJVxXi3E4,127500
WLZN,3C46QoWzkbaelIUTmuWvce,96200
Anthony Gonzalez,2q10Wskc3lPYmEuV7rzMCv,1800000
Joseph Trapanese,566MlWaCa63jvMZV9YMj3V,673400
Teho,7uZckwZIIL89Paj8E1GEFO,245400
Bon Entendeur,2lwjwKfYZCuPEJOo8t32CD,2000000
Isabelle Pierre,6defgaFYnHND3Zy5CZf8Ix,1100000
Paul Baloche,1jH3GuQCPI87UrS0hcScHr,399700
Luigi Ramirez,2etaKJfdhqKouFe1IPauGn,252400
Guillaume Grand,49oJKbmD3pnF9uynkJUWxU,511900
Cerrone,5SE2sfwTpxL2vXRdG6H5PM,1100000
Alpha Wann,7yeFMUrYTY5cAZx0GKXnti,683000
J9ueve,4fj5OWrMmlCbrc3PocAcl1,395800
Columbine,5AAzeysphag0NxJxLbbVla,344800
Zkr,2yJ6lsLqG06r9bckSTQRt4,1400000
Rasta Bigoud,6bEut48ficVPo2kEIuxwSY,9900
Zuukou mayzie,6a2V6IHS7jT9M1IvJ8V3yB,271900
Vickie Cherie,7mUVdIwwAN5YJlMMir29Up,3500
Indochine,7knmbOGe07k85GmK50vACB,2400000
Melissa Auf der Maur,1icaufOGQKlDwcb5vhYHkP,26200
Téléphone,3fQq9bb2ZKNv24V1A4vwBK,1500000
Laurent Voulzy,6ogXCiVOaz2afPmMNHph7Z,928200
Véronique Jannot,3AySyGIRlpIhkjan8dOSbN,125900
Saez,3XTmgSSBHERWwccCoL1xtO,0
Les Caméléons,4Mm0KEjxiQ3qa3BYeyzO1y,17400
Dub Inc,0fSuChlRe8ZYtVFYDoG87U,527500
Djadja & Dinaz,5hREZP0zTQbTLkZ2M8RS4v,3200000
Gérard Lenorman,5yyYswdvKadmf03amOvBDx,514900
Nemanja Radulović,1KicbGCOVNG7FkghcRVcQs,104600
Double Sens,1f4EFQTDt2sL8ZhFfpCbth,56200
Jean-Baptiste Lully,19v0Cnq5D4SKom8SVlXhkw,155800
Clément Debieuvre,3ouUgl202z5n7PWIAetnZU,213
Davy Cornillot,4Me75SbzHaSVu38kQpXvBv,1300
David Witczak,2Qx3pSlirn98hsPxopPqoz,1000
Rejjie Snow,3lLHpTOJ11tWiUNGYN14gt,877400
Binkie,2yYPx2D80cfNgoeAiceiQM,5800
Chullo,2qmnnOcCrlxJjgZOQcFbjH,147700
Nej,3BQ9mWlgFRfMr5EdNfc10a,2700000
KAS:ST,7orlzf5LTqSnCzURkZFebN,404600
Be No Rain,0ToTNYPspLv4FWbcpXgOUt,533200
Coffee Cub,0Vyyyggh3HAUVLxcD4EKLC,226500
Carston,0WRqpklDf9jCcdVitOJGn6,953400
Therapie TAXI,5MynxBz4ZMqvUzpcxTZl4C,1800000
RIDSA,4TGltjqP0MQxdGeSIrM4es,1400000
Koba LaD,1q7T9rFQ2a2ukA1PU51fo3,3200000
Bolémvn,6NFuvUT0vtDDmiMsOuTA1q,0
Mafia Spartiate,7fy5E9AjeDhMSbVKrOGk55,19100
RK,,
Corneille,2GBDOaCl73BVUs2RerIme7,980300
Izïa,6T08mUIMB32dtqq5ryxQZ3,233800
Biga*Ranx,5rgdw8NVhnxWL8Poo6HsiX,1200000
Michel Sardou,0krCd0zVANPv9ryri4T0TO,1200000
Eddy de Pretto,7rFugkk9ZvVB1zXHg8h0rj,556400
KIKESA,,
La Belle Bleue,7LMOwlvbmMpaWPoRPu1RRL,45800
Deluxe,4EePV5BljRSXJnYww4d5Qa,713500
Louise Attaque,4CAsSAU842glNKJX71ndA9,1700000
Tanguy P,5lGJ8wz8UXhKFIYmcuxMXX,0
Georges Delerue,5C2ILE4DWY1vzn1NPxJOag,146100
Romain Leleu,6sDX2AmLH94xRtisczMfw1,3500
Stuttgart Philharmonic Orchestra,2G3SGwAd7uOTVm1y4IijBg,3400
Marcus Bosch,1MJ8RQmqS1Bp7HE7LUL3SU,5200
Merzhin,4ni1VfqTNIvsJKTDuiN64f,58400
Mes Souliers Sont Rouges,4IyUYsH5XMy3tgfBfeHRO6,73600
Reverb Man,65BNmDx0lzlGGuSVubVUIY,0
Gaby Casadesus,5NfGdfTxSNHjKdwjNKwh5c,320000
H Magnum,63hFhXYW3r2q8uW2Rf3LUw,190600
Alex Baker,0U6Adu2ODsqB9urN7BslVo,1000000
Super Sako,2ZMnWI3oIHyj7MyuZ99gvu,239100
Hayko,1G6vOMAmvp8zog2GhG6avm,10100
Gabriel Vitel,1cdGFmm7cm0yvD7mA40R8x,281900
Beendo Z,7a35Zdc78bDXJv2vYf5hSO,724500
You Man,7J7wDWLxbvVQdozTVeNWdp,172900
Camp Claude,0TNyEQ0n7diilLgG1ozfrB,176500
1995,5JbYUdjaOALZLyhYRI79K2,116300
Sopico,01fkQiYuBZt16vQ8iRIc7g,172100
KARLK,1VVYETYOF4Iw0KtrBIrllj,250700
Guitk,6idiMykt5CGq3Jlvj8Fjmb,30400
Le Juiice,67MIpliQaIhUN1WLSkYEqC,52700
Nusky,6NBA1GBrRG7fxTPDjKwFxm,54400
Limsa d'Aulnay,7l6m2BySHwnjJuw22SXwh5,429300
Lesram,0UeKDbiaApyP7qKfcmGN03,441700
Dehmo,5oM4ylX9mgzyzDD6yYPUal,157600
DENZO,1pQtc9O0CKJYhvaICw39z9,88500
Daniel Balavoine,28IqYhzq3UU46bbY0mRgn7,1700000
Pierre Bachelet,473XDcWSxnSaxptauf6fg4,974700
Bernard Lavilliers,20YtJDRaSzJREUlVvNfYB3,375500
Bonga,0I6bdBR4Q7uoc3HI1OgI8C,816800
Girls In Hawaii,1HRqqu7DoKzpIBvdU7Jjib,134600
La Rue Kétanou,5RJtcUSgNu7Y3X9YmZDci9,305100
Stéphane Grappelli,6AfbDYupHV5e6nse9W6tKG,264000
Joe Pass,4DuZTASH5eSyd0K73W6fuZ,281000
Niels-Henning Ørsted Pedersen,673nUEedXxOIdNlPvxXLiM,25200
The Dø,2mcNCn1qbZUQ3J9KHapUxj,624500
Jako Diaz,0N5xjvZDyBf8kGuYCBJNJz,201000
Django,2ARO60gI5do88ho6azmzab,341200
Zamdane,5CtPAGoxpJ4yLJLx6CSrO8,1200000
Dadju,4sbXXFzEWJY2zsZjelerjX,6700000
DA Uzi,3xEJ7cDz5rdg6VM8E6Mqhf,1800000
Tchoupi,4LdUoYaXM8HFG76eCWNEJa,165100
Youri,1g4gTYnPjQSIOAzFU3V8AL,36500
Moriarty,4rzLzydCwOEGLHcOXnqIYz,15700
BB Brunes,4tHeypFR25Cnx83nuHhrud,1100000
Les Rita Mitsouko,7CdlYgtOoxBtNjuDeIxSPM,718500
Bekar,6wjkiUBMMYSIx5UBTp7eKC,1000000
Glorious,5bAAdJ6pPeoygdorjlsr1S,489
Swift Guad,7MqaRBgnaFIndVIYwC43AP,89700
Nicola Benedetti,02B3Os1lCLuWR6klPJiQpW,552100
Daniel Harding,3sjupE75AphhTX12fgkQv6,359800
Julien Granel,3VvDMiseFeokUqlLPXMh45,50800
Astonvilla,3qNYZS3uNCwEA3Zn9gBsO7,20300
100 Blaze,0JxUh8qDlG3xflSV9Of500,131800
Georges Brassens,5UWyW1PcEM8coxeqg3RIHr,579900
Sandrine,7CNy7uF3UjumgTaWZ34D7M,2400
Her,1T2WeXEi0XlZiPpjjDAY0L,335000
Ichon,5MJkroCz5vy8h3LeDsN1vu,110300
Gordo,4Ge9GwmWnOQsohwPTrXyHc,5800000
Ki Bae,1t636zbkoWqKePDarVVk21,20
Moi Je,2lmGTNC0PsE7j5KDO9POvW,276400
PLK,3DCWeG2J1fZeu0Oe6i5Q6m,7400000
Miel De Montagne,2iGwIqfIXRskkGakunO9sf,487500
Margret,6tFdm9EEawUx8EUkpWQH4l,45800
Thylacine,5If5Tdg66Q5X3L57G7A6Pn,419300
Dhurata Dora,6t7U7sYlVCtlMWzbecJcHd,2000000
Emrod,7Gd2a8LhB6hvrgFjuZMw9U,363700
MUNICH MONSTRS,65JeCEZBSZlp9lJGDZov3f,74100
Nick Yume,7eKmGT5YbJdEPyYTLI7rLN,344
Leonel P,0xrFgE4xZEk74THh9ulYiB,11400
Anna-Sophia Henry,7eMgHO3ZOlcpWKM3OFnnS8,703500
Demi Portion,3xQiLcsmj0KCiFtconY6Dz,194100
Tiers,51pBTl1ac8Q45iHgUK5cq6,7400
Alkpote,0QcZD8V0Ug1KINWBSyG0dB,221800
Caballero & JeanJass,1mMUzAMrNqoTHgtxA0dZi6,430500
MadeInParis,2NRdZaTYZk1CexnDSlnxZU,749000
91 All Stars,2NXFKDjgSuIyiUUH2PEVHG,213200
LE RISQUE,6vYIofTPb6utQIovHOFyG3,81800
Zokush,61O1t9W4rYDRcGF9DJUTJw,311600
Daks,7aQHK4EJHJY8qPxCNFbjeF,14000
Sifax,5dacK0fiMwLoV93yBdUrZK,169600
Keen' V,5iZMWWLoDJH1u6Ru2rOEsd,1100000
Dely Kate,5UxwAec9jK5XyM1HXy55PG,7700
Étienne Daho,5aDKJuLDczfmHfRSOmHCJk,697400
Italoconnection,2H89jjAoarp9VqMxT8W0et,14600
Carbozo,1r8lodN1CqZ2BXsJd51aGm,113800
Sasso,35B6bq5keTR1PYEahq1TAF,1300000
Massilia Sound System,6OQvEmzlyemB8CjQGgIKqr,349000
Mister Gang,0g9joi70vEh2c7i9U141ao,16900
Soldat Louis,1xrlEiFyB2fhqJATbGDULK,221500
Emily Loizeau,7iz1puzdJivBhh6akJYp09,45500
Alain Chamfort,79SJOUvbcH85tS57TH1f4H,215700
Les 3 Fromages,0Ik5xuEihdT9P1Yw6QSsLt,42200
Lynda Lemay,6rVJyC8TepqtRRPeEFZfi0,87400
Starshooter,3JxMeVBFcOpwRTDhmIO1e8,6400
Michel Berger,5skauLarl8sqqUFypECtP4,1600000
Philippe Lafontaine,7ee9JJuqLBnVjTZ4UXblnu,311700
Liane Foly,2gqgEHPalzWCOHfJ8pXpyo,110700
Eneko Artola,3Q3pmaIKRKXh2e0g4A4Xpc,226200
Drics,5NlawbBDGkH8W9SblamHZO,464800
Xad,60fosQLJjKs0sFcKEYKdzG,54000
Kadebostany,3IVrpJxHeUFoYP4H6bxg57,914800
Taïro,3yTebTUCCcdO6f6RN7vVlY,750900
Poupie,71x0OO2toFjXrMRcufL9tv,250100
Sexion d'Assaut,4vnmifnGOeRXfNTRtgd4Tj,3500000
Zed Yun Pavarotti,2TM7WyJwjfD5wKyX9OtIWJ,101700
Slimane,4OV6uYSnHxSYkjDYuBVBUz,1800000
Claude Barzotti,3rXJOlQbim2cC6I7wxAlrb,292100
Dominique A,6IoS9ojtxKCL1tW5VL1buI,89800
Sergent Garcia,6FaSJ1FXpb5QxKu77LPiZr,177900
Parabellum,0JbJ9sG3cB719QmmkIRTPQ,87400
MC Salo,1quV4CgipPwybFtikATOBc,521
The George Kaplan Conspiracy,1oghnjbVNJIYKnNhV3Y5cR,538500
Kerchak,1nRbtbdYK51y71nVOxu332,1900000
Ziak,2ubn2zwyYaLdHOCKnTouU2,1200000
Black Muffin,4x4bLKxRPzmsR2HKMfo54b,64000
Melody's Echo Chamber,1S0vL284jxZYKtZQ2jsQ2X,371200
La Fine Equipe,2EMmqQQmszsCXfVfMRibOQ,436400
ROLEON,7GBnQ7kaJp4oT8k2FaGoKT,50
Youv Dee,5P3mgWx3KvnURMhlVm5pMS,75000
Kaza,4MRRW42s9ymwa5zu4xTKJh,1200000
Amel Bent,15jZ8OLtnGATWHlQkltG7f,1600000
MZ,,
Benab,0qO3t2MHM5NIEJ5fw9VndY,520900
Raspigaous,6hOwWmb5Hl7HZ0J8tQLe4u,3600
Deen Burbigo,2OTfhbxhBO1u1bAuCy6ouu,205000
Tryo,4ZP3CHz28XWVLGiaVVWuLj,1000000
L'Allemand,3BX2N7cc1OrBUJQiiei3On,297600
Charles Pasi,4OFX3Dy0inpClzZcq8lJl0,223400
Nicolas Peyrac,5OGPLZXdTrhI3RMBjGi1rl,136000
Rose Laurens,5yHrAQeiQbwIqGHInzdYWM,395800
Beau Diako,3W02sTifN8tW1bapAkS1hu,156600
Di-Meh,1QHLcqY9m9aoKWcjBiQV0y,80600
Le Motel,4LLrhUqUv2Mi1NhHz0pjXd,166700
Linema,1JLLmatqNVWI9Ta5bIEvbl,244000
M.I.L.K.,2ekValwbXG7P55xYXwWOZx,91800
Village,6D96m0U03CqX1KdjAwZjm6,204900
Léo Delibes,1M9AXZkNPdOd1IPEsQsXnT,1000000
Razumovsky Symphony Orchestra,6lxAqIorVmYY2bzWr9kmCA,193700
Andrew Mogrelia,7JQlNkPQ2EwNuzjnFia9DO,195400
Zikxo,7rjPaOQdQeTIQhmApviFqe,151400
Hornet La Frappe,1kwzW1IszUiq4Gs9BFesvW,1700000
ISHA,7IZVQOfFqJtCQLtdV5ieTt,32200
Gaël Faye,69irZ4R8OsrLHjr6VmMmMg,938900
James Deano,2qcWSyZDxjzTQspgc5Bjas,202300
Lil Tooom,0DgqNtrbkslnWz17GRZb9P,0
Eazy Dew,2Lj6SBfQS1bVwZJcYBcKlS,16600
Soleil Noir,3winf7NBdGzAqJw4ZRDHLb,27
Mcfly & Carlito,2DNfUNwenBiLLGMc4vQGei,97900
Broussaï,5BvNLWVgHJDT2B7gNGxn76,30500
France Gall,22HVxZPA6UhBp8wahxDA6I,2800000
Michel Legrand,1EtE0iSY6iFlN9L9c53ETy,368200
Matmatah,4bhynkwu2d1ZbjPTNBkI2t,690700
Damso,2UwqpfQtNuhBwviIC0f2ie,6000000
MAI LAN,4qCKUiCnxl18wGx7Bvk5fD,15300
Franglish,4uJNQGa3L2frXDxwgouTIw,4900000
Aya Nakamura,7IlRNXHjoOCgEAWN5qYksg,19400000
VEERUS,0uqVwW4EThbK961o5XO62n,9900
Raft,1iOozPYIQxa99SjBiNbKGP,24500
Bjarne Hendrik,5FIR37Eznpe8S0fondwPd2,261600
Soprano,2RJBv9wXbW6m539q9NOfW1,3400000
PRIME,6jkyuCsGvgUpCcsGdBKA8J,341
4Keus Gang,7JDQ2kZsT80ht4tzgIaId4,615700
Primero,1badJ5qBBvLuJ6qRqkRtR7,34900
JeanJass,11jTIrOwxFOLvhJIdb4FYo,320500
Jazzy Bazz,0cMsSWXCY2Wag16luxN6fL,484700
Orquestra Simfònica de Barcelona i Nacional de Catalunya,3JMtC2Qi46h2vcbJfVYlgy,407300
Pablo González,6EWAEGsGV4R8Aym0gGxHKp,38
MADERR,7hD0LczxgWTJxtI5Ut4fGk,0
Jacques,55i4AnS7E58y41UwE0vvQh,97000
Raphaël,1NPnXlXdEfr5ZxhEDsFevM,1000000
Gérard Rinaldi,1MBUiD2DMxcJFyooGAgbwY,71300
Yaniss Odua,4DIUpxntUKirdKs79Cpjrl,383600
Cœur De Pirate,2eRNMtoi82UZUuaL6naDjA,1200000
La Grande Sophie,76IqDKTydgWzyIuNpUD3Jg,70500
Bénabar,6xoAWsIOZxJVPpo7Qvqaqv,269000
Quatuor Zaïde,5vKcamfzZfWcYyWJMFIRbh,2700
Jean-Jacques Goldman,2Cx19OTMqa6gpz2l60cGG2,1700000
Starmania,4VOX5R6FyddOOtzKgY8OGv,842400
Pyramid,3U0QIklMYTwPDN4NE56Wpy,22800
blackbird,5SU9mZVaI9pRXgXmIhG1fL,49900
Mazoulew,2FXIGKBu3oLpuZkXq6bMgj,35900
Sebastian Davidson,1uO4ut3M0hYeCfEEUdFnEp,163900
Remzcore,0mv06HWAJhV6nK7zd2eZwp,577300
Leo Roi,2RnUvL40zj7eruqfVNP3D6,39600
joysad,6CZr9MXuLgVw8tcZxrf29Z,66400
IAM,56Q6weEROZ1RsVrTak8Bm7,1100000
Eddy Mitchell,4KBk9hwqFYtGS3DlZJiCsQ,678100
Jewel Usain,24lRU7Y7ZWpVa3v23FZqS6,265200
Axel Bauer,7H9BHRpRnP55YwZpFLAVmd,264000
Pierre Perret,3IZrUS6JZOX0mULDy0QPra,171300
Marie-Noëlle Lemapihan,6Uj3L2dYvODcXPAOtDSoZp,45
Marie-Hélène Conan,2FRgWmX01bYFKqvTC7yVfO,0
Handbook,6OvOdUubb1MOOz2FtGWlHk,96300
Dokkodo Sounds,2mNcyUGwbsOjIkhzMv7aHo,26500
Ashh,4YUcg2ee9TxMNdjhAxzZBF,560300
Mouloudji,4pZgpCHvAI14ug9dSfxTjp,500500
Lstn,0OO1zgX3CUfJQwoOEBSKSp,362800
Naza,7xNYY1Zkb1vks5m9ATlJok,5500000
PSO THUG,34dSaKok3USBivMGTmIlXx,93400
ICO,5VkemxUDiz46ZHPdvh0LX0,185600
Kalash Criminel,6ytOHdKh4xt4YvF7tz8Zcv,1400000
Bigflo & Oli,5mmEMfYChd6MImBagU7zCs,2100000
13 Block,7rTPCNINGzMp3Hc8Xqht5Z,793900
Larry,0YqeL4iGLLNiwRXZvew1TM,374100
Juliette Armanet,61CPKXT0bcKj8MKTNTMOXa,922300
Mansfield.TYA,4Rnbihd9aa3KWygk38BAZL,117000
Brigitte,3pwoLiEbkKB4c4Vj9Mzypk,297000
Nosfell,0bMc6b75FfZEpQHG1jifKu,3100
Z.E.P,4XAzJCyr0H69x6RkEnb2Go,6100
Joyeux urbains,6569ddMrHYmTzRHJPnoTOb,7700
Tom Hardy,4meYdd6XBtvH08Gn6GC6MV,156
Two Another,35RvGPQ1OxbEZknWyiaAcs,1400000
Benji Lewis,1BPsbKiNgav1TY1ITIU8C5,332400
Attom,1Xq5wasmlEwC6TqCqJtP5o,279300
CLOSR,1QIjx8SUfvxycTLJGoxww3,7300
Luidji,3bRGJQd7b4lE3ZAEMfOXJp,1500000
Jodie Knight,4D8bh9Rvbpq8sHjPWVies5,142900
Lola Le Lann,3xH7GdfxfMJyUIZESCKDuY,43900
Still Fresh,3AGggQTwJaSofLcpDlYhV4,1500000
Kalif Hardcor,3CRjP7f54St0n1qZ8l1MIY,0
Benjamin Biolay,26Kq9bSJsElA93PflKEB1A,360300
Davodka,3viUmbbKSqgMFOVHfrZQpn,135900
Dooz Kawa,4z8LvfxawVZLoLR1KTUzQL,141200
Mike Brant,1u9tovPnCMYuZiV3EMZqDV,439800
Percubaba,2Byn2ekDC01oao1e88L7fJ,11500
Mademoiselle K,5O2FUMAWxdTikjoCBAXrNI,121200
Salo',3dQpxhxWPVO2t6HBt2iZ8n,11
Rim'K,2eh8cEKZk4VeruUrGq748D,3500000
Coolio,3y24n3XhZ96wgwRXjvS17T,19300000
L.V.,2LhsePRtgCo4THVKULQBL7,17600000
Missy Elliott,2wIVse2owClT7go1WT98tk,9200000
Chencho Corleone,37230BxxYs9ksS7OkZw3IU,28900000
Justin Quiles,14zUHaJZo1mnYtn6IBRaRP,20900000
Dr. Dre,6DPYiyq5kWVQS4RGwxzPC7,22600000
MC Fioti,2W6kbe0nm96COrHzNmfLLd,4099999
MC Mazzie,05bZ3QOlK7vfflzspO0Jk5,541200
Mc Rd,6ugw7JCu0AG7txRcRAxU8d,3700000
DJ NpcSize,00B9mff8749d1A2LOLH41b,850600
DJ Wizard,4NtajITJiK5oZRC5lnlbXA,0
Nate Dogg,1Oa0bMld0A3u5OTYfMzp5h,3800000
LUDMILLA,3CDoRporvSjdzTrm99a3gi,11000000
DJ Will22,4JbctwNAyZktKZ9d4vMSM7,18000
Topo La Maskara,3kgQWNZNpp8d8JQZhuKbPP,427200
MC GP,5s27i7oqhNWIcE4HeoVdq0,11500000
Mc Kadu,21ELc2P2rA3Cu6xw3VWqvv,5300000
Mc Kanhoto,3bpbNht7qJCmPo8sjVF3tA,1500000
MC Ryan SP,75i9GaW2MJUgt4BkdUnuUY,19400000
DJ Guh Mix,3zG4hHVlA4xIX5jwvOa2KD,8700000
2Pac,1ZwdS5xdxEREPySFridCfh,28000000
Outlawz,2jp3Fk52x0HbymU0lNYbSC,381500
MC Bruninho,3shPgAzHMyRwWOkXeoWKeB,2500000
Vitinho Ferrari,62Hped8KMeSwPABlhpcqst,1500000
Dj DG,1NdfaQNOGvEdXntHKo9a7R,34700
Batidão Stronda,5JNJDtyiFwY74t1uZx0N3Y,38200
MC Joãozinho VT,6XFc29m1ptfUNmaa1UTuBT,10200000
Mc Kako,5InVWl8IZB8zFAoNa5roKm,5200000
DJ BOY,3SmglMBlxe5aXe7tIa08NQ,49400
MC Tuto,6aoGgTKGqtsjj48ymcNs4Z,13500000
Matheuszin DJ,3InqACcEpcWEHMTiQcwB4Y,2000000
PEDRO SAMPAIO,5wbf52LA6kcaboHSN6NEF1,11100000
Mc Pedrinho,1etNnR2SdlelBQAICa2Q5m,9000000
Marvin Gaye,3koiLjNrgRTNbOwViDipeA,24200000
Ice Cube,3Mcii5XWf6E0lrY3Uky4cA,16100000
Mc Magal,2FDaBZt51fOXh2rbHL8Afr,8300000
MC Leozinho ZS,6VyttZwyEMGBl90oGdKCB8,10000000
Dj GM,03PnQHlbH5nDDVX3hNg628,5600000
Oldilla,6sW5k31iA8sTy0i2goUKF9,8900000
Mc Piedro,4fBAsjJmj6lwaOuWS15stg,1100000
MC Vinny,0dNyaMJp0r9zBYG86JgRDI,1900000
Tammi Terrell,75jNCko3SnEMI5gwGqrbb8,13100000
Big Syke,5J32qSlWzKCdcL31B8wglv,6600
DJ Drama,5oNgAs7j5XcBMzWv3HAnHG,2900000
Dave East,7e10JUMF7MJmmwYpnTSMI5,1200000
Stressmatic,6bvnqprEw8P88PB8jEnL8f,74
Tasha & Tracie,5Gv1C1LY8pWiYcfcdjSNMT,1700000
Trinidad James,0I5HubncQ8E1MFZOlPDY4J,553000
JANE HANDCOCK,2wgW0CiQRwbWlkT6nM8suD,148500
Seddy Hendrinx,4TYOMrAFzxu8wO0yLIpOm4,383700
Roger,7eqlRBEEsJLk79DGYNm4CI,54300
Mc Kevin,5pBMkZNIlbGTH3hrsQJqAa,7100000
Gaab,5yyISPGOJkV1KtqDvSsz5t,99
Mc Gw,0f1IECbrVV952unZkzrsg2,23100000
MC Lucks,11vFELtbAlOir58NCnfEKq,402400
DJ BL,6czOKOz60lY0Ay02RYe6Ca,1100000
Dj Pedro Azevedo,6IaF86F3SeRdjJDjmLRXNS,316100
Love Funk,64DTkZLH6KkkMwZEEZ5VWC,5000000
MC Paulin da Capital,592JnViQ2tot63c1SbtgK2,4700000
DJ BUNE,0cFkPerD9Of1QRBSyOx6cR,126600
Gabb MC,5qyPbwqvOEp7FvR1EeTQQ2,4300000
Igão,5SholNdfQZrHBSrOJ6C34X,116200
Mc Kelvinho,1S4ASTDQvMwm6jP95pIsYB,3200000
Mc Dena,4J2dAJV1pnSqZIXUhN9615,4400000
Djay W,5nkzLizeD93QtabjeK4oyl,3100000
MC PH,4PLdCloYxu2bMKfuuB9lI5,9000000
Mc B.o,19noS5CYJi0vHWOCdkbyuh,333500
MC Neguinho do Kaxeta,27mVhYvJa7apj1zCoZ9TF2,4300000
Dj Nene,5iR3NEmAFbIBa7v8y3fRbM,3700000
DJ Glenner,6XX6KGpomRDPmGGm7bofCK,9500000
DJ Negret,2QjuiqjrRDISMbPYSNKRna,428700
DJ WN,3joq445M6f168kb3mkp7BB,2400000
MC Rick,1mvpEXClANunyiHFtAXCxt,7500000
Talking Heads,2x9SpqnPi8rlE9pjHBwmSC,11100000
DJ Arana,22RXQj1gd5zEbcRjdxiJbu,3300000
Bill Withers,1ThoqLcyIYvZn7iWbj8fsj,20200000
MC L da Vinte,0lHB0Qc4pmD5RkTLlHeESo,6100000
MC Gury,6fOyYqdh6p0ZWLs9zUDoyt,4000000
DJ Manabu,6QvUMS1LlEFCBtXAwNRBrh,34900
Vou pro Sereno,6LWehyU6oi1UVgwp2PhVEZ,874500
The Temptations,3RwQ26hR2tJtA8F9p2n7jG,9100000
Mc Don Juan,7Lmrb6KcIzfkmgbtokjsAL,11900000
DG e Batidão Stronda,7gIeuq2qBfYhO1budb6TSQ,5800000
Dj Victor,116z8yXWFXo2LI4wZNco8U,1
Mc Paiva ZS,0gHj4MPwwcZ8Zl9CY0hqT5,7100000
Mc Lekão,19yiaMgl4Z5TFhUNp7R1JJ,4000000
Danielzinho Grau,2MnjvpezKOrDPxpDsWsABp,41500
Mc Leh,4JTs3kffe8YHh5sjlJh3jK,685100
MC Neguinho BDP,1qjORnMWwHW1ILrXFwkMbX,588500
Dj Luizinho MPC,7cwzNkrMN3oFVemvRcNQWW,552900
INXS,1eClJfHLoDI4rZe5HxzBFv,9500000
MC Tinho da Sul,1a3Qu1i4HErdbvc05rXy4j,56200
Dj chaves,0Vox8heTmJmiut8fVuCrl9,367400
Elley Duhe,,
Wall Hein,5wEgjH2s4SAiffRmzkBqHB,4700000
MC Vine7,3UfwtvPZZea2HHwI23VtKP,8199999
MC Cebezinho,5Dz2FizMLqV0Cr3c8uhEcF,7100000
La Furia,1VJPKRhyZF1Q8082alyMhS,1100
Mc Lele JP,1mV9h1AwhRXSjBFcYpajgY,15700000
PK Delas,6gqBZ0kAjgVLsZQKkHcaB3,506100
D-Hit,2ykrmidRrayttblvRHx30p,182500
DJ Faveliano,53SS1Ab7P1dG97hT8jwAKQ,
Mc Davi,1cYhx7ZOhYoVmnDPb9KMwo,7900000
Dallass,4LAFtDzlQM89xov636hMVv,5600000
DJ JR No Beat,7eFJ773gGquYX3tKYa6ZUb,3100000
Tz da Coronel,3lIU3RoZiHen1QXAQ3KQ9e,5600000
MC Rhamon,0DfaMTk8VkJ0aWFSyEtdwi,526100
Mc Souza,1rXWQkRMKVJhZOsKI2Xcjq,650800
MC MENOR MT,3PmeaztIZK8SxIPsv6bQdI,158
James Brown,7GaxyUddsPok8BuhxN6OUW,5000000
DJ 900,6Ovxg5WDcnSQc8iQXv0IvI,3400000
Mc Vitão Do Savoy,1CyUJ5CYpIMHo89AafqM7C,311
Xzibit,4tujQJicOnuZRLiBFdp3Ou,1700000
Mu540,13yQqjPy4Esq0Ru3R1fipU,2000000
ONNiKA,7h2qMFZKbjifWLpMhsQ988,12500
Gloria Groove,7rXMvXRnWHaSwnVvPeUUfw,5700000
Sorriso Maroto,1fUSLFr4WUBx7joEcGwpvG,7900000
Pêpa Beatmaker,0dfJo6kHqLEd8YYukoD5MD,1300000
Dj Tg Da Inestan,07hde6KjeHapJ75M3jSfFl,2200000
DJ Ws da Igrejinha,0NB5wv4kn6A919CLHUKRmk,3200000
MC Fahah,0MlMFTEEEk0uSwI4hYSxrq,1400000
MC Rkosta,3hqZ76JuGhYjT8uqdkbfNC,0
Mc Bruninho da Praia,7579yDSrhA6ZAArOo7m6UT,1200000
Mc Neguin da VL,0X2NNN0LSuGaCdbfww6WAu,13500
Salvador Da Rima,3zUcyANWSbo98ikca4ugrV,3000000
Dj Murillo e LT no Beat,1Zl5Ac1YyOHBkJKInGxbaS,111400
Sanchezz DJ,4Pm95s0IEvJNmM8yqNtgCe,1000000
MC Meno Dani,3LqcLDGw41dRZKsM51H9GI,455300
DJ PANDISK,3cfrDQV6YNUGeNrgdt4lf2,124400
DJ GUSTAVO DA VS,0P9sGkINr33C0XNVNEIAIG,1100000
DJ Jeeh FDC,5lal0BjsooQ7ON4t7B73bp,2700000
MC Caverinha,7tojcuXcZ7eBlQjbAc65Ee,1200000
MC Rodolfinho,4885EF8HYSK3OyCRe7yZIp,2100000
Dj Luan MPC,6Xjde3MJ6198WTe9Chv4Ii,624400
Mc Tocha,2ni9UEaV4J7nC6GU6mYWcX,474400
Raphaela Santos,1xUYzPQi0zdezdLkEjuqQH,2100000
Vinta,5xcDWx5ijKmZyxlgbtcK0C,634500
CalliCartel,0s5MMDYKWYf4XksClf5Oiq,854500
The Original J.B.s,4GwjLszGqU37HqCgpBNPoU,0
Talent,33JfM2NgTRFT9wMoQvcv6T,149
MC Kaique da VP,1edseOzmoKjzS0PijF7b0G,202600
MC Levin,0guw2RGoUqaWKpoCY5DzWY,3600000
Felipe Flip,233YXmma3OPL1trG1x3WpS,127800
Paiva Prod,1T0F05F7TEo6QYr4vtGJdb,732600
DJ Lg do Sf,72ipMVQcFmP8kVnlHbcV3q,645900
GORDÃO DO PC,34BnNmWVguXa3CigvfHJHS,2300000
DJ 2K DO TAQUARIL,2kZ9H7DxS0tzbLvCVrLgom,138600
MC Garoto,69k2SvCVULrUSPe3ULz3hr,581700
Mc Leozin,6mKwmTMzDrye9elc8JWiw3,4300000
Ajaxx,0y7B2G0jNMGWyQJsOoRMUt,4800000
Thiago Brava,1LGh5vyaoQP9bgTwLSMTyW,950800
Mc Ruzika,1Lnkg5HIiYBd5szvhLVnEO,1300000
MC V7,0dMxJWycjt9JSslipcs3J6,1300000
Mc Dimenor Dr,5KDNpi3pjBAf4tKUKDvzkz,781600
WEY,6nZ39vMOOOgXQ471Jy5jhR,3500000
DJ Luan Beat 7,4UOOtZWH4yvLq64uETRlxq,32500
Chris Helv,46ltQzSRoYg6rocYPTARX3,4800
Mc PP da VS,2z8FuS3crq9QwDVKlR31hP,1400000
MC G10,4OS9OnPH5DQm26wPTvrzoG,38300
Mc Vzs,4B0PvKMo5xOyT5AXMmddoe,102300
DJ Vilão,7AzOe1p8zMwWxd5aeEvq3n,13100
Extreme,6w7j5wQ5AI5OQYlcM15s2L,6500000
GIULIA BE,0kjGPGtoyKwKVOZAKmv5K6,1700000
Simone & Simaria,0MInKJqZscEeNc5K3K0mkE,2900000
Bloodhound Gang,6nDLku5uL3ou60kvCGZorh,4500000
Prince,5a2EaR3hamoenG9rDuVn8j,21800000
Pk,,
Adamovich,7deyCxdzwnZZwzfDJziSLH,1
Marginal Supply,1xezfhrRJTpRtYZPplWHcJ,186300
MC Gui Gomes,79A310QFHqo6iiO3Xl8Rjj,25300
MC Vitinho Jóia,0mWYC6iZOzkxYwHdf4yWS6,6700
Aluado,6CESFpp4rd0m8GbwHrickE,14700
Leo Square,57CgCHg9tluOxlrr7G9ycz,7700
ARTHNAMIX,09xFW5453jqRoAT6wHnPLj,0
PL ATL,1EkbEp1lgFyG4DaM7Brnfx,0
Hyperanhas,7oNGVWHSEpvIGJpNDtgudz,350700
MC Menor da VG,4maKTxhTIDEnWKra7wEIMR,5800000
Lezin do Peri,0MhvXuShuLsRYZdG53FRgP,11600
DJ Gordinho,1KMM9YDwgBajYzIXR2qd4x,126100
Mc Huguinho,4XSiJ4xOB2LRsWpE9SpBNI,145700
Dj Chaves,0Vox8heTmJmiut8fVuCrl9,367400
Função,19lxb5VJSRmk5PlNnXEUa3,0
Yung Bae,30FDJPN3RtwJZ20g5YGCRX,633300
bbno$,41X1TR6hrK8Q2ZCpp2EqCz,12000000
Billy Marchiafava,27foDL8SBDLivhZNlDsAza,363800
Rappin' 4-Tay,4tzxCsdhR0IIUNyzwrag4C,302100
DJ CARAI,7FxWEdixCM3QpHCdVpqBZP,278500
DJ Luan Qr,1bDxBFicFtgIgC7WO1I3xl,30300
DJ Cayoo,4cdmVPqOs2GXPoP4qJHJXv,2000000
MC Kapela,2MKq3nQOfCRUwxtmmAOpqR,1700000
NAFTA,5pg9cOudU7ezj3FnUABgu6,543200
2T,,
Chris Beats Zn,0YOr5sV4zMMyj5xviWiFjW,1100000
SoudCrime,,
MC Lugu,4K6vNwCTjq3Yqwb9MoFHED,208100
Mc lukinhas zkm,1sUgPZ5DiO4Eb5JoeBBFTC,11
Mc Brisola,2civFPMAiigAwTEUKkeRW2,440600
Devasto Prod,0HXL3i1AV3ZRb3BhuzSvOc,68100
Vinex,3QiKNSMhR18TwE4JRv8yQK,47700
Dj Viana,79x3xF1C68lvkmtlNH0rEH,18
Dj Matheus Henrique,0pWtGDHsA7vicLzNJU11rl,0
Mc Lipi,0cjkWe9VXcECGiOEHFuTfc,4000000
Dj Gabriel do Borel,6HJiLhKqnOh32p3LSNWsR3,1900000
Dj Wesley Gonzaga,0PLUhcaPtfTkL6ckBw0btt,1100000
DJ Blakes,68sRe1jDgKyZ9bYjAvwEAz,1200000
Mc Magrinho,4JA9UvIYD3D5kL7utiGJMI,4700000
Delano,15fPdmkBbPkDjyAT6Tn9ME,1600
Mumuzinho,34dfPo3Zi55yM6oV46q4y7,4000000
MDB,4Nhxrj9WkZXofHq8jk7ch6,294
Menor MC,78Y1NpgD0yMKoBetaYlUzS,3300000
DJ Matt D,1rIc4yTieeRq25NA3T8RQ5,3300000
Mc Tikão,4nUFa8jPQkxf3CTj5XzAly,758700
JR ON,6Z49It3vdzrqiSuu9dxeVA,365800
Mc Felipe Boladão,6qMwAyXR07gR3zBOmgrvrb,869700
MC Igão,7mFKwJmv39xvJc8Gtr227g,772800
MC Meno K,1CbQrKvCpEnekM3QMGJtXK,19800000
Dj Chulo,3SBGmOEN3mC2jL1WP4aU3K,714
Chancho En Piedra,46KmqHQ1EfYqQtO7r77AMp,374800
DJ PH DA SERRA,7Dq3oCz43MCuWBRgWTltZI,2600000
Dj Nattan,6IcnhoOZCRfWT8viBrredL,431100
Dj Luizin,1j5jjya5prvPJE2FZU8JPj,706100
DJ João da Inestan,4jty0VyNacMrbdTNEBElcH,27
Mc Tovir,2Qh9bJ2oTg2Csyz9OlNq7i,98
MC Ingryd,09EYYUcfEDOvj3D5f45L99,1000000
Eazy-E,7B4hKK0S9QYnaoqa9OuwgX,4099999
MC Kevinho,1mXAhKnZEdF6rotyyd4GBi,6000000
The Spencer Lee Band,3nIzSJRQzH8v2DFs7iaXDi,183300
MC Luan da BS,1BrFcFtIp3ZqvuI5C0VcK3,3000000
MC Lemos,4c4seBofkiiONBxLBd4CUa,1500000
DJ Gbeats,6FP14bsH6aFtDwsiBOBc9B,500700
DJ Ghost Floripa,0xQUmBSrglSvWWJDpcBdkD,15600
DJ Ruan da VK,0fRzXMoiuuR3kQDr8aavt2,705500
Rafael Foxx,4WB2VWycYlX3SLkJw11xT8,
IURY FERNANDES,0e5p7WVHzCmTk6hsvFPzT2,98100
DJ Arthur ZL,16O6CMNTGXv6RRl1qJqaa8,186200
Dj Juninho da Espanha,7v3YsPZy6l4QPJQ8RqnfZ4,945200
Ariel Donato,7H3XEvrS2PsNzM76MczgHJ,1800000
Curtis Mayfield,2AV6XDIs32ofIJhkkDevjm,3300000
Mc Capelinha,5RLxvtYrb425HEH8dr2t5n,324400
Dj Arthur Almeida,1B2NzcDaSKtZgHkzzQFGvX,29
Pacificadores,2uwIwpXUSnFLDvw6tfiX43,1500000
ÉaBest,7skt0YXuBGQZr4LGkyTShp,2100000
Tássia Holsbach,1OPCTYHZi4JWhxKa4QsxRA,3900
DJ KS SHEIK,2POEi5qrl6uAUaQ0IA00J7,84000
XANDDY HARMONIA,3VZXmYrB3MxMfTZKIVZA1J,806500
Bonde R300,5rhznZjKfSxtKVqB0JZtpC,499000
Surjeet Singh,6gkKyZH7wSqkd1pIzTko2H,45600
Akshay Kumar,0w0mlcvl7QH28Cs28O6waY,287000
Kuldeep Ral,4QUMJsMpiaciUiuAQeku0d,41900
Manjeet Ral,6FXXDdHTNw72EL1IpBjhmR,42200
RDB,17dThZkTlOa35pmzuunKAz,2100000
Marina Sena,0nFdWpwl7h6fp3ADRyG14L,6600000
Hot,6UiNFle7UUqz6t9x8A6i0A,1800000
Oreia,0473TlzNowswPtN7v5U4Pb,133800
Coyote Beatz,2PhFsxtwCQLS3e9SJwDN3j,3200000
MC BN,1JYiyu6QtmtwjdFz3TEFTe,4700000
DJ Silvério,7iJXeEE5LMQXYD3MIZLJ8q,1600000
DJ Ery,3fJhU7uVbc7ofhDXfBXJnS,864900
MC Guto VGS,62aZgEriKUCni3x4j55BGF,1200000
MC MN,4hV3aU0WKvFaiX5ugXP5hp,4900000
MC Liro,3i7YFHRKEJmsz4cVqeF2eG,395800
MC Torugo,30qXkHd2Thmw1wqJvgRa7o,2300000
Mc Digo STC,3qyS5M2cuAZ6a2t43qlrpn,269400
DJ RC,1J7pdNpxrWQJyJlfV5gMoW,2600
MC NAHARA,1Vnwxb3UkZxMF4S3J6hxAS,633200
Priscilla Alcantara,63W02eshTwySpJjkeiMDEA,97400
Mc Galvão,3du8cGDfZFCt334hHiqpnQ,15900
DJ Alle Mark,7wik2rNV6wtZP98hHaspHQ,90000
MC Iguinho da Capital,4cVuSjPK4eKm4McEu6APRK,891200
DJ RF3,4lOghnNNeehTBMK63W2vNS,545100
Mc Jean,7iT64TaHLjA4wDm53frq3B,374000
Mc Daniel,6YzSM19LzpLH0nVKKU6Jsy,5000000
Mc Roginho,6OIY9TdbZwkkNYToTQv8oi,146500
MC MK DA ZL,7blOpm5yNxCElWl1UKDRhL,86200
Manu Gavassi,6xF3XdxG7VHRmQmTJxRqX8,628600
Mc Romeo,4sP00Zl9N7tSTYONzNSlDG,151
Kotim,210Sy1oGhvPu929TKoSVcN,1800000
Mc Kaverinha,0FjhTomUjkiKdg5qxgekD6,945400
DJ Biel Bolado,0lLBGuYoUPneOggSkvohlA,394700
Goldy,335RldYp0XS6fzBzpD3Gr3,1100
Karan Aujla,6DARBhWbfcS9E4yJzcliqQ,16700000
MC Pê Original,1DqzXlcCmklnLECrUuo1DC,1300000
DJ Roca,27X8WM8PeEiVmhq1JoFMnD,147800
DJ Andrômeda,43fyAwEc6El3fzPY6eD0Ut,7800
Mc Orelha,6LCgfjheKWZeDoMfPmTiNd,1
MC Murilo MT,0KelBuBLAY4mPbrEdNtzlP,2200000
MC Arraia,6lXOj6PeHIyGjPQHGJIsRF,195100
DJ Guih Da ZO,0rb23mC6LLZ3o15qcdSzjx,3200000
Mc Kitinho,1d2PrJ5wELpihT8yrwH4mO,2900000
DJ Kley,4tG1eaMCLhPsjN5mmrd9LZ,710300
Jeff,7ykVfK7CvBVpYSmOGb1cA4,2800
Mc Delux,3l4fsEzoeabsET7ddv0lZW,4900000
DJ K2,47DbeAnF1T4uU3J4Mlv9SO,24700
DJ FUMINHO,4MqJBvsphdpIBURjg3USpQ,22500
DJ VST,48SHD5hX3v6hbajP1M4QV7,13800
MC Gedai,2k8ElYg6OCyPsOENTwaCpS,0
DJ GH7,0TV45C7ZCQxtYN69SurP3S,84000
MC Neguinho R,75Wecp1Q7nMfPEb3bIGTZG,28200
Mc Luki,3I44LJGCaI0gSPPz3n16xn,2800000
Mc Charmosinho,6M3r0vew7Up9mANiEVBfc4,8400
Mc Neguin da BRC,1vvzCWlJBh9JEADD6jjwHQ,128800
MC Ryan GF,12MYoPDuARZSr1BpAYIuqy,40000
Yuri Redicopa,0pVJXCGsBydS7rq0R4w4hm,6300000
Sagat,7jetwH6HP8YZEAPg4ysAau,158
slipmami,1tnx55teqOt1cV6IlKcgNs,1500000
Leo Justi,1puzPcrOHKTMQ6KTuYfqU0,655300
AG Beatz,3vy0Vu1deAyyjs5WgeEcFJ,638400
Mc DR,02RhvXTIhg46MyWF8yN6GG,3200000
Mc Marcela GC,4H9FxcmPgz79NR6FLxGBND,32400
Helamã MC,7kq9yE2LY0KzC1f8kyijzJ,2600
Mc negrone,660rMB6VLmtOdSBdtm62hw,17000
MC Julio D.E.R.,1honjfWrOeLAymPLT3gZEV,186700
DJ Meek,2e3Qj18c2XIH9bHIVdoMYK,1100000
Davi,0VkkYZbmSXa7DLcNFsRver,178700
Luan,67hbjUpg3gOB7wcNCqrW1l,247
Juninho,19V28HoWqphS0hMNeHS9R6,3100
Dj Betinho,1MdRRZEZCzbJsBGhw3d8xp,26200
WR OFICIAL,2FrZRSUwEcKJAlIABd74ED,18700
Rincon Sapiência,6syQjkQSMIrzw5cFnNRheo,876100
James Brown & The Famous Flames,32r72WOqqRO1DtSznId7Lr,2600000
Giorgio Tuinfort,39unIFnj3C60Q4FtYdS7fW,8100
Frederic Riesterer,,
Vitão,06lnOkY99sXVW44Y0M4BDP,4300000
MATHINVOKER,69o8iufFnvKcM2HcURIkbc,797000
Tchakabum,7iJl63aJyNd8C6NZlMv6kp,1700000
Mc Anjim,0DjQFfVxBipTFTXRCwImMP,2500000
MC Saci,0kj68SnX4WCXwveyBbRX8p,3100000
MC Braian,1eQZtSbuI8HDvaA2dtPzF1,182900
Gui Marques,0YoT5gh9rEV8M8RF86WEHp,69
MC Harry,3VrXN8ircr4Q9RtMAsj3p5,2100
DENNIS,6XbS2qwNE9wzFSw416dshH,1600
DJ DN,3KSHJgOHnAg4DhM7WQ6cfH,8
DJ Ramonstro,1OMlVHSlp9eRd23hem0XNH,81900
SÓ MEGA FUNK,0lK2SGRCWrtX9khHLSGOx0,8200
Mc Leléto,7qga9VgjmVrAAawr8WwUAH,2400000
DJ Gu,3Y4ODN6kIBNpQj6eWNT9xw,8300000
MC JSP,0lRhmQvg5nTo85aoHeDWNE,21400
MC André DK,0xRNFKQ9jAMUlmBDTJHr4l,26400
Mc Kauan,4TlVDevNpKDPEGlG805z6U,238700
MC Myres,4GeitETxoipNor9MyEEbYz,1400000
BIN,1ZLSo3eLq6YdKXZi8t1yJw,0
Azevedo,0wopeyG3WHLoKcmrFD2jrY,1100000
Mainstreet,6IIs5PK42rSjMdCnS3D2w6,55400
Kizzy,2NMYOlZHIEsSq7pp5jBjic,4200000
DJ BRUNO PRADO,5kLUQ7J1U7CqxjW0hu8rr3,613200
DJ Bratti SC,5y7mDNlFbmL1LYSwMSeY4U,1000000
Westside Connection,3zNM2tRfTX6LI1lN2PlrTt,1800000
Parangolé,2v5eqze59fqRes2e5QVGhf,998200
Mc Jhojhow,7EPaV3nnN8sNdRJ1k8GlcZ,234000
JS o Mão de Ouro,7C7NNCiIFavKH6oDarjp0v,1200000
Mc DLL,00akUuy6JLh1KY1XMXkHMF,4900
Mc Neto,2VkXEDzw0CflZITx4llWnB,4800
Mc Th,0bg3fNpRQgZTCAg3Bseyly,5300000
Ricky Ribeiro,0OJan6sabxPrcFtfpu9Xt3,1500000
DJ Kelwin Lopes,3gwoCJd9HBLbVhNtwCVQwL,41
JC NO BEAT,1xglv0oUbyJaycWFhyec8U,1100000
DJ F7,1L5QOwu01wcDbozwIL1XXd,387900
N.I.N.A,32NfHH4nSmu97Z4RQjPyET,1800000
Open Farra,0D4LYipHaJ94liNYD1x2n4,900900
Guilherme & Benuto,6m6e7D2TnV0aYMllFFwMxu,9900000
MC Bruno MS,7IOSPo9oGCLWtDEZtmxgTi,2800000
Ashira,3bwb5u6i1DM7nDxnBSDDCa,270200
Mc Kautry,25YDuXAL1J5Y8mxN0ZR5gM,124000
MC Leozinho,2yf5bDosXW9OXQAlTVIXNr,1500000
DJ Marlboro,2A34a0y7xLXf20pXZpbjCY,3500000
MC Cassiano,7JX0XIhzQs1qaor0QrPZxY,413600
Mc Xang,5YlIE7kraPcXpZlAScgevB,100500
MC CH da Z.O,5cPFz5IHZH7LE8h2DOuhDA,797900
Bala da Tropa,4fWrYiMhqTVxkbkuplt613,51400
Milly Explosão,5qp8TAAiHI3XMSD53FVPaG,58000
DN do Recife,,
Meno Tody,2mNP0EIVZICxF8NJ46SG0L,989400
Booker T. & the M.G.'s,2vDV0T8sxx2ENnKXds75e5,2500000
The Rah Band,7MDoXA8Kfykq3gkBkDBLtH,2200000
Anderson Neiff,0DLzO3qfGGEJyXwLflcgXK,2500000
John Johnis,2s3XhkYhy3bag3w84FBJdv,574400
Celo1st,6RC5tRbakJ46EExHuPmxzK,591800
Dj Ray Lais,5flE9YN7Yo4B9ZN0nUfTZK,38300
Mc Frog,5xKesKsXI1jv2TorLOnbbm,3500000
Mc DB,2hKfWlZLozDVOkReXCYJXq,2000000
Mc Laranjinha,1JJq541frMPfUIQiUoVrnp,2900000
Mc Junior Pk,4WRkJpqyrKEdwhrFlCrI4A,344400
Dj Juninho 22,4T47gOchMUCmHFoVBE28NH,396800
Perera DJ,1Bp5RHQ2K9k986YoxNvACB,11000000
DJ Swat,3JrsRa8z1Pngkkf4pDrokD,4800000
Bvga,5pjsvO392vYCCU7PnKpvVE,4100
Toledo,2xK3hBpuuHSxmHr96TzgDO,110400
Mc Tha,0fpg4Y7Q6ZRDSppLLt7G0n,723400
Dj Yuri,26kwCBlnvBBixKImQX0Ft9,55700
Dj Batata,2rUOBAmeKcpfmd83cIj5Au,1600000
Mc Nego Blue,5weiAKislfmFCXTe79irxU,577300
DJ Biel Beats,3ROfsCFSDz3A1WvStAdFSL,457800
Mc Topre,6bmZfABIjvLMAMYwujdjFy,1100000
WillsBife,3QlBuIqyonbRMU1yZIh7o3,97800
DJ Rafinha Dz7,3zgyNyua6iEPynf6THd8Ml,4200
Mc Nauan,1UisTLtsrXMrV7T5jvMcHB,1000000
DJ Tenebroso,4ciHVntbuqtZLAVe5u9a5I,362
DJ WIZARD,4NtajITJiK5oZRC5lnlbXA,0
DJ Magrones,5xRPY5VysFMgShwdi4Wtum,0
Mc Vk,0QHeVlSNj20H73pBvefBNZ,93200
DJ TH DO PRIMEIRO,0GdMuH0u9HyAz8cLvmg7gD,729700
MARIAH,30Fmcbg4I8jHYVbPyXdhRo,34700
Beatriz Denaro,08dLjh5rmk0p3o562zICJ6,25700
DJ PATRICK ZS,2ceAAnbJjgVoTcIYuu3rjD,1300000
MC Caja,0zyPMXUsjcvUvgWmaRt0bY,2500000
Logri,1pDdBrq22wMmvTvms7RVEX,341500
Aires 085,2mmjHXVxg3uNhf6eqWM7yx,398100
Mariah Denaro,1sUtvC0zTyspC9b7H9uynN,124
DJ Oreia,1b8S7EPzdckRyIh0uSbOMI,11500000
Furacão 2000,22nkIVS7afh6A7hdd9Lze0,4900000
MC Marcinho,3ZJCmnY5iUo1M0UFFWDXGf,2100000
MC RN do Capão,0ktgQZv6VIj48TP9VupyFB,5500000
MC GH MAGRÃO,7DeWj5vWEqzZxx3ohZJE3W,126600
Templo Soul,6oMQVHIihBzjKq4FbNRGW9,139100
Wilson Pickett,0N5PyKJzS3M1XNlaCL7bbE,1600000
Smokey Robinson & The Miracles,6TKOZZDd5uV5KnyC5G4MUt,1900000
Kevin Ross,5ae3MM8dgOn3QPHzqFDJlY,210900
AcesToAces,5jUNfG1LEuOJnesLjHDUsr,65400
DJ IZEUS,7oYEC9wTmCrQ1cQy79NnEj,50900
DJ AG PROD,0wRPCxUIc6arRdQ97OSdW5,29600
DJ HG MLK É BRABO,2O7JjTzY73D0K4FxU7XNjQ,194100
DJ TS,6PILkXbgkMh4nUUl6Ov6ON,1700000
Dj Guuh,58SW6CcsQsZthOpEf0KASk,993000
NobruDJ,5jXvGTFLqHOJ7d1uXtfpBG,6200
Mc Danado,1siCOlZPTAe9wwXHgZoPaW,170200
MC Guime,3ge4xOaKvWfhRwgx0Rldov,3400000
MC Lon,5FeGhv7je3hPQi2TLslPIl,632000
Mc Boy do Charmes,3qgj5Npmnn5JSDmbeDAtzH,328200
DJ Will SP,5ZDKkdnT7uHSssChZh6V5M,64000
DJ FERRAZ,1uYh0g7fmq86FkqxbTOCo3,35200
Sam & Dave,2BVYdY4PyfCF9z4NrkhEB2,2900000
É O Tchan,78oxdhJ0pr4Dkyk0paWUAf,848300
MC Rodrigo do CN,54bV1pHNm5h5EcEgMis1RC,14900000
MC Maneirinho,3M8aD9XWxfel3jZakRbibZ,3600000
AJ Wav,7zVUKHKN1NSVZx7LMsG3B8,498200
Terra,0wTyCMz1sLbxVNN0OP18oW,117400
Kash,4QQfMoY4iQmKwz7Ni1QVpt,8500
Mc Gibi,71tS9BHOQvUQHBo5Y67XD3,455000
Kell Smith,74WDLxBsm1TLxV6WVwD994,735000
DJ NEGRESKO,6XS7kS7NQ6U0g6ochOqNri,147900
Igor vilão,0fWRkzzT18m5v3Y2GDCjpp,294600
Mc Nathan ZK,3H6EeCzAFfNTCayLXuZWdE,451600
PL Quest,6J6U2JAv7LUF0cSQ98gpjM,2600000
Boricceli,1oPzHEZLACV2ATZYYIi5Yn,6200
MC Roger,6QiUH0jJVJUdnte0jX1Wzj,4600000
Shenlong,6Dzh6uXgA0QKVg1eIWxdDY,545900
MC Rogerinho,7iYUXNUK6BNRXqyEtWJi6I,193
Mc Rodrigo CN,5n9qbKozNxKPMfhtE02fVm,0
Sampa Crew,1sPTOnMc3tEimHIT9xZX4G,329500
Menor do Chapa,6i7MlW2ZdQRPi5sGOxXCH3,980100
Mikezin,4LnQWC7U1XWXpcgoZN3D3Q,199100
Greezy,3exY81LSlWqpL03GFPTEgB,844500
Luniz,3z3g65U7mmyyBmmDfsQK9x,4300000
Michael Marshall,2FT75iYuWmycqYrXbVD9cn,543200
The Doors,22WZ7M8sxp5THdruNY3gXt,11100000
Das EFX,0auu2itHTxEdAMRHvx7CyG,418400
JIRAYAUAI,1HJO94rJDdIYO6hoj4NU3b,1800000
Mc THzinho original,0GYRkPzju7AIJb5FXbkJj5,158700
DJ P13,3jptlmYWQI2kY9pKWNw7iv,24000
Rico Dalasam,5nbaj9RaJdFNlS5ZxoqN97,55300
Malía,06Ta0NqRjBW6qubwdyeb9u,189400
Bruno Gadiol,0UlEgLbUMrAuiWGptQzCJ3,118300
Lucas Silveira,0Nrw6GrosIRqqFRLeFQSWK,75800
MC BHS,22HBgVkE74sjiMOBTKECEZ,1700
MC Letto,68RoQ83MT6FpsNJQwfMOWK,686700
DJ MAVICC,5UeTtmqCk16wTt7NBdnIKM,723400
DJ KS,7br1byvE7ZeVsfzGVoBqDl,1500
DJ RD DA DZ7,0LwSj7oJtIyooMGm0PlCbj,1300000
Dj Leo Lg,7fhK7EsjjzfFurFz8FAlDe,843200
Comunidade Jongo Dito Ribeiro,2XcnIVF0e4OtehaNrOlPVq,3900
Dreysson Rodrigues,5rtzvT3hqgWbiXrvywjQFR,135000
MC Gui Andrade,1UFLR3TTJAODTIog5FNv3e,182500
DJ Léo BQ,0M3st2caP7jKe86j6VgqsT,281100
MC Koringa,1pk1stIyHnuK6lXZ8QiNKt,1200000
MC 3L,4BbsSamQy6XSByO4O4Nymt,405400
Bobby Brown,62sPt3fswraiEPnKQpAbdE,2500000
Mc Daleste,4icSP0yZzpmBZLO6Z8OQGZ,1100000
Studio Thg,6tY7cfoi6hFSNbOm1980Sc,1200
Arctic Monkeys,7Ln80lUS6He07XvHI8qqHH,54000000
Mild High Club,5J81VungUjSVHxlPpTI9KG,2300000
Joy Again,4jCIAMb0zEArF3GYEYzoDk,3900000
Kidnap,3PvqCbhNlq96JXxPszCMZT,1000000
Vundabar,1W4itxt3vwhmrgLEBuVHJ6,2900000
Jakob,4ub2v80S4RIceZRGnlhjTr,815600
Clairo,3l0CmX0FuQjFxr8SK7Vqag,18900000
Dreamgirl,7JPPLV24jlpVoHz5dHN6pR,620700
Crumb,4kSGbjWGxTchKpIxXPJv0B,1700000
No Vacation,32zeX1IoVKAGWMyy1isKUq,1400000
Acid Ghost,3DxAikzv8719U68yCVRELD,261800
Summer Salt,3MATPJ9tYbcMhw5VOZrRU6,390600
Good Morning,2kMzxA8edU05hvMFU493zJ,643500
Ultrasonicas,6ZZohniy25l0RCVUXYIDrV,125400
Royal Republic,0DbbnkFMhhDvinDYIiHhGS,644800
CASTLEBEAT,0k8UHfMqW86uvhmhHiYzj3,384700
Hector Gachan,7JWTyY1F2DGO4WphbQo2yM,240700
Banes World,5BCnLrqpwYtufR1bDWn0hG,391500
OKAMOTO'S,3X1afU2VL6MV0AJacARH7T,220800
Pity Party (Girls Club),5J3QKfJDFyjR3Q2qRcRaIU,716900
Luna Li,4ZAk3yVJdtf1CFnTiG08U3,312400
Boyscott,3WPt7OfKDirWGEDH9kHahw,320200
The Fratellis,3M4ThdJR28z9eSMcQHAZ5G,3900000
The Memories,4sGXRKVt3jXcqjUCRuK67C,68600
The Hives,4DToQR3aKrHQSSRzSz8Nzt,1900000
The Peep Tempel,5w9i8Zk3faiWx2kC51AYWb,31600
Jesus Jackson,6QAGpQwACO6U50rKfl9LpQ,25700
? & The Mysterians,3ZZHB1Xh2PM88QTMiqHB62,231600
TEMPOREX,3BBCgZVbXFRzcnT1ewVfRt,1400000
Mellow Fellow,4evVEvE5p9WsdXQKBPmAxT,246700
Sunbeam Sound Machine,5rGnc6zmQSjWGJ8KEAvGFq,157300
The Growlers,2RhgnQNC74QoBlaUvT4MEe,1200000
Gerry Read,5FIfw6s4iYUFu6tA3iIIOQ,312000
High Sunn,2zBwozgONxPvn5iOOwuO7g,104700
Plums,3B5ZF25xK8YKbRWejjfDjr,1000
Mis-Teeq,6csA2rxNLkQJXeEa7lyGXn,1000000
Travis Bretzer,2bNoMMVO2QO6vySQvjn50L,98000
Kasabian,11wRdbnoYqRddKBrpHt4Ue,3500000
Girl Band,4wNwQOhK9wWswrrwLnKhtK,1900
Old Mervs,3N8YzKqrEQonvd5RLQ4iYg,358600
Post Animal,4iaDWP59Z3e62DW7YWDbIE,106400
The Chats,1aQ7P3HtKOQFW16ebjiks1,418000
Brad stank,6BkeI9oZkqskZ4XMwy5OFl,165900
RICEWINE,6Vf4rmMsQbAwiCG00YeEI7,250800
Moses Gunn Collective,5lhlpl8mvI7RnZDAQTgn24,0
Tommy James & The Shondells,01hRNr3yF5bYnPq4wZ88iI,2400000
The Holydrug Couple,6ahs4UAnYtpgTHHdiojFHt,147400
The Subways,4BntNFyiN3VGG4hhRRZt9d,523299
The Human Beinz,7KdxWrkwsSjIxyHL0HNtiv,243900
Loving,4ftctxasGrW5Ud5Pbw6kWq,621400
TOWNS,7zcfwEODRWt0H3XIneO9ZK,18600
Trudy and the Romance,2eg89iLHG4JMEUZQmFaxou,57000
Michelle Ayers,1iNSxnJLtUjaEw75j0XxlT,779
The Symposium,2FQgnKHydnhSnRS17BSy28,343300
Death From Above 1979,18H0sAptzdwid08XGg1Lcj,432100
Japanther,25lS9wmc4VCdlCVAf0pVTp,31900
Shola Ama,1XCorAp4vtEceWjPgyiiw6,507200
Beddy Rays,4qn6hSO1qLlaAW8jiyOw18,142500
Shannon & The Clams,6A5Ns1SpGWTt8SzXPwiqVE,164600
Jessy Bulbo,2icB5yGi569VGjYogZtSvT,99100
M.A.G.S.,1EEbOYIZFHRuGEgL39cN3s,88500
The 5.6.7.8's,5MZqcO35TJh5QXaFmvXmUy,198000
Michael Seyer,7K4cef9h3NvU7Xb3BH7Ade,241100
Bakers Eddy,5jfNarQg6Z53zgEOzsDswD,10800
O Tortuga,3mcduWnWZYTdZm0w2fuvhK,6300
The Slingers,5qNh8YHxuINsJoj4jITDWh,48100
Peter Bibby,2hL4zRvjx5funfrhNUxUS2,0
Pist Idiots,6FfDLM58TIa8Qn3PPQaoz4,76500
The Sonics,2g3PKH7Z1Ofn5oGR6oDjLy,254400
C.O.F.F.I.N,0YSaA3PB82JjyHSPq30lO3,122900
Dennis Cometti,3JpgOWsUXCAnJ2HLkHSyml,4200
The Beau Brummels,4DQj1q0unpi9KF8jO1Wqks,83500
Cosmic Psychos,3orc30EUucavid98kNtMEf,43000
Bad//Dreems,54f24706ua34STMhWSzPV7,48500
The Third Bardo,6SdO3dLXggmHcby5EkO06o,22300
Dead Moon,3En4SMrGwoaVbTIyWOQCqx,107500
King Stingray,3hA0yUEuLvjqvxtMlqznDb,94700
George FitzGerald,3KOHpygRuo1ruQAbEneR3t,567400
Lil Silva,2Kv0ApBohrL213X9avMrEn,233300
Part Time,5M0HAqHXyOh3q7WQnvce8o,1600000
The Buttertones,1CMml5seBEaxQzlmaGxMPx,356900
The Beefs,05Q0d2MnKH75xfeXzGDPnX,435700
Ruby Fields,1nwPEi1UZdJtCxBqATpsq3,138100
Ethanol Blend,2jlQZbgsNsgcYu7Mq2w9wL,39900
Chicano Batman,0LklyUMMUhpIjMgYHlV0hN,309500
The Greenhornes,7sPZakwiHQUWkG1teFE8zv,209700
Guantanamo Baywatch,2uZajWbkMRUYdyCHvsh494,17300
The Chisel,20jscDXkBqf0euv7zSsyTx,14300
The Grogans,3LiQA7CeDBEpoWI0TNBJgv,407000
WAAX,1KaaogmGXWK1Qi3WR81Tmi,66500
Children Collide,05STafdfQBBQIV9duONwod,57800
DJ Luck & MC Neat,4MflsXABg2VC9Powgd7JCF,443000
Simon Dunne,4JhjEEh37k89RISkQTrWUS,21400
Chili,7lgWDqwXIly6P4ms6naBJ0,214
Anonymous Dubs,1xf84TZgLX4BJWVA2XiqHh,97
Jay Reatard,3cAGUcRbwsFHwKbJv8FT4T,50600
The Bennies,6Yj5HCixlAZjVkQStkHZZh,23500
Melé,6EZO7Baz0SIFskWTO1GHqX,241300
Touré Kunda,76ynyZUsg0vGxiQSWvQx5f,42800
Okey Dokey,3hSFS64223jyO9Ck66rLOf,216000
Bleeding Knees Club,3EMKuFv3kcl9wyKHepeWoF,5400
Bugs,6kjbCSFaHOo2deId1wSaeL,42800
Crocodylus,4Jt36gJvihBXb3FQyOlygw,14100
The Red Pears,3FRYBFCNEBWMjk6kvwjHQT,155300
andymori,6bCInSZj1C1H8Mz7m4LqYA,142500
The Kills,5BYuBzqmTXwUDw2rYkwExr,531700
Los Diabólicos,7j5XAuDyyTMKaxFpm2DWOC,4400
The Spits,3nTp46BPWuUUhBV6GXQiY6,41400
Flamin' Groovies,3yesh1QeNXucaDFw8ZPKxd,107600
Mando Diao,5I4eibDkC7gg0hmczTZuND,1900000
Titiyo,2s5enJCtVBAAdWD94jOIbM,619500
Strawberry Alarm Clock,1nyQBzKgZ2hBLr7PnyV7cI,179900
Fox Academy,0JqRJZzARcjmH60HwUenow,231200
Sipper,2BjcWnk7C01aHhp59HqUED,225500
The Vacant Lots,6TdXT9hdYNXu1Lwu6fA7xW,4800
Divino Niño,2O2KJngZ80ZTK71HamDNYi,99200
The Kingsmen,2iIn8H3l2NNBNHFpYKWbfo,1900
R.M.F.C.,7bpsiElrldRZYB3CbwFZlx,37900
Royal Headache,01Jsi7Q2a1GdLvNShahaj1,41300
The Vines,7vkiEK5D7Gf0z4M1Va0CXD,570100
Left Lane Cruiser,2sJLswTuwPwm9Y1tMC4erf,99100
The Spaceshits,3syYIJ8mAG9T477ItqEOGA,2300
The Libertines,4fSPtBgFPZzygkY6MehwQ7,959200
Mean Jeans,13AtNEGnTdCmKZ90HJqgsC,10300
The Terrys,4quStFmDD9EH5uSJQz4oLS,206300
Luca Brasi,7wNxbhLI5CufuLBy50JcZu,47100
Tijuana Panthers,5XGoUe0WjmbOtppHlB7Taf,64900
Cash Savage and the Last Drinks,2K61iAekpIr3wFneBSBwe5,6500
Pogo Car Crash Control,5wPxorJlp9dg5u4l3L3ITD,17000
Teenage Dads,0GEHcYh6naBVfaLKy7CEhw,103200
Black Box Revelation,3wFP2UY6scUTvqgucLALQq,60300
LOSER,1wdbhF8b0mhACDbn8EzY9E,10500
Quicksilver Messenger Service,7DCnwoFMqGN6eZULdcLZeL,135500
Club Kuru,1AdQnmF6taa106PwtUBK6O,142600
Puzzle,3JDZy6EWo6V8yABANunf6V,1700000
The Strypes,2sShFUqcFIAZGqagNYy4om,92900
Hot Flash Heat Wave,33LSz2nhC8pCPTb3pd5add,259600
Architechs,4uq3HY9rto71MxVGVCZm8G,348800
Nay Nay,22JvzkxAqoIJtpdEhCESbo,169
Psychedelic Porn Crumpets,7GRrLcUxwtQLvOpO7OHO80,400400
Ceres,6ignu1FESsoUapE3EnbCFL,14200
Wil Wagner,5q7KcaajItZSuRrg4AHsnQ,5000
Los Chijuas,5nWkamOwLJmb4TReNqnCEp,5300
Israeli Chicks,4pQjdE7duJwvvpnXgI5J5I,11900
Skegss,3SGLeWc7J5Ve0CinAOrb3a,644800
Wine Lips,4fPl9Aa0FMkATDiA7AnBNM,114200
Davila 666,0PQK6BLKbviconz1bx1rlH,5500
Private Function,3XWRl19mJPqyWHfvehJAMD,24500
No Buses,5Tj6sv1bYiB4PqvvXcTSr6,81000
Hockey Dad,1GJ1uwDfaA8GVVpVc2I2d2,393200
Good Doogs,77JIuKxP5Gs2Izi0GmiqZJ,15700
Foxygen,55LHFEtIplWhsfyWZUwkf4,270700
Pandamic,0zuYYqt9kK5fP2TQ1CjgYi,66
El Shirota,2rxqnbRXqBvxVHqArr6fGk,658
Dead Ghosts,3p0vuGnsU3JN0ZVBLiJwmp,126700
Mini Skirt,4SlIFLGlN636Yod4NUlszu,8
Tim Rogers,47iske9mJ4gsyF5ZWf4Tx5,3100
Laura Stevenson,1lVadNivMiSkc2N6irhWdg,34000
These New South Whales,0srVTNI2U8J7vytCTprEk4,26000
Compulsive Gamblers,2aSQWCI5yCT8lHd7Mf9irY,13200
Black Lips,35C0NSLogAwImm8HAMqEmG,175200
Hether,5O35zGUolf87RATk2NgSD3,363300
SadGirl,39iRwJEhPG25CU7LYdNkQ2,64400
levitation room,0SVxQVCnJn1BNUMY9ZcRO4,184100
Sea of Lettuce,1uPcEitVTkNP5QpUtTbxqq,234100
The Vanns,7CFtg726anbQC3CY0glRDG,110100
Twin Peaks,1xD85sp0kecIVuMwUHShxs,287700
Polish Club,2tYm7UbTKfLXw7Jsp0xyzD,41200
Chain Whip,2rkcFHE35Y9tRqxzT6FKNc,2900
Violent Soho,2N2EFVDEbp2JB8ulEUVIxp,254400
Protex,5gZJIbroE7gxH0ds6NWVIP,4300
Personal and The Pizzas,6n3rWrvpxMqigIXacIDB99,1100
Nobunny,3XZI4PSR0DBWeBiJzquXif,23600
Scott H. Biram,6wpI4AEN6UO7ksNN23RGEf,106300
Together Pangea,29q1axQPERERxUzqufXMqB,175700
Sisyfuss,20YT1aOty5tsMebdFO9OM1,110800
The Hard Aches,5GqFd0P1Vx3kbKyFxxTkqq,23500
Jurassic Shark,21UAjUdm85WFNLL7EXISBn,41500
GLIM SPANKY,4sWyw0OrBKwmiaPOAuTuig,224000
Ex-Cult,6neRQxL2y2KKIrOCt7x5NQ,2400
Dark Thoughts,7f5aAh94T4mdR5T8GxfTOE,22600
The Gizmos,6ZNjD4qkL0XMzfr2BXHVod,4500
Verge Collection,1aQcyDr9KqWk7CIiv87E3o,77200
Prison Affair,7zsy26T28IR0WxwVRZ9Aai,42400
Cold Beat,6rItVka0pLVVcD3eU1hfph,3500
Kristine Blond,3cqSnNd8C7qh2cUSh2NnrE,588300
The Briefs,52FjGy6x2rxunrgiRdOnUt,9200
Oxide & Neutrino,0uhNYfjHJyAmHh2xNZ4vqf,161500
Jodie Alicia,7HmCjW3DqgiVpLovgMO4VZ,15
Cut Worms,2upjmNmngAXZcra9dQRR2l,114700
The Streets,4GvOygVQquMaPm8oAc0vXi,1700000
Hak Baker,5QsqiLFA5Z2gmpKBbxQB2j,135500
Eddy Current Suppression Ring,6EBtwTGHBGlCKqIvjUwLkW,38000
Lunar Vacation,7EEefVBNBS3ckwouEl62oB,189000
Lane 8,27gtK7m9vYwCyJ04zz0kIb,2300000
Slow Pulp,2JFTRDi5v7JtqoouVe1z5D,1600000
The Frights,2HSEdXKVq1WWtBbsIeNjRX,341400
Cid Rim,1qsa20MWDjV9QI93zn2i2s,30500
Pedestrian,6fIP2qKVhs77fnk8PqyzZg,6800
Deerhunter,38zTZcuN7nFvVJ6auhc6V3,237300
The Dap-Kings Horns,4LFgxG38Y0l4Fo1gdQelay,0
Johnny Hunter,4TvM3UVvqDRG51RaUeK5Qo,2100
Meatbodies,21ltygJ3rGHmnqaUzqnsku,42800
Oblivians,14UQmxJzeKtmgYzJ1sEJdi,16300
The Cowboys,5neOIAwXTESXpzU5Ag03hE,13100
British India,7FbzGvWpjaY6o3AkdWoZVO,83500
Count Five,57WXdjUf5Vlq3klNZegeTP,178600
Gøggs,78x9aF0bqxXHn3noFaHPKW,7600
Floodlights,5gQvIK95LKrgtgkBPlH3XI,41500
The Buckinghams,4zmxet3ZPdSmL3Xyv1Wegb,73100
Poison Idea,3HSNI061dY6dxEzvZczIdI,38200
Gold Celeste,0k7JGk03ntbFvfURT2hWmu,30600
Sugar Candy Mountain,17JiYUqxmt6BHegF7dskkE,0
Iamthecoffin.,0asKscnjP93jjYuM3Pynrs,28100
Drunk Mums,1vd7OHxzKOJeFKjN1M7VTb,30700
The Thin Bloods,5f5bgXypVohNrChlcfkGkb,1500
Hank Wood and the Hammerheads,5nP6hf8dTBWsUbIfly0nku,15300
Elvis Depressedly,5a31Ij1sTxY9LUYVwgBp8m,51300
Babe Rainbow,2UmG7WphL1CMN7mVWyhE7u,531800
The Black Angels,0VNWuGf8SMVU2AerpdhMbP,306200
Death Lens,4WqVsCKvGiqrgF9v27Dsa8,69900
The Bloody Hollies,5QKdSZ3P74BUn3RyudmmzE,7300
Black Pistol Fire,0Nrwy16xCPXG8AwkMbcVvo,460200
Pacific Avenue,0I31FkQFn7gxEVAsWGNjvZ,237700
The Marked Men,5J0D5mXrPaktE9vKqYSumr,8600
Dune Rats,0KtaCKmTMIQZsxlOgyNa04,137500
Gee Tee,42vM5MKNLuwq0Db4Z6nwBC,17
The Chesterfield Kings,4azO6BF313cGEkFlGLtFWI,3300
So Solid Crew,5Wri8vAevy1yYWqN8oGGpH,286900
Debbies,1qkBHMHlCz6AglXQqFMLfZ,3500
Los Shadows,5TjnbTySBh5AUk66H9JQN3,27200
The Trashmen,5QEA3sofVt5QckQA6QX2nN,379000
Ariel Pink,5H0YoDsPDi9fObFmJtTjfN,393700
Dumb Punts,5g6ggTjUTO1mMoQykn3IPm,9200
The Sueves,6z4AiTKK8uKR2Lca6rZxfr,5800
Billy Childish,1kZTgpirZqES4wBVk08d2o,10400
Dan Melchior,0Z4FAm37Ry6FEil4Nl2OB3,4100
Cocktail Slippers,6vNj2NchLaDiqBH8nBAF2g,3300
Märvel,0cRrj2b89lPadBQvkSoK42,10300
DZ Deathrays,0qGPycvPHafmEPTOm4M7Tu,66000
The Saints,4BQZAuX0QQISZbIHgdnzHE,76
Joseph Huber,2pzKzgyZZdp2u8e8r3T1qa,7300
Trolls,05S6yFOzexsgurWstJlBqK,5300000
Thomas Karallus,73AVILb8nn09r8aP3q1N43,5
Lena Meyer-Landrut,6ktjRsPOoZB7gHFXi8PpMp,0
Mark Forster,7qXzy6c5RWT0XlVQcOBIDG,2400000
Friederike Walke,,
Kerstin Sanders-Dornseif,1HkClJ5DSQmXvJcQMo2dQv,79
Nic Romm,0AMELttn6n4UOP8HRAqvnG,0
Robert Griesbach,5CWHMmyUgIbRQvhQuUmg9B,0
Jan-David Rönfeldt,3xR08kf5foZgj0XhnBDeQo,9
Rubina Nath,1aNYnRoUOrX790ZsMOUaqd,13600
Bastian Sierich,5X98eHfu9QjtDbHoGEAFjo,661
Maximiliane Häcke,22XGmRxEYbgFkpBKZOq3nR,32
Bianca Krahl,1nvNOkHkzNEfUWl9d8zOpK,0
Patrick Bach,1NFLk2qojeWJSxvHpUa9dK,1200
Leonhard Mahlich,3aJbIzDRg6tsto9WWcv2K1,101300
Timmo Niesner,04TbwduylgBb66yEc0po6E,0
Helmut Gauß,17E1jYlKKIJuLeMc5maFZZ,0
Marius Clarén,0CWcdsRIVnNK0SQG1KC9ys,3300
DāM-FunK,1AEcpjnSCmm53IBZQo3g9z,118000
Band Of Skulls,4ddt8PPvmWrI9mJQy1VrIG,482000
Jaded Juice Riders,5s7aqSXd1MxHjJiI4rVprB,72000
Panda Bear,1R84VlXnFFULOsWWV8IrCQ,1800000
Sick Thoughts,0IrmYMJwv1AcmVVbszfQ3x,3800
Phase II,7yG9Ns1olUceYYb4nkW4NO,7200
Peter Matthew Bauer,4ZMQlzOFrvOftjt1rjl8YR,2300
Sad Park,7jHnNNWDLa2ztggSp5Dsxf,44200
Lyres,5b0wQCgdlG1Dk4N67lguml,16000
Night Birds,7tLDozq6umYTpbA0Com8T5,4600
Ron Gallo,4rfE3kN2zKNC9L9tt3iVOg,432300
Soaked Oats,6J6UC5lC7h9fEJPCR7UM4m,25100
Protomartyr,2YFBqMMiIIL4XyiEwqySUQ,321600
West Thebarton,6ZQNx5JnPy6CmVur8jRPrv,11000
Leatherface,41R5eMO1VFexUhfYO0yO0O,100
Enjoy,78mgbcQEJQBvoDnHoGdmFU,28
Thee Oh Sees,3qYfqdVwX0fil71onLpLkh,245500
Ola & The Janglers,5THiACaeWaj4ZDVt7Cd5nl,9700
Phaeleh,5NkUpXWkeXspvu7iQQOHhP,169000
Soundmouse,6fy0RqV5OGAoGKVtbEvW6T,0
Mark Whalen,190DHPJLNML45FthZiizQi,137600
Drugdealer,0tMnuEXTeJeHbslcV8OybJ,1700000
Weyes Blood,3Uqu1mEdkUJxPe7s31n1M9,1700000
bdrmm,4Cx5LnF4WNJIn9SSqyeq9C,91000
Institute,4pLRqnM78ur7geXMT6q2NR,7400
Rotten Mind,7o7zpXvp9gkBEEy67YkXvo,2100
The Birthday,58zME34zPsQx58YXCyFryH,156900
Tony Molina,2fmfhABysLV519rQYOBvtm,16600
Goons Of Doom,34BtDFBO8XbZBhMwRUE6Sl,9000
Pile,0LynyevYL6ioL7kIyQWyN7,13200
The Orwells,7ia4FaCVsbXvhVwagCJk7l,169100
Beach Goons,7Aw7RMHmISxyQBftcksDZ3,174700
The Abigails,6LVJCmVIjAkNaVWahYlOli,43900
Le Butcherettes,1d7CbKqK4lFpKyU442bZC6,7700
The Fuzztones,64CktFSdicLd9XQzV6gkMg,16700
Dancody,5nBggqz80XWqMUkMDndDnS,126500
Hala,1dTBAtLZBUB8Ir4PmJYw9t,77600
Cottonwood Firing Squad,2bmhdBR4FyCbRIBSFoLTuE,695100
Tired Lion,5Vf0Z6jyMOGr07Gf8irDMt,31700
CIVIC,7ATw5ZiG6dfYFUUVpCsyFe,13700
Balkans,6ozbYaDYh9AFYciPvk6iBO,33000
S.H.I.T.,7GUAtm5JXTNz5WVXGw0WiP,860
Cyberbully Mom Club,5IZVaIBkyx1ivCXLfpeJXT,79000
Government Warning,5ymK7LQPkUq4EBgrefX1zH,11400
White Reaper,75klPfIVnyYcyEGaicRUSF,168000
The Bobby Fuller Four,5XoM6cP8fQykllfuK5V5TR,356100
Zero Boys,3tasoNLQ6d3uNBGrC1LEOD,30000
Barreracudas,4ycYnCMYD2ovVOASVH4fnX,2200
Frankie and the Witch Fingers,5UdQDFQ3wgUPuL5kiL7KqU,99100
Mr. Airplane Man,6rDUd9tXAjOceaW2oc9ISP,45800
Reatards,5i0ZzZvt5gxRZk2RitowCw,7000
Nosaj Thing,0IVapwlnM3dEOiMsHXsghT,311000
TOKiMONSTA,3VwKSHAfgzV1DOHV0aANCI,782800
Sonia Gadhia,3bjxtDdZiByIKfHFEK96zB,46400
Fake Tides,4PzDj0lfYA0rvPnmTeDKHY,16700
dave the band,2AiMqUdWwsFmUpZd1Hyeb6,10100
The Delta Riggs,1wWcqWYBaZeSYC0aAfh3qy,41100
Greentea Peng,5z9wLR0RGBcWMXr4fCZW0K,1100000
Les Sexareenos,0jTOyh4tUJWtIMDV73fcN4,1800
13th Floor Elevators,7xYxgSJaIf7yOFLmknYX38,150200
Seasick Steve,6OVkHZQP8QoBYqr1ejCGDv,203200
Münchener Bach-Chor,6Pyf6PjVrPkzOkXJDgvX6x,20000
Scorpions,27T030eWyCQRmDyuvr1kxY,19800000
Fred Thomas,3lK5x1jZZM2Y8HzdZl4aCB,46800
CRO,3utZ2yeQk0Z3BCOBWP7Vlu,4400000
Claudia Valentina,1LZNFyDqn3t4DnOFpfK84I,478600
Semyon Bychkov,6qg886AZaBjnfRF5tEs4Ht,403100
Piero Gamba,7KfKWrilN906TAPWZf8Wc6,56900
AnnenMayKantereit,23xqmJEN3oVxwzqtNIyR5m,5900000
Giant Rooks,5wD0owYApRtYmjPWavWKvb,4700000
ATB,7jZM5w05mGhw6wTB1okhD9,6500000
Milky Chance,1hzfo8twXdOegF3xireCYs,17900000
Modern Talking,79bxUQsBIXO8nVLB9fYKf7,11500000
Ramin Djawadi,1hCkSJcXREhrodeIHQdav8,3000000
MERO,5wyWp867LWGjFmYZXVSFnZ,4700000
Murda,2y1VzMKAa5nmfXKtJL9jnj,4200000
Trille,7z7UeKh2Y7m3DLpVs0458h,19200
Montez,5ZY4M2aGiTaZQEP6HfqeJc,2300000
PA Sports,2qMezKrAKRh2Z2uR3fCqHt,838300
Kianush,0t9IVyFGzH79wIFfhEXddQ,419300
Harold Faltermeyer,7Cf73Z3RZQTH4V69GSDxnv,1400000
SDP,1EfwyuCzDQpCslZc8C9gkG,4000000
FiNCH,528t5c0zyuG9beehtth4Za,415200
Klaus Badelt,03GruNQP8X25PCoWzdvIGZ,4099999
The Disruptive Collective,0oMhzz3sH8FqeezbdI3yAm,123900
Henning Lohner,3YMbZ6OH1a9AvMaqNuNWYt,6300
Martin Tillman,4AeXym6l8sQlRKvUNZkaYp,83300
Fiachra Trench,1lxUCpXXmtHt0CW3QuHYwF,6600
Adam Lukas,5CUKTJlCCWEcEa2DiHYZzD,1
James Everingham,2gn4jnqcC9yMXt6433gleQ,175300
AURORA,1WgXqy2Dd70QQOU7Ay074N,17000000
Matt Dunkley,44glcpJysgIbUkrbHy152q,4000
John Altman,4AnGA0k9z9NzFJYAzDcX5L,6400
Lisa Gerrard,3C4MmUJYQN9svNdedAR2BK,2800000
Heitor Pereira,2RaHCHhZWBXn460JpMaicz,736700
Orchestra,21ND47q78JLAfDR1qpKQmj,182400
John Barry,7ctAOUlIAs7yuMODWE2Fyz,1100000
Lebo Morake,6w6JfMnuXNQOcPJ8J4UZ88,608
Keswa,5TOPjzqpdEIEsinDzcBKPO,985
Pete Haycock,1f807UtM2uamvDLNuAXE0P,2300
Eddy Vanoosthuyse,0a4Acc9bPsibMPqXYTciqq,1100
Tamara Teirbrood,7jjvaoitlkUCk1F4iUtWYo,1700
Fools Garden,0jRqFvRKCDryHOgrgFqsKG,5100000
Alexis Troy,182gsOkvqjzrlci90dDwAY,54200
Edward Artemyev,097u8n1F4JjTzmOR9VUVEK,177700
Leony,2NpPlwwDVYR5dIj0F31EcC,4000000
Nick Glennie-Smith,0cM9EbovGFwSQlWjgHmdGd,135100
Atli Örvarsson,2fqgzLpPOMc7GMw9qcOfQT,193800
R.I.O.,0Ol3Jol2T3lZZVLNNzWPhj,2500000
Nicco,56JVNVix1HgLwxGGHnSAdq,575100
Dennis Lloyd,3EOEK57CV77D4ovYVcmiyt,6000000
Selmon,0hKUUP3J5Dc69cQur3U2nV,183700
Neptunica,5dGsIOepO9ufQlXjW8KrPL,4500000
Shockz,2MPHwCi6dWYhq00yEiOuI2,434200
Rebecca Helena,76i2ylWmcnDTx38Va7Mwzr,394300
Takt32,1G7TGDJ01So6i6XNirnVS7,269600
Steve Stevens,4ZMaiDLfxDaoG7ULXgcnDb,420500
Michael Schulte,21aa4pj9BvbFB2iT8kRpnq,2600000
1986zig,21H6paZGGR6dQpVmAqbdzV,1100000
Djivan Gasparyan,7ABrk0PO1Bz1U4G023WzSk,137800
Gestört aber GeiL,7KAGJwWQQui8b0uqwXRkSr,1300000
Anna Grey,5SFwozJTdBZNUFYYrAqH4q,521600
AYLIVA,2rEVnwCPBeGkWMv425KoG1,2700000
SkinnyJewlz,2pEHRfX5CQym8KX2gRRGTl,190200
Serj Tankian,0BEI7i5sgUuivcfwXLzFmM,1300000
Mr. President,7KBkgunlONG7LPxs93pgpp,5000000
Cascada,0N0d3kjwdY2h7UVuTdJGfp,9700000
Maurice West,1qF8DC6uIBjskqP0hyw1Gk,1200000
BIA,6veh5zbFpm31XsPdjBgPER,10400000
KAYEF,4hXT6A14n901v8DU5Of337,735200
Pulsedriver,6U0uBUKWYZKZYFGL00hMsp,1500000
Tiscore,2tOS3f6iaWspDI0WUowsZI,2400000
Lena,5slpk6nu2IwwKx0EHe3GcL,1400000
CONNY,7y3o8pRqr4imu4FFhCefmY,90
Sarah Connor,7e52Ytzjj1q71DUj2cSlch,1400000
VARLEY,72bbAAM5Iz6gsbihCr1Gvc,43300
Rill,2C9gfZqYe1UrhZP3ADjIm9,195100
Julien Bam,5Jm4syNxe3BMFMlgPajszM,404100
Vincent Lee,0cuXND9aMsZhko0y3w8uxw,202600
Faber,0k70gnDBLPirCltbTzoxuM,426600
Mickie Krause,0cXE2SrE0M4Vn7F2NVzG6q,1600000
Rea Garvey,0bmxU94V20pNJ2Vie9kFYv,781500
KO&KO,1MJILN9sYF3KWdt4sm0pHn,1500
Stereoact,6dXL3SnQlCGX9LCUAyin6a,1500000
BROX,2HayYiJoqa81p9TOfZiFik,354
Boris Brejcha,6caPJFLv1wesmM7gwK1ACy,1900000
Laura Korinth,060duYsbrXFx0FDnlhs72T,520900
Klaas,25sJFKMqDENdsTF7zRXoif,7600000
Central Cee,5H4yInM5zmHqpKIoMNAx4r,22700000
Eric Singleton,6omc0asHwVxEm4xYBRkzQK,1100
Marc Streitenfeld,02qXVbvAMyWhdHb2GfUcXM,415800
Mijo,1UFe8wvqGgbzvRGq3yya1X,58200
YBRE,7qdBCGakEd1aUD8noTmsfs,850700
loufre,2IVRdLuNrGmADqmGsL1RmM,18300
Dasco,1uWXQVDLruQwFEaGtQeWuc,3600
Farid Bang,2JwyRtuXf2l6sTnSnGVIa1,1700000
Liaze,744jIBAAvzMa5eVtUZDxR1,868000
Alex M.O.R.P.H.,478tAnskSff0wa0XxnpwmW,1800000
Kyau & Albert,0pyi4vNCq5T6GgV1rt7ncc,139400
K.I.Z,0bMt8SJlp0gFRUufzifS05,2000000
Puls,6odCyuVrAMHyn0qrhinu9h,91000
Lugatti & 9ine,4eZg2h2Qez5XuD6PQAqGie,324000
Pur,175a900UJkfGsIGcvUDaEx,891400
Pietro Lombardi,387fj6TuPJ3y2H8ViAm6r0,567800
Die Ärzte,0cbL6CYnRqpAxf1evwUVQD,2700000
Maite Kelly,67e4k4hUdeTb0UIm878liJ,1100000
Ramon Roselly,4IGHrMehf0qXOHkKxECWAn,67600
Swiss & Die Andern,3d8f0YBZivistZ4Ohauncb,649400
James Newton Howard,2M4eNCvV3CJUswavkhAQg2,4000000
Zwette,6J2749jPHYhAZUq79rsNi0,1100000
Eno,3GBBxBdoolb0B5YizZq9bF,2000000
Florentina,7adCbfW9aRcBxWhuuSNXTo,391900
Lil Shrimp,1FquXtV7ZjW6AnAxD3bWGq,13700
Princess Javel,4VYiXXjmSQUooEwoIxtMJV,20
Chapo102,36caCzfSrrL7a8Mvd1SuRr,2600000
102 Boyz,78TTCmh2koperK5NBn7DgR,1600000
LUNA,4sTO5nmBIlTF35aTnt6U7n,398600
Edo Saiya,0PVPI2jOWDJtWpOxrXnT6F,509800
Zate,5FdBwTRR0OnhEFeuLvt8oM,218300
Jack Center,5iCCW4Jqxzl2vUZVquNZDz,112600
K-Fly,4jDdEv3oafVcJfrywVDi4p,296700
Jamie Roseanne,696Pbo3vYYrjgPI416NBM2,4300
Das Lumpenpack,1yoERhqOE1iKKzKELHhEWM,921100
AndrePlusPlus,3UGsRDtFUw4XVPMhEHTCOZ,4
Curly,4AE4o0hck4magAI2urzzlh,38700
RAF Camora,0Dvx6p8JDyzeOPGmaCIH1L,5100000
Ufo361,5pVRwX5ZQR7hfJ18w8ZYkl,3400000
Stunna666,6n7NkTR7qMLnpTTTewEFF9,42200
RYLO,3bWIE9khXcv1xwH9v2lICe,773
EAV (Erste Allgemeine Verunsicherung),5PHsYIMFyXJsaxa4HjGM4k,433700
Glasperlenspiel,2UFKXTZgKtOTHSqMSyAcLO,1000000
Sportfreunde Stiller,5PwcOudItUhq3ciF9QwaXZ,2000000
Silbermond,3GbUWWI1rMwAIPbUVPvnPA,795600
Griff,5RJFJWYgtgWktosLrUDzff,2600000
Danju,383SVV0agxDRv1X2dKHsUb,150300
The Magnificent Six,3TwaH6h6rvgPfzAiDMj0OY,444300
Johnny Marr,2bA2YuQk2ID3PWNXUhQrWS,665700
La Bouche,488v7rQzthLNK22r0UvMie,11700000
BILBAO,6MJ5mobLenB7bCPKPIRoRH,105000
Jamule,4sVieJlKgpZ2k9ESNS5IdN,1700000
FOURTY,1SnSPHBs8l5iAvoWF0aO05,1600000
Max Herre,7IpWQKu80qQvyer3LO6SW3,626000
Panta Rhei,48id9frErp8fSAaDLWc8I6,4000
Mufasa069,3lXz8nwBGa8sY893p3AnO2,109300
t-low,3tQzzidoPfVifoURnDfgmD,1200000
Sevi Rin,6FQaZw8ID8pCzhWhqDcOQT,38300
Asadjohn,3n135WQjqHid70iA8AsjKw,12900
Young Lime,0Jhs3BaasBkHVakrZFUB4Q,46200
TheDoDo,1YQg0jqLV5RT98HjMXxzaO,352100
MiZeb,75Yg6lBd9pWem4ljPqfxbu,51300
Ion Miles,1OJvqVmekd5OPxlTeHmlBl,1500000
BHZ,3mmI5HKArDwgggj4j0aJyC,1800000
Monk,0jEyGu5QKLxQ2tIZVnRbfE,1100000
Kasalla,0fN3Kd9aGNr9lTzRFqih4S,188100
Böhse Onkelz,6x9jRPDmA8Ihpw3A9FBowD,1500000
PA69,1f3unG8ouGKD4s3iscIA5h,1400000
MOGUAI,4xgFgBZ7CRtgtHcziClOwQ,2600000
RuN RiOT,7wxIu7Idkmst47YQsY5zQj,9300
Jaill,0RTKm5n4OBSU5H8uGqi3fM,672900
Teuterekordz,0dKNwVc2gaxqvpAl2Hy5Ic,476600
2ara,3M3YacInf0UubKD2n20Oib,46100
Die Toten Hosen,2F8GvYuY0lfZNYu45dY6gJ,3000000
Herbert Grönemeyer,5tG5dl5mS2wB5w72YBpsyg,2300000
Juli,7g13nmmxq4XN0hd64Jzkol,1500000
Peter Schilling,7ip3CWlgPZbQHvgJpmcGSS,3800000
Deine Cousine,579hwkWz1UQx97t0tzYv1Y,418500
Goitzsche Front,1qTuHslPrjVZ2yUhyB8QON,191200
Frei.Wild,7GpKqL7BEW0r3SeeMV4II7,580700
Querox,6As8Iapr8t7LdWNBIGlTtn,190600
Phaxe,4Pgbnc1zRPquMFR4iPH3MN,569900
Longus Mongus,0n1kV1G3NQrfuLGJosIGxb,1400000
Cr7z,0xgb3TcXgLOuMkZ0EnDwkw,68900
Nizi19,2IVvZIe3P9BMuCI6h48Bjg,1800000
JPD,6GINGsiSYu415FMWN9xbBN,13800
Disarstar,7BSNHln0lSqyDHdQ3sv0Q5,612500
Brous One,1B8h9tQRqagUQ7XcHRvh3k,74000
Matiah Chinaski,5vuvIhz2SwFX9sA976g49F,195300
Ra'is,6tekmZkCK5xHTIwWeqyr0i,350400
Tina Guo,46T4yCHjQfVxokuATj1SiV,252000
Samo104,6Cw4b0HJcYPaG1ik1tpdZa,480500
Lumaraa,7I2gNSzdQ2z04i1MZizCRK,52200
Schwesta Ewa,7jDSMakHqXFe8kIaXfz8jD,337800
Adones,1zlYORYnWN2ntNXfwHMisf,6200
TM,,
Coach Bennet,6O890U7Xkm0uSLQ813NLgP,37200
Beyazz,1U0pXcl8GZlZ48jTgnpGHl,456300
Kontra K,4lDiJcOJ2GLCK6p9q5BgfK,2800000
GReeeN,0t84CBqmvihsUVFme33TLd,1100000
Jennifer Rostock,6Sh3owUrsFjZ4qCjtpPV7G,324100
Oga Beats,3igQRzdkWRLAPjYe1aFVE5,22100
Heinz Rudolf Kunze,77DQHftPzPyCoqSDjdHDxJ,856100
The BossHoss,1sICjVlCMOCah0snHXWUz0,565500
toksi,5vek8wrRCD5UxnUlctYXgx,52600
Edin,7jkdo74SDT1PYu6Ksbusxa,340000
Lugatti,4P5ooDKThRs2cx6MZ7cpFg,386200
Traya,0bo1LMgTEg5qpicrIee54M,234400
Sido,4Yttlv9ndGjCDCVLqM7ACq,5600000
Akuma,5BXxlNr7K9Hk4niG8xwMcC,16700
LUVRE47,2qxkFauoxk34qhVdkgbqbz,515700
Big Pat,1ZpLpz4tFdvUocboq1KX3M,680700
Chayn,5kfXWKYysCMmxrlzS3Yd3F,10000
Rewindbeats,416tF4vqiHGGVsflf80Mxl,35000
NAVACHA,3CzTaj0KPnnjizkzxRNJym,103600
Zaunpfahl,4H2ez1kcsUb6dGWliWGLGu,20000
Stacks102,32AAxPlW6sOK0nopTJM7sv,454500
Skoob102,3fPb08EzQhpNV5PWuEVBzj,249300
Prinz Pi,3OYM3jjPVR60kOqmamRRgk,382900
SANITO,45vHPR6n5JrfHQusM0zbT2,38700
lityway,2fu4Q8SANwMZ2rWS5hqjcA,220400
Dead Dawg,0vbfrsbTQsxmBTrvtZTFB4,663000
Dame,12Jp4jInGELGsN5jydIbx5,120900
Onk Lou,66JuktEqUuYbizqLiREWDc,17600
Greenhaven DJs,6ny5YjOSAb1ESDtkQTQ1bo,4200
Sharaktah,6AVkYjGMj3XVS2unAVeKSU,101600
Pink Katana,6BWQQSyCjsWidXMy1DjfMX,8300
Keule,1raG5lnK2UJWoWt9uXi1OT,0
Beatsteaks,79qRD2IfSr3pmuYUficMWX,435500
Broilers,2C7RDMSpyGZFyoSnvOeU4J,651900
Nena,6Tz0QRoe083BcOo2YbG9lV,6400000
NyoMii,5SnIM9os0wEayiX4XxL9yD,32800
LOC 079,1GwUwDFua0Y1O3wK9btYFY,173200
Dj T.H.,4ulezsrIi1ZZ4uUx1QqasZ,156700
Mitraz,3iGhlvzpXc0UHBQ7klAItX,4200000
Kwam.E,4H9W4cb3X0qRpv87yKV7fV,1000000
Tom Hengst,1KGwASmnB2xhGcJGt9epDc,1300000
Karamel19,2NKelK5LrcVeYoDdEBVhmm,394700
Xam651,4OmN6Ve9seRvN4gVcwjCGW,93300
DenniJasmin,5yJut22NfYJpzq6vxvtOpE,65800
Kollegah,6gto7HVNhu4ARE3P3g8Y5Y,1000000
Musso,2FyxcdLSH7XqsfJE6Iu0tJ,531600
Dekker,2Udd2jgFaz8tXG1w3PyMtN,595200
Vega,4fn3t2tBoP4nIOoqXAENIT,1800
badmómzjay,7oWrEQO1d3klp0Qrfh7a5h,1000000
Kraftklub,0MZ55DwuMQ1B2TXq9lcrE4,1800000
OG Keemo,4gJT0OnBISFA5CPMNYBGIE,1100000
Marteria,3nDNDLcZuSto4k9u4AbcLB,2400000
YFG Pave,4Ck46WZxqzpKUInvcgVF1C,351100
DONDON,7BaSOOhWzKYXrLxYoBvMax,295800
Joon Kim,0KKfFa0AT1vx2sa7wx0lj0,26400
Lorin Maazel,3EQvBmWlfyaRLGDuVfKmve,680000
Slime,4QaBgoSMeP1Bets9y5uZyA,196
Hans Söllner,4RjmmSn4Or7MLCgq4k3SOl,89200
Funny Van Dannen,3SD50emyBLTyc50O82qPeu,28800
Feine Sahne Fischfilet,1BdtWszUR1z5SeU5qXNU31,580500
Amanda Wilson,5w282f2wMOeeIGJGN4Pmd1,400500
Vol2Cat,6JDDhJnR9HFNOpE44VOVvG,2500
David Moore,1w50KY0tLIblQTpeGbyYYE,7800
Unantastbar,3hBqajqhcpgIvjEdxgSHIu,202400
Neelix,5X3rdmEE2Mif6kFQkb2PxB,849200
Ghost Rider,6ZJDt01Lh0XOPMMJbUMcUi,490100
The Gardener & The Tree,1GarejqGHyKM1adTFnB4NN,404300
Laniia,3Q1GZN8Q2eH1o9e7umyjL2,4900
Genetikk,41LLNWUptvfbQ9Q7oCefmg,686200
PAVLO,22RhXRp26VapOL50UHhxJH,91000
Notorious Nasty,314BD4WMcpzWcNQ87X5tew,8000
Lorenzo Di Martino,1zPHSl2MOlohf5Fic8OnX4,9300
Lord Folter,39KCAyOBvMmaBfzmCsFjf6,39900
YRRRE,1wwT1eZWyAjVXbb1qpzEVC,7700
FFRAGEZEICHEN,5sgF2eX98WWNADz4USyKiX,188500
Fynn Kliemann,2YIxQoGvBukvoC1CbJ7opS,333900
negatiiv OG,5PQVAGtwANqHreEKQJthOU,120900
Tom Twers,6Vg9ZTblAIMeOiRCgyzJzO,919700
1019,3r82jUxl7ThSdOhB90Qn6u,584200
Lucio101,4LwRgSkj7AJJTKLnEaHjMv,1600000
Omar101,3OSeYeKlvOhNfcLVQNadmB,458000
MC Bomber,4nAhut2dR1EdnpKHFq3EYD,295400
Shacke One,0a1z8mu6ociKEdsvNcQqJs,163200
House Rockerz,52Y5BbYL0TqU8MyCA4HMDt,13900
Deichkind,49eo9xE4yGzJLWkOndiODs,847800
makko,6ARKr2ZoLf9TDoQiZarJMt,2900000
BIBIZA,4cohcn6lAkdQIAt3q5C4e2,463100
Reinhard Mey,119CgQj02xyMpOobWjdb3C,630900
Majoe,1a71mkqZC54WhePSbnq7RK,387000
OsloEinz,6qcDgf5aqJso0tSqRmvXKY,14700
Paul Gerlinger,3Jh90nIsxexWk4CfSv8EBV,37400
Dj Kone & Marc Palacios,1EgqENj52m5illoi0UJndy,1100000
York,20L5MecnuNujUE6imrfK0Q,1500000
Sin Plomo,53hqWmKQFedFXAn2ylpk5k,2800
Janet Taylor,42TQizloHfwNmlJVY8Bs1P,27
JJ Flores,301vGjucQzNu2vOwXoyWEp,21700
The Soundlovers,6NRwWuLcR6Zcc8nzX4nBTv,298900
Luca Debonaire,3rTZTOuaGaIuJeYuZZmVCA,239400
Gino Montesano,7vMEmC9kg4tCa7Toc2190T,110
Jay Frog,41Bl9IRXEjepLPcXMMuEMz,62800
Kapelle Petra,0AqWbspCaJBnrvCcOi8OXe,60800
Felix Samuel,2FMdAViOScZVhMjAunoYNK,1200000
Arctic Lake,0IEPb9ily3E5IAYMSkwtQ6,630400
Silla,4CJp45Klt4pRH38vtPqSgX,138600
Sarah Gad,1w0PK7QLXdKBfzw9DJfbGT,0
Tarek K.I.Z,0HXAyc6kXXdnrE8wdVwS5E,844400
Matthew Clanton,2dZXivub7kYr8u7cAIfFpT,621100
Ami Warning,7emjIbMonyAREBQkHhblu9,142800
Emilio,1HFnM3rs2ZJWVL9q273DYF,331500
Sero,33qje3nPM5TBq2aBFny5IT,168900
Nullzweizwei,0TVANDORspsd2X7Gg9rhcW,257200
RUFUZ,6pDY8TjyxdibHM2IpJAGA2,269100
BAZU,04NbywySr8MPMdRZI9vJ5r,229400
FIL BO RIVA,3JE0uoggWwwYG6rSSJk0HN,365300
Nicinovah,7wXrKCsYTkPFtV3NsSOpaC,0
Bount,2w5wfLnrIocZhrnc6KkeEI,57300
Lakmann,31oskUgmqCnxk6jfx8yqzR,86300
Perl,5atcLxHRPvAErpwFcbKdHP,23000
CedMusic,5W8PlqRp971TMgGNlBw2fV,151800
Thomas Glenz,3GJsjSJuiUp24gUbeHfxSN,3000
Glenn Gould,13dkPjqmbcchm8cXjEJQeP,574100
The Cratez,3pVfscwg2QxhdHtk966inb,1100000
Wizo,3bnjnDR8RpA8FA4yZpND07,162800
Elen,7hR13E9Jt08a35Q2is8VvO,174300
Ina Müller,4sX5aHE7Jnbl4bTrah2aDu,108900
Brings,5uRfU4LuGDkxzZ86uCXQY8,420200
Dennis aus Hürth,6N7MHzv4YfYIgYapx4vurN,715
Rantanplan,06L7YPmlQkpMaKz8sFJsyM,74500
SNAP!,2FrKQPjJe4pVMZOgm0ESOx,7600000
Marcus Layton,6JzWgxi0nFzcHq7cqpGbiz,1100000
KazOnDaBeat,7mnmr8BPHhEEYFwIHlclFt,101000
Paula Hartmann,3Fl31gc0mEUC2H0JWL1vic,1200000
Monet192,60uPSVM3svOL8kZ3Wkb3Zw,1500000
Bonfire,7gqKcfoY25do9k18uCCgIT,154000
ENNIO,6ztKrKekC3nb3nCBoy9HUt,663600
PEPO,4d5576tSrlY9UB82wI4Yac,2800
ccola,46jBfLo4GoPUUaG3j3AEAY,9300
LX,,
Maxwell,0b62itBWBdLgiecXjXCqKC,2200000
Bonez MC,1aS5tqEs9ci5P9KD9tZWa6,4300000
STANOVSKY,4GR8jECs0wPPXOaF1sfYmP,61900
Bosca,6j01m2VAztO8eS05tAawF5,119400
Fabrizio Levita,0sgym9Jb9b1jkxKxMttSwg,18700
Fard,7iZ5x5fwRwROoX3iRWpVgN,398700
Vanessa Mai,3WUe8ADT5d65WeByR3ubl7,584500
Artefuckt,134WqmRnJ6U2KQsx9U1o1G,208100
Talla 2XLC,4cc7cII4mEQqKtczWKQVjJ,389200
Ralphie B,5KZ8bXnO1Q3nGWP2UqmQ3f,155800
Magestick Records,4jwlCGN6EFNfTQz2fBsWiO,1800
MAJAN,60pVmLS5zlt31OWk340O3U,1000000
Ski Aggu,6CP5wWvO8oIxedESJNCN4H,5200000
SEZA,1aEWYxTcwYVbcKZvt3jHBC,13200
KASIMIR1441,7ADRm1oT7VmhRRZrZqycV6,594100
DILOMAN,2innBaSmptmpGvov5kUIqW,34100
WILDBWOYS,44yXVrsMTsKGUBHZsYFZNq,245300
Mo-Torres,0A8ObGbFDJOFc7SLwBqO3o,379600
Sayonara,2FZ7TlM877WzPpfRBpBCs2,3600
Baltic House Orchestra,3ePD9fcUe4xY18t2do765D,297800
Marsimoto,6jL3G5P8rxfUamkyqmRJNU,87400
Mike Singer,1LRpAVWq5z6VZMG3tTdZKU,267000
Dardan,3pjq2pDV9RR6VY55wBjVnp,5600000
Bosse,2e4uIDIIBXR0MmZe0AJGhR,862800
selfyy,2M3vX4SeNw3RnzyJtjKoFq,331200
Betterov,2LTDsDjf02umXildBzlrKZ,143700
Skeez,5ePiMwbDcuhJ09N6KI9DWH,3100
Rapido,28cJCj9s0tU1gyBFJLnThz,17900
Pascow,215Kid3OrwPnoRKyp9yZ0z,42700
Element Of Crime,3FweAJRBCbUOGR6jULfaRi,239900
"Lukas, Der Rapper",5U33SrXZhmFss8xVapFrlP,57700
Akademie für Alte Musik Berlin,1R1hwKrqqLqYiD53NtXEBJ,168500
Tasha Cobbs Leonard,5YxebzzreNswbtYC1td4cx,1700000
DJ Matheus Lazaretti,15UHShL0oNS8JNoavnMiyI,88700
Diego Karter,7y1jUw8GzgpQzqmmn0einF,227000
Jéssica Augusto,5lToDW3d2jgmKpVMi9RhHH,314600
ONE Service,0kCOnrKSr2couo2O5uj2hP,177600
Fred Arrais,4b6QClfbEvFpOu9Nuyun0Q,92100
Projeto Vida Nova de Irajá,0ZmABAt0Sl0CzkOqnmoMMP,63200
Tati Teixeira Campos,2TQJSBWhqZjuGRieOyBCAM,25400
Marina De Oliveira,2Nj5eY05IUPK0AZKBzR9xB,30000
Novo Som,5Ndy97bmXPTeg8Cer60Rtl,188400
Alex Gonzaga,7F9FobwEoTXZRdi1MAUFjX,270400
Brother Simion,1pEaPL16IqfzG8ze1Xp3gZ,13100
Banda & Voz,4NAh7PnUxqDfRCM2DfQg5E,35100
Ellas,0cXSfXrW6geiAWjay3bfyn,1100
Rayssa e Ravel,0P2j58zAS5AS4k8FUDatnT,107100
Raquel Mello,3dlQ2CtcGsR7lOtLGATtSd,397300
Bishop Larry Trotter,1EGVLwdxU6X5VRdJ5vQcGR,49400
Sweet Holy Spirit,0JJWGRNsWAPiezjDCmEdsB,45400
Mauro Henrique,3KypZFGzCHTbqXAAhFuLwd,179000
Mariah Santos,1E7bSnpcGC4KgCF52NEuRz,41500
Waguinho,4M07lyCKKh35z1V8iSeuLq,281700
Oficina G3 e Roberto Diamanso,2aO4vffSBkBfXywTPnMASS,23500
J Neto,2WBLbBFP83f1shyR7YTuaE,258399
Daniela Araújo,0V3UPrVVcCxIxQU43xYDxC,240700
Mattos Nascimento,3koufmP8p8wNLARHjlyAmk,379900
Cassiane e Jairinho,754GsjALc0WkYIDzrf6e7H,124900
Ministério Nova Jerusalém,6Eikwdu8Tl78UPdJezEX9g,233700
Tonny Sabetta,0LGCPZhRXCos88vbjzrQHE,41400
Projeto Norte,77pooouVVZn9N4eqWdiyhe,58700
Ane Alma,6agfTxA0kY25JrnIKKo35r,73700
Marine Friesen,6RFrCjwbhgeUHmrD0KCKZz,415000
ELESDOIS,4OWPPCGGdWpg9l4nvEsCn0,19200
Jay Santana,5u3U0XJCLzRu1x7ohiO3do,13700
Quatro por Um,5Ai5CFwarvc7z5SZp6s8dz,449400
Alexandre Silva,4pv3YsIBMfpGMQgGXLZmFo,104400
Lydia Moisés,08zojAOoMjfirGuUAN0QZ2,181200
Toque no Altar,3dJ2TE4tV9zYiw1lSkqdG5,1300000
Bruna Branco,77uUXdXY9f3t8h3wqfBUfU,66600
LE MUSIC,3y8lhc705bREJ29oOEl8bu,92300
Nathália Blanke,7zm8nrgHUgeGAQIBKwk36m,23500
Carol Avelar,0tadnL0KCU08TiChL4Xxjy,24200
Thais Oliveira,5MmYXoJh6i1gcQba8BJ4iA,28700
Marcos Brunet,7cLoxFihGCVL3s1K3xHK4I,1200000
Ludmila Ferber,3XFPsySK5XlfmcxJGWcyWn,761700
Trio Alexandre,45l2SbWkqDPqPB2LqcMr25,34300
Hillsong Em Português,711ulyrAkLHOuraqFr134y,211800
Vinicius Zulato,7qs0jP0DWseh7ygNaJswPU,309200
Sidney Almeida,2hx505ARghwWu6QeC9cPU7,24
Asaph Borba,0D4H0xcs0vYHATdW3z93PU,185400
Igreja Mananciais,2NoO9NiL5jzplcp1MpgGfS,0
Arthur Callazans,5Wkk7zsJx0eYgnR7rAFIVS,103200
DJ PV,6jdJKaM0mCqZzbUgeO5e0j,658100
Nathália Braga,4QkSOV4m3EYCOhZXK9y5vV,843700
Arianne,67E0wqAIfyT2erdSnMLzRI,278800
Giselli Cristina,3UZ4OGYI3ycaPT42PUS25B,771800
Ricardinho,4ffqFO4lp2UOv2cnG9ka0J,504500
O Muro de Pedra,2bgEqSn86PSRqSgOYc1YX7,77000
Preto no Branco,0JC6R3kbXUHe5QrxqzFwom,3000000
Kennto,1LowrYvOkGJcVk5piBkvD3,103700
Coral Vozes Guerreiras,2Qap47pDH6bd9ZfZ264IJ6,347800
Clayton Queiroz,225heaA0eolmtY4YIGdByA,179500
Pevê Brito,33HOfKvN2YRwhHkqO0Gj6g,59000
Alessandro Vilas Boas,7nMA5jUpayvsedWUkX9lx7,2000000
Hellen Miranda,7psKiyrH4yV89bgVhAxD9r,5800
Alda Célia,6UTqT9xxXAPjmyfNHDuNdv,285800
Vitória Souza,07tsf3FXOQCLN2djNLUT2j,536600
Resgate,1Kaf4B6XHMA4agtMO1wzrf,130400
Os Levitas,3YV74lQ51lbWwBSBoXsS12,71400
Mara Lima,3r3fXHLRkaNVAuP7ckBJOV,454100
Arthur Henrique,4TO8U8DKWPxUZJbXJERcoj,0
Lex Skate Rock,1ONiCwLgWqQanoogNfYDAp,0
Sérgio Lopes,2w3GMLgGsm8mJyVWdWwrKb,410600
AtituD,7Ee6ZsG5CPerynOMJ4fu9p,152400
Kemilly Santos,3iSAmdf88IcKtBvLDhzJ3j,719
Edson Junio,1OLQRbTEMAE7hQDLHLNH1V,4600
Além do Véu,5FnouZlPHEQdo5QM3RgEXW,20900
Daniel e Samuel,23qeXlol6jHoUWNYzFxy9E,6300
Elias Silva,40dDbzt73FjgMz9bUK65R5,290600
Arena Louvor,4oAByFxbeoRVUK69M9smtP,45600
Amanda Loyola,4VKcPBViTvYJyYpI6qb2Al,165000
Sandrinha,4DMhTb0otfuRtSx3IPe88N,116
Denise Cerqueira,2nI6mysMyqdpeaO9Dl5naK,233700
Andrea Fontes,5RQSDME1EH1qb4X8ck1mbJ,266800
Salzband,1sCtt8DOdGFdxfRI3tPAr4,157800
Sue Dodge,1Bx6O22UvSf6BXCY7SDbSb,33400
Ben Speer,2l1p8wbUDy2yllGrPTNhr7,22300
Thiaguinho,1vppDmG3i5sXf3DJzrK4T1,5600000
Fernanda Brum E Eyshila,0wspWhoy1xsbcFEfwOGKox,36300
Henrique Cerqueira,3njxqmIUFjiz8aQPk4GFTW,26700
Amanda Wanessa,4kvOhoqtLM66VLWfcUv4Hm,773000
Wilian Nascimento,4PjjeofQKolTepWdilslSR,278700
Eliane Silva,04kAhmiYHbt8mAmX5t65Hs,211200
Késia Soares,1kFQW1pOLiBkqK9Lu8Wook,42400
Eliã Oliveira,6t7Gl3PNlP6DKMQmj6vwrz,487500
GV3,3Cfqd7Hjh2Ctl6OlKT1zBr,155200
Gui Brazil,5UBTjAZHVXlnISDDkj7LVE,268400
Paulo Nazareth,7n7vXH3wFK9kCqV0m5KA40,70800
Marcos Almeida,5PmlW3MANz3vrh2hrDnbhR,169400
Katsbarnea,1r454EQgNoAVQqpuo1LvBt,9100
Michelle Nascimento,2UBlQ9pjsNtW0uSCWkKmHq,200400
Brunão Morada,2UYElmGKAPwNwfJw6i11Xm,59900
Trio Nascimento,0nmfUUkYqGngUmVhJfGAFw,64300
Bruna Olly,4SqgfSueCwdjxbmRbROHbZ,607100
Purples,3G4ZvKqnYaB76ZeANjvn6B,115900
Daniel & Samuel,2d8TXKlooYDA5nz6A5yFBU,329400
Vanessa Bell Armstrong,1dF0qAJMVOCfhBnPiPfUIm,49300
Alex e Alex,17nGJIeDE9Kilpopmt0mfT,69300
DJ Roger Vale,07YSzRpBPsuBZ1ZR9RrVqo,79100
Zack Vox,0y7p9FFFrFIHUfSgaeF9hR,106400
Gabriel Bulian,5eihOAXqmEGCMspHHPSIa0,59400
Brunno Ramos,2BUPdjSDiE8znjJPfIjPTb,196400
Julia Vitória,6tLHGlt7L7raSf6vr96hWi,1900000
One Service Project,6fUKkqN2PLedcYs1AQAwg7,0
Anderson Rangel,45O7BGDpxycEUa8awv5rE0,20600
Beatriz,5V9mE1AGX21jkqu9HvSpWL,134900
Brenda Danese,1z5wjo6tdolaXhYZsT9T5r,66300
Thays Calzavara,07PXyoQgIqE70xAm8s85SP,2000
Canções Para Curar,5S8Ob6D3jXo6EXaYdqSKM7,41000
Carlinhos Félix,4fKC35zqqRm5Xs8hINEKf4,62700
Filhos Do Homem,5uqXYOj8qLauhMmEmpdLkl,140700
André Freitas,6HBuGUWs3WD2hdcdBaWSWL,0
Crianças Diante do Trono,1DrV98ubDph1jAWq7ikcF5,220900
Ton Carfi,4IefiwlkKHUFoRdBsGj756,1300000
Ednaldo Mendes,0RUzGEFOHPri1HoUfiV00G,29500
Pr. Júlio Ribeiro,5ehOSMAXVXxrSSUIXHuUqS,106800
A Vida Music,0vsSLtsD7CQa7gTvb7RtPk,33900
Victor Valente,5CRrFXaaBrsYLNAbZcKeL8,20
Suellen Lima,4SqxTYV3Tdwo2JshGLlH6P,136100
Jairo Bonfim,1DcX51Pc5bYQX0o2fvdGK4,73000
Bruna Paula,6gX5316dtawVaIaAmjP1wc,1300
Felipe Rodrigues,2Fg24GlhFBtqn2c9FxzFrS,4200000
João Alexandre,5kgQN9xPuWYGxVzsJb86Hx,100000
Leandro Rodrigues,3sPrLEud945nswy3EMr7YK,244500
Ozéias de Paula,6ZrEc5xxZQvThMNTPsyuOn,210000
Liz Lanne,1T5Me8q25LaMSFvpFOpR00,25400
Valdeci Aguiar,5sbUStZxfCkLurCpnTYMSL,0
Deive Leonardo,2yXSYL4govoGkKNqq6BJQW,472500
Coral Palestrina,3ISYqa29vD2mh3tFN6Vtpu,143700
Kierra Sheard,4x3CdMQ3YjnPn4Evhyni5y,273300
Chrisette Michele,3YJMzGjAm245zwJooY7PEj,348700
Janaina Santana,0qzEqupwWiPttVQ1f4971S,35200
Lito Atalaia,40VTmb5TDKq5wom2CAnvU3,36700
Pietri,578d0mz5ZW1ZZJ4gEj8w3z,66700
Jessica Augusto,0VAbowHn372D9QGcFZCKpp,0
Suelen de Jesus,2W5lEIeNTS4eMWsGv4ZGEB,102
Célia Sakamoto,6r8n8vrg7vwpvp0rqUe1fl,25700
Guy Penrod,29PfPMTOAqc611mj1siNoH,109800
Scatolove,0icMce3ZQU1HdA8gGHo5Rg,56300
Crystal Aikin,5AfDeAE9DebBuxecThmRsf,29100
Thaiane Seghetto,3NTei7B7tmvJh8ZC8GdcDG,166000
Fruto Sagrado,0tuvLFT4ZHTJ17rrBP0K5K,58100
Drops INA,0KKcTiB0jc5ZWK1a0JfuUh,2400000
Pr. Rodrigo Soeiro,5iFFWSYNcHdGIPPAbB7OrM,112
Megafone,6KofTfL2uPGLqgmxN0UUCI,4700
Ministério Koinonya de Louvor,4HVKmt7N1MkZtPmsZPeTZg,214700
Brenda,6bbLScfhLt3Q5QeIQYiQM9,13700
Gerusa Barros,0cDsIfb9nXvCZWHKwpRwlp,86000
Salomão,7yIo15qboa9gHCtqK7cOLx,256899
Pedro Vuks,3ALVf1riWpeH70lhzWGym1,0
Priscila Lopes,6O6ALZsboJ52L3Let6mEpT,4
Débora Passos,5euxJBQCbUYwKbCsAeYbor,0
Felipe Dutra,0kY1cIFpfsQ821ma3dgleD,0
Junior,5g3B6vce2x5AGRetu3ViYv,123600
Within Temptation,3hE8S8ohRErocpkY7uJW4a,2000000
Håkan Hellström,3H7Ez7cwaYw4L3ELy4v3Lc,1100000
She Past Away,6paE8ghTau4qwwNzVRSgjR,254200
Akin Jensen,07wIp9CHYFGgNTlm0XmdvX,14900
The Chameleons,4HLWX9kzfraiCsTvrxJEXm,193200
Amaranthe,2KaW48xlLnXC2v8tvyhWsa,960600
Nightwish,2NPduAUeLVsfIauhRwuft1,2700000
Shamrain,6MjCrl9trhi7rIUzI1FIcR,114200
Aden x Asme,5PC8qtX8PaoWYQOdHX2ZZI,0
Lani Mo,45hO5u8evtwIpSYefQHW8P,71000
Timo Räisänen,3Z6WVJzHQ12kzNjhzDkIYP,60100
Amanda Ginsburg,0WnqhdeUWBRldiZFW83Ahj,45000
Jonas Lundqvist,5zGcn4MRRQ6nB88eyh9TX7,71200
Adoo,5jffouMWTx8Fhyr8MTjG8I,917
NEZS Beats,1yh8R872sqaJborsZtko1B,166
HIM,74aLweE8FHHf4yN5TWv1GM,4800000
buller,11cGL88e8OmmHxFq4Pd31w,14
LKN,1E0LmVCbiCxvZBlzp90sPI,137800
Grayuboi,2TYj3TMx6hwPNhkYz9KnGg,106
Skeletal Family,78OgxRnIdBCdFBmKhP2Fz2,55700
New Model Army,7n1EM42Fseebd9H2p8eWWS,204400
Marti West,6CQ7EYVHudzCArbeXZYV4e,122900
Arvid Lundquist,1QIoedC1hO9QOSfQfFuLeI,9400
Arvid Nero,3f0ldp5c4bOfR1zVcaFYew,196000
The Plan,1xp8n7sGGGHKO6pwxH8RCI,22200
The Bolshoi,30m0NFP0tHVmxcsUCvEN3K,136700
Slowgold,2Urxw4X90ya3LA8KqV2WIX,10800
Hofmästarn,5TgOBj4v5RI1Guk1F0bfGA,26700
Roffe Ruff,6FkSZBvBZ74ADdf5aWrT1O,48400
Steget,7lZhmQZeLcqHj7ZP4eB80t,62400
The Pine Box Boys,6N24fA9GDZkPUKgv2drvf5,30000
Black Eyed Vermillion,7vVkEy5nOYWZCe9eppiLa0,4300
The Inheritance,57jvoWYjWbNtN1p42LQUHS,17
Broder Daniel,0IcwumPFXL1XWQ0Z9CCuCV,202900
Cyhra,6tkhw6PSVw7b2M7h5fLBLE,104600
Parham,3ldCASdD4QRyfTt6lpPn6y,50700
Traitrs,1jMhHOYws67mu55qHXxQN9,16
Petrus,23kFt6JE7hcbFGgLHoKRx9,991
Vlad in Tears,4Bu9ZBaEquzH0a9FagnY4v,2800
Hästpojken,4LR7Yqrdq5TeOPe9O0qASx,89100
Ash Code,5RgEBlZV41hfY0KgUDiQvy,50500
Vision Video,4svQNinzRKM2BbuPjVXRJF,33400
The Gathering,2kO6zjt4a1OIqxOERhliEX,111500
Bad Cash Quartet,4C6ou9gRAa06qpt5wOOBfB,13900
HammerFall,2o18h28enlHxj887tATc58,851700
Veronica Maggio,2OIWxN9xUhgUHkeUCWCaNs,1700000
The .357 STring Band,3ATHjHGh80R6umDswkUf8v,16500
Anabantha,6POnYCFgbMN07RiEujnqw5,125000
The Ghastly Ones,2dOGUGTTR0vKcexJaOOLMy,35500
Honky Tonk Hustlas,2uxN16k07lBuPOQNriw5pr,8300
Little Dragon,6Tyzp9KzpiZ04DABQoedps,1200000
Huset,4YaJSto4YkRG7BA46X6V54,2800
Jacoby Shaddix,3a0Ol9AaugGXjf1ZQcAs1U,687300
Anathema,0ZXKT0FCsLWkSLCjoBJgBX,418800
Icon For Hire,1Jy0lTKAQDnTklKzF0g2o7,421800
Alice B,25na4xrKHsA88hOLB7zjUy,1600
Ugly Valley Boys,4EtNOfhLGuq92gLKSByq1a,7400
Cold Cave,1ssulsHf3JrWakLxa8yFad,153000
The Dirt Daubers,3ReEQiErbGXctjBteIvbor,6500
J.D. Wilkes,75x4DaOzCIcgd4aIfURiRL,2300
Cortex,2426qbVDIH1N0V6X5R0UV7,6000
obnoXIuz,2HuR9dMA6Kr0sSO4LzQQjL,12000
Förstörda För Livet,1WWt35ZdGHU3d4BJMx5OOF,2600
Motorama,3j0kMFxXTTYsuw1twLClw3,255200
The Damned,6VeL8VhaMjHTPc5uovFl3h,473100
Nayomi,63pexOL4YuXMRprBVl8wXh,2500
Stress,2piHSX9fKmsCD8tbfX1cJg,146300
Josef Slunge,1CcUIkJudKxfk8SZMLL1sd,26200
Denz,3D0rwfKngK6Rr80niHDLP7,79400
Annisokay,7lAi1Cv19DsukgGjbZQxFg,408100
KÅRP,6O5DwC1I3LFO7bvfYOSAw8,10800
Young Earth Sauce,07uDVtXpkJl9IIqMRCwrOf,124800
GLOBBY,53FcnpGvG0Og4LGlWai6do,361
Kladd,1Mx2j3MMBDG17opNcPm7wl,0
Pst/Q,01SvE1zJxDTFdcL7UMd0rv,5600
The 69 Eyes,0Z1UczcSjwKNuv4HgdjH3b,238700
We Are The Fallen,4V0jSDdGGQ2VhYuSOjBUjI,144200
El Chilli,7JC0696Iw2EKPiHEaftMU8,0
Semblant,6XbRGptXH3evQfHCfKCqiO,22400
Epica,5HA5aLY3jJV7eimXWkRBBp,702600
Angry Johnny and the Killbillies,0G14MvZtLGtQYpG82l10UL,8300
Carrie Nation and the Speakeasy,5Nrzvmw7DNYknZCuoiWslG,4200
Woodbox Gang,62rx7F6OnKKwpUrcWaaoaG,2900
Unleash The Archers,6irKXFXk2sPNmHtKqmrfuU,173500
Orkan,1vQzopkdG5PP00opxQ5p9S,89
Katatonia,2CWWgbxApjbyByxBBCvGTm,284500
Bauhaus,5N5tQ9Dx1h8Od7aRmGj7Fi,826500
Lacuna Coil,4OAddazJM576euUnFSvXSL,681100
ShitKid,6TnRsbEEAkxaOYJLcEWd5m,171900
Vic Vem,3A5ZDD2A1YoZ7QpQ0srnvE,5500
Näääk,4zJlp9X6E6IpfUrIzwrg7S,81800
Nimo,3ZuBEj9ppJe8GSdKaMTfMN,3000000
Zombina & The Skeletones,6yfUz4F7jvOfc8RbK9AmNR,19000
Jayke Orvis,05Y0eaUzJezxcU2L049SSL,7400
The Knife,7eQZTqEMozBcuSubfu52i4,586000
Fields Of The Nephilim,3m8KqUjgKDwmJ9L9uBHMMs,76400
Pink Turns Blue,47oP5alMot58ggzcFwldky,117600
Christian Death,6mEohczxsctzkEIU0WAeWD,279300
R.Williams,1tBKuxis3aOLZA1BRTv4Y6,1
Lake Of Tears,13ltbymjg9upz4wOoF5TTs,55300
Brother Dege,62r8B0snN5IPw8SwCJTEXR,313600
Lacrimosa,57ekbx9PSS4ORs5wTZMSYp,169900
Aesma Daeva,2hI2mYVRxGZjwCZrETOCtJ,5200
Strawberry Switchblade,4z5NjzIMyaQC4dPxxzxF6e,429400
Keith Caputo,0o3RyxUXp69fLCpMxuOLsz,173800
Sirenia,5FXMcILCOMjljRTV6cLoiE,234100
Jan Chris de Koeijer,0jcblFqyaftV1imAHfnQ09,0
Lord Of The Lost,28eLrVsohdXynlnIzQ2VvI,385600
Lilium,2mDOWD9qP8kgjO2WGS6dhA,2
Jim White,3Rdkj77BOQHj5dTLveCJvI,41600
Aimee Mann,3UpIbyXfGzmHG6TMH4dJEk,642800
M. Ward,6nXSnNEdLuKTzAQozRtqiI,519000
Joe Henry,0TeVWuc8Sw05X4Qkl3AA5r,91800
Felicia Takman,3KdFzFHhUFCRdbllsQ1lZd,39400
Killing Joke,0Zy4ncr8h1jd7Nzr9946fD,564200
The Coffinshakers,40MSz9KU6J8HDdfATbQzO2,43800
Poisonblack,1mBXJUab9jbcHhYxMuWbxO,51900
Two Year Vacation,32pDhOhptrPf8qiTFG8VPZ,14100
Reverend Glasseye,6dpTsQfLG1GDzCQBUjLxWO,4900
The Mission,4SAdMucvHyws4QTeAUsPtE,185400
Spear Of Destiny,4vJgvzfdA3q1KFsNl3GFvc,16900
Stefan Missios,2Tk0xUN6vmp0XxYNcro2bI,10700
Skarlett Riot,6IN0ZavFCDhKZ2N3NT7E3z,30000
Graveyard Train,2RzRCUVzVGeNogy1s5AHOf,52400
Noora Louhimo,1sohI3zY96pI2KJICKOYBA,10800
The Wake,7Mpy3aH400ZqSmT98np3Wg,16800
Peter Murphy,7zeHJIIfNStVfxlbT72UwY,334000
Deadbolt,75BzUDa6i1c61tSjyywqY0,21600
Gene Loves Jezebel,4Egyhh5C7MvfJaWXFx1qc4,140100
Tarja,5IRFMGI8aEtZdN07OYrBZc,406500
Ex-Voto,4Ywr2KW9JIiHO7lLUHUpQh,7100
Dommin,1pFmYabIujP9qlZVK6MuCA,18600
Delain,6pIRdCtSE5hLFfIfcTAicI,277000
Blutengel,2SRu9oxCg91Omb2yMFzttR,167800
Deathstars,4Tg06Sex4LzwcgVdfRrHlp,112300
24SJU,2t43iMXUM5eFBAYH498put,42700
Chris Jones,138MRWfk2JTHgHSUxcI4bU,30300
For My Pain...,6s5biOReFi1Oe9GQOG0nsL,48400
Kamelot,7gTbq5nTZGQIUgjEGXQpOS,384100
Ghoultown,1pXT9wt3jNgkk4AVvAydBm,48900
Scary Bitches,5jKvhXUMiw1OXFEtLNlk1w,153500
Lords Of The New Church,5JEhWD9S2znCiQRiGj2OUk,68200
Elysion,2S9583TZGl9DohGOXtovTX,12
Sunterra,2eNI2fR05XVfpH5EkZLJTA,2800
Uncle Sinner,35juzrftTTZqdN7eQx89Yh,2600
Ancient Bards,3ZlSRBv3StWrGuGTAwKskP,30400
Highlonesome,6LUUuXDg3XjKexO91njrJf,4700
The Naked And The Dead,16HZrqib5dArFNZ7YgukCU,12000
Angels of Liberty,1xQJFztRscXND4aMJ1Ic37,4300
N/A,6kXOfiybcCREJ6S2HvPAiB,10700
Havet,05zCYbkkwhUhJP2sGfilMo,43500
Xandria,1jzIEzXVJ4p1kFDmio6LEL,203600
Ambeon,4xygTlKXguZYq0E0z0pPKa,4400
Nina Persson,4nHhXbMpzESguKp9QHap0c,25200
Göteborg Wind Orchestra,0OsDQRnrYee3O812DQtMu2,109200
Clan of Xymox,1wHmR7I0UlF58WFQexCPha,194400
Stitched Up Heart,4XG961Y3fzZF5k2gfpnaNt,194500
Stream of Passion,3WbWjYpDshKxCyN7KOrDyz,13600
All About Eve,2KIezwdswV0DunSBLSe4pR,27900
Hapax,4VdNQVxiDpa6IDLZ8Y18el,8100
BF/C,2uOGj0lTXBGhle4JFB7aSQ,3300
Harsh Symmetry,2iw3bPHWeP872IeCAk2JmR,105700
Specimen,16ulVVpMo81yQAQTvUqDjm,101500
Alien Sex Fiend,6WVnBgqJfj9Iw9gpBed9fJ,81400
After Forever,6ISyfZw4EVt16zhmH2lvxp,114900
The Soundtrack Of Our Lives,1DoYbXxolkSNTovBmuG0C2,133000
Inkubus Sukkubus,5TcSmqbuyYcyn396CFLwPr,52800
Theatre Of Tragedy,31eXqCx5cAlItdGdoHMEOu,181200
Love and Rockets,09mvgMBvJkxarNIDGdwPWg,333700
Sons of Perdition,5wZpCAgKKlmXQ67Gm7bxrE,3100
Victor Furbacken,2pKhApzcQu9dFGRqih7GZl,15500
Mortemia,5RUUgjv8Q0H2osxIC3AYBi,256600
Maja Shining,0a2P8bbwnT4XzM39w4RGQd,0
MIVAS,21xJtgcxDrr0ahUS5GIjFG,12400
Simon Superti,6NEj7qdWpQXSeiST36X7ES,313400
The Sins Of Thy Beloved,0eFg9cfr8pPciNtqP5s14S,34000
Visions of Atlantis,5kanN1nKzrkW1m2gZmo82x,247300
De Brassers,1gmMKi0rOXKnBW2lVU4wwt,3400
Me And That Man,3zhMQz4U8XeOPq1Nphrd6a,56700
John Porter,23h87JEy6Tyl9Yy7jzNdAt,25700
Bombus,3PasuDKJ3UrBlLly6Lih4V,9600
O'Death,5oTGxE6TDRsEr0jfbIlp7O,31600
Penumbra,4LMOrQtDq76ar9W4d2FsRk,4800
Lonesome Wyatt and the Holy Spooks,6XAQCO7p2gxCNs9555qDEA,2400
Hamodii,18HIHZRhRGTnN6vy9LL82E,248
Sam-E,2QimB7f411aWnSDwecMubJ,3700
Atrocity,050NpEYZ5xFUS1BOAZjVmX,13400
Agnostic Mountain Gospel Choir,12Dwfm9Ow3zWxR7pgUBZKT,4200
Saturnus,7HY8HFHBM9zrY5R9rlY3Id,35200
The Wolfgang Press,30JExXexrTakSa79ce2mn8,11200
Bori & Suan,1wzRYUcFC5fba9lWT0gi3r,1100
LöstFolk,0I0dXOTO0xHs6DZEiL556a,12200
Merciful Nuns,7I1fdJzerHqIlcx7M72khy,3900
Charon,2lAegi5l1JvAe13BZH4atT,29
ReVamp,4LPznDHsWRPbEivBW6aYqv,56900
The Leather Nun,3f6KG1nJAUfwLWgp2l6ucJ,4800
The Dead Brothers,4mQTeNHQBqoPMzBJ7CtXk1,55300
Heidi Parviainen,5XjOHp3QWS7IC2mm4SNwTj,0
Cosmo Swain,4kZLnDMjTKER3Kh7eRuo01,99
Willegus,2Bvy2AjXuK0nCBIk05Xw6O,122
Glass Spells,6a4xrf2tjp1zo2osASzWOQ,26300
End of the Dream,3XasyudrgZsb1ENK3rbZBr,9500
Slim Cessna's Auto Club,4hadRvyBwQwfETFBEUUaru,6700
The Cemetary Girlz,3tDzQjTvwtfs5vAJRGcxlF,15400
Dark Sarah,6TvwiAPxsB2Zj2o8bNlogk,39500
The Tough Alliance,4ps52NgTUPV9accMr5TMBw,14600
Paralisis Permanente,5OIvhuAngAyS1rt3MU5r3k,58500
Engel,5t6ULwzhz2zTzSMIe10DCs,15100
Canto,0IfFGR3deyYYoBzXsz3dWN,16300
Flowing Tears,0BwzmuzuA4X6IMBeltvFdL,14000
The Crüxshadows,64gvvAW80lNmO2Srd0I3MK,40900
Lacrimas Profundere,4LtKoRSDo1uGlaGGEqsIhz,59700
Flesh For Lulu,6ahlwhwCBtwhSeDO5vYMh5,52100
Demented Scumcats,7CyrdEMIayarE4DYz1Iksj,6000
Jyrki 69,0hyO5xFVKIdGUDBDoW3Qlz,14300
Faith And The Muse,3waFze2hMUecCLD0BJ4rvU,27100
Gothminister,2S3xwpueZpPVUDTTv7Wefx,85900
Martin från LOK,6JUOQs3hRvpi3VvRKuigAG,0
El Perro del Mar,0bnwha8WPTU2sf4Q4P6vE0,35200
Draconian,1TX9g1uSl0B0DQIE9lBqmU,128100
Nox Novacula,7kNH9Eo1oB8yI9lEwekRvp,15200
XM,,
This Mortal Coil,5OK8j1JnhoBlivN32G7yOO,246400
London After Midnight,51mEqzVhG2n9nD2kBAnWer,400000
Sean Brennan,3SDAI9zyGVTwCsR2KKLdci,241
First Aid Kit,21egYD1eInY6bGFcniCRT1,2600000
Silvana Imam,14vNE9iqS5eGAL6OogiN8g,52900
Despise You,2k9fmblHnLIyiatnCNMTWN,9000
Antigama,0iGHo9o0cCImrhjkhi9GZY,1300
Vermin Womb,7pcGvwewW0gGzwyhx3Z7Ms,2100
Hatred Surge,7MU6zn373YTyJf1gl08mkS,310
Impetigo,2qnKeZWdtKMO4j04yERZnI,192
His Hero Is Gone,2gyZHlI5HIDctuCa2Crm2I,1
Man Is The Bastard,6nRxfBhqFVf7YBzop6laRH,4400
Sex Prisoner,6KBBZNl476lte4ccHqLFKz,17400
Fluoride,3bsWiD4H9xrG81q8prOG5R,1700
Cripple Bastards,5rMvvaFkWCWpfMSV4Gm93M,4900
Disfear,2rYMvTD6SxQHgOXhVUdTRc,10200
Deterioration,0hraz1ljgTxHloNAcJ8Zxn,6500
Manger Cadavre?,42UX0at0vQSy2NZ9B0f3Lo,2900
Weekend Nachos,6YeWEWziBhykLo5PQxpvQ6,9700
Dropdead,4Uu8hbzDD9HAtLosp8g4jB,9300
disrupt,5ntOOEgdLDLwemhen6010G,1600
Haggus,16wnsPfzB98xYLLSJLPh3e,22400
Insult,0T6ftJcD6HLk3bkDQPnodz,4100
Internal Rot,3bs4CASlIX4kz5s81SfUX6,4900
Soilent Green,4Bzcv82fre9SbpQB46Sdrs,23500
Cloud Rat,6Fbes1fH0ZDS0XGjDx2YeG,6400
Couple Skate,3nIhwYNLtgxsWUA0huATqn,2900
Terrorizer,09eXH2A1Zi3E7MZJXGg5oG,48900
Magrudergrind,1zVJfLMaN1eeiz4NVdI1Mh,21500
Cattle Decapitation,67ZMMtA88DDO0gTuRrzGjn,136700
Archagathus,5fxZkDD7Az32GfmWDKvVeF,5000
Miasmatic Necrosis,0Cxu63bsdpQFVaXrKvG19a,2300
Agathocles,2JWxRGdcsFqn5j9gYKjNF0,5000
No/Más,2MdtQasDIeUoPKbes49HCK,3300
P.L.F.,4WVXhPrYJnFDnwHQcLaqze,1400
Discordance Axis,6XFjGDX7mROQvLOEV4iSem,8100
Capitalist Casualties,2VAHdNi9v1ae2FVJmVNKU7,10100
Milking the Goatmachine,1bvoy6dVHArgnzrPBrviJX,7900
Trap Them,1QXcKL8Ggy8uCA23mFKgws,7500
Full Of Hell,1i5rlthy5CmAYWaFOB0jhz,41400
Narcosis,1hi8l9DM1zXWOjV3Y2frzL,7700
Pig Destroyer,4raqfuxaWjPjrOQGb6zoa7,55500
Sore Throat,2xOI8KTempogFX1bQjGNXP,3800
Autopsy,6hR8mUd2yyHFazoCuweiIJ,36700
Agoraphobic Nosebleed,5DVkkJqypmjmRLJL9UurmI,17400
Anal Cunt,49xcIDVId0Sp8C7GQFtJJj,14100
Jarhead Fertilizer,58NoEzpin3N6OEtvVZwOtj,6600
Purge,6aGyQcWVLkuj2wI0vCt46C,4700
Repulsion,3MHtENpcR9DnnnuBf4d1vU,624
Enemy Soil,5sKVvCnbicxE3U8LIpB1sx,2600
Iron Lung,1rXjfC9HsVIIHggTMuxvSL,6800
Flesh Parade,72kVIECOPEFK0E7rHdklY5,3200
Facada,55ol1jjsZGfpBKkOipCtTN,1600
The Tony Danza Tapdance Extravaganza,54ZsHhYWjJ3cc14rux5CjE,0
Exhumed,2OjtmMho2pBS86zQ1PliRu,23400
Gorerotted,4v7Ir81pDbE0UyLBwUdX83,4100
Extreme Noise Terror,43OKr8veKrM8ptgj3LcpOg,17500
Mortician,34PPy9Ut9m8qB8BnmCiVmO,195600
Burnt By The Sun,51p40nZHjLIX6hL5xTDJU1,4200
Implore,6VoXxJxGRpGyEEuUOeGNMG,779
Apartment 213,51iFdKGGbdUKTRNBLDxhbt,3100
Cäbränegrä,6hDlJWFcUFr18XDc4a69Ty,828
Sébastien Dionne,1IGFFftws8PL3aIos2Iu4Z,0
Last Days Of Humanity,0bz1eEw1DDhYmBLgwISUg2,19000
Graf Orlock,63si8szRw2tW6KvFprYSIF,1500
Sublime Cadaveric Decomposition,7aawxUgjh40JVOCohaIqyI,3400
Nasum,7ubUEBqbef0F5Z7GLo1t8j,13900
Phobia,19wGmKaq6GaWZqKHOazHZa,267
Make Them Die Slowly,3Ut98IvwalNaU6EiGU0WiJ,1600
Dead Infection,49JFuUMLEDhnAicQKtt3tl,4700
Squash Bowels,32LqTg8ODwXIJtJtoSSPOL,1400
Fuck On the Beach,4qWbiG6EqV91GXwI5UZgYt,3400
General Surgery,7uqRm8hzY1AGigP9Qd6j4U,4700
Regurgitate,0PwXJpoSJEOIiPNvartOr6,7200
Bandit,0D77POYEzzGCwxFGJjfPop,4500
The Kill,4kpqcgUgRF4Ab0FnCa141F,454
Human Remains,3CwEQNIPT6wVlDwm1NihY2,1100
Aborted,1XRhUgCyzIdeT8d9KMfeDR,81700
Caninus,4kNat6y8UBMJ4AAJayLPwI,0
Genghis Tron,5xIZimpMAfvZjQcgFKBCKl,16100
Cephalic Carnage,4S2VWuUV0ei7LG0I8JDFww,7400
Impaled,60PoZFLlifxfCpcSodgDjo,3400
Gadget,4o9ii8b1L3D2CpVdsyhbtx,18100
Kill The Client,3tsRbmEa0VwMYeDwR6aSeJ,969
Total Fucking Destruction,1hpDB8AGklFU5siIKmSWpn,1800
Coldworker,4ITxNeS8KlhvvjLm4GZhv7,214
Feastem,1Z3vhCAL0qaIPoEKg04cPr,2600
Machetazo,2J7zbOZh4PvDDWkXKTmcxo,2300
Nata de Lima,23RUzKfpmYawJJOkKOIjai,0
Lack Of Interest,73Uuq49AIPIe7wKijOosLJ,2700
Ground,23wZZARruwsJcIporub0g9,12100
Triac,5g9VV2XKnJkmnobKo643mP,67
Fukpig,5diimUUAZnx7RM6QeuVDXy,690
Presto?,0VmCFIgdfzSGmQ9xyd39K5,320
Birdflesh,2VArxovS803z0hzeg2gkbZ,2600
Burning Skies,5cIxvxm5XW4Up5aSl5zrL6,755
Rotten Sound,4aglyvdJ7ApTfDC6aQ2LFf,9200
Fuck The Facts,29fBae9lZFj6dXWykkpSsX,2200
Leng Tch'e,7EB2IrfvbTwc4MBfSY1Sny,954
The Day Everything Became Nothing,1756aoqCBOgNlBdm5NcXHE,975
Misery Index,1kTUJy3zL57iEANLB9FpIA,60500
Blood Duster,6PLVMCFggiZhW7VBIA8PXx,2500
The Arson Project,4WVuNXyxH081jWdBo8ZuGe,613
Haemorrhage,6JLFzI9nSELx9j1Muv5RcM,5500
Japanische Kampfhörspiele,3ebwnF9wvz3YyYEs5UhKtp,3400
João Gordo,7aoHAC7aGNfSiDCIHxRO84,5800
Hummingbird of Death,3ORqOT0QR8W54NLZ2iHFJ5,497
Ed Gein,48AMWesPq6cBYgoZOu9ciQ,5300
Wormrot,3vMnvW7u5207ATyxTQIxNz,24600
The Berzerker,1tlY3ijEXpF5JsRTTwePA7,11100
ACxDC,7duxL9B1FGhyVngPJzMJpt,7500
Venomous Concept,4tR5IWEPVvHGz7EQMNqz6w,2300
Disgorge,09YsblCNOajVomr9feVRUB,164
Death Toll 80K,6Y8ljNcWfUjMUHDCMxrCoI,2600
Gorgasm,2Pq0WuEVUvv1G7s7S4XNVs,21000
ROT,3XO7MobPB44ZrvjTDwSCos,0
Life is a Lie,14UfWmYJybiwFLeG9X0VBL,277
Mumakil,35V2PdmNASzJV2MkOhWpZS,667
Kadaverficker,57NjjRyPxXEoEOaDd0qjXg,880
The County Medical Examiners,0enGLMpnw3qflhGPNB3B2r,734
Axis Of Despair,4cym1nDtCo2e8su7bomBKc,163
Vomitory,67M6JBe7t7hZTDbrUsimqm,22900
Lock Up,0AKZrsOYW77C7QW1jzdhNX,3300
Lividity,0dOmn7N6ne7WeBWd4jEO6z,5600
Expurgo,6wOcUISpyZyWJ1QngyEb7G,0
Tower of Rome,666I9BuMMt2btdD9yAEGXC,6300
Brutal Truth,4TvgUScBiJZP1P9V1tmMPi,26500
Painkiller,4WQ48TveTdBILkxxmYyd4a,5400
Unholy Grave,4pZXmmD4FgISAV8GlhfEHi,2800
Afgrund,2B3393sT5fqraa7jo8GRBX,385
Sportlov,21XfJHe0ObhUxOqeWhEJYi,896
Circle Of Dead Children,1iPEcUkq8NxlFjDIr1Keri,1300
Five Finger Death Punch,5t28BP42x2axFnqOOMg3CM,6800000
Fear Factory,74Hj7BmnUXyx2udrIEIKwX,832500
Pascal Junior,0tiLdJPvUi6sHN6ICDdDgt,2
Dj Vianu,20UG9RJ4pMncdPXRgA8mrl,192600
Max Fane,11yLpRZDC29AXTaOac0lni,104500
Pete Bellis & Tommy,2yCXS70BMsWAebyvC1j6E1,294600
Marc Philippe,0U3VVYAAivfifX8Dul3vO1,583200
Sync 3,6eLyI9Oody0ryRmcaeiROJ,170900
Ericka Nascimento,3T7jWouy5g5iXOJH7uI0ia,98000
Jefte Santos,4TUiqi45gTMNEPsqhFrggV,315700
Luciano Claw,29cOjdDdQXsONEsNqNixeu,29100
Sarah Oliveira,41y67kzuqyOCphn9Aj5Teq,275000
BRAVE,01KDvLstg6DnLjN8eHnTUY,326
Costa Mee,4QxJy5AzNEBFtL1Fprppp5,325200
Soulfly,6159IBm5gLPwG4BcJXseXc,684000
Talita Barreto,6hCE1qcuALXMkltFGrEM6Y,14200
Leidy Murilho,4tld50GNxSiqbzRGRi5nwv,28900
Coral Voice Soul,5eWpMhRiMVQLLxpn28ue35,88200
Samuel Mizrahy,5KjzizwcrrTujTyKJjmyC7,20600
Felipe Vilela,7oDJQjouTE3FiFv2TXUxPp,128199
Nic Medeiros,7z4f7gF5I8R1ZQVPao5Tts,12900
Coral Unidade em Cristo,6zlDJeDRmtpghP6BfmsSRt,0
NEVRMIND,09apxys93rFK3x28ufjH6w,159600
Serge Legran,1jn5LKVOnE3OsPua2JfKPM,64200
GeoM,5Jz6BO8BnsuARSdU6egltM,143500
Mudvayne,2Pfv2w8a20xzC7Dr7QXRqM,2000000
Black Label Society,0zfT626RwO6zN3RDYeRit5,2900000
RoelBeat,666dcGzCMhB4QfGw6BPmeq,81400
Goodiny,29uNoSxzKVVSeNUz5xK3lU,4900
Burn The Priest,1PU8GCUJdAoWyWM9aL3bJI,72400
Nikko Culture,08DSJJgXCbLcuMU5HHYsFQ,109800
Suprafive,2louipoTEuHwO4gXQIHAMP,164900
FLG,7xf7H8QcLCbhkCTBngAhFX,20500
Binhu,2nHUTqOWnonUf8hmQBmAgE,0
Zeni N,18MdCa6sJKKOf9JttVCdUC,319000
Rodrigo Mozart,5CxtmXtIFoBqENS9NCQGCD,42500
Juninho Black,7490EMVm6pJKGgsrOL3chR,63000
YOTO,1oFSLlpB3eM6V7Ka71a8Lx,33400
Anton Ishutin,0RhuWNLtoucVMRmsSkCgWl,235400
Daniel Araujo,4Jq7MWwjAEjcBI7TdTtCYg,5500
Note U,08M7cU5Ybsc4QpuMkErYXU,131100
César Menotti & Fabiano,08yxJfM5RnFAjJvMJIFnvh,2900000
Paulo Rogerio,6kqHQqg0nRzR5NJUEFSfQR,12300
DOWN,1m0B9ak05G0jqDY4ACLhQu,386100
Stavros Sounds,6mpeyfKJNPPrOKToh6HIkJ,30600
Stoto,41kcR4JVrpn1xifg8lM2Fu,1400000
Rogér Fakhr,6UFqtFCNxhYqsQ1QRF6HRd,220000
Toly Braun,4eBoQy51SgHD7OCPJ59Mf5,126900
36 Crazyfists,4ijGLY4dzlurDh7jqH3tW7,184500
Spineshank,6fmbbxNvgHkglIakp1Wrv4,282700
Lívia Gavazzi,5WUjTCd0mYziYWi2ygroJw,0
Dimitris Athanasiou,04BBCjrKMZI5U2wxRFXHmu,107200
Bira Santos,4ZjwX114IpBLzt2veAIZDM,7400
Música Legionária,1K8m2SYdmpAHFe54dt5nZB,46000
Carlos Eduardo,7KuXPiV6eFvXjyseedTPxp,9400
Aléxia França,4Mf8eq3vKfsKTNANngaZIT,9400
Matheus Bird,0yG6fRFCQHmQ3FFACHMnKP,2600
Melk Villar,2aE9MDAGfmKUGmTTKWjKCn,1700000
Nando Fortunato,4Gh8A1RTrjAlnz5pj4Y0WG,163600
Sephora,4YDM3AMafLpx6SyQNM4xB7,69
ALEXANDRE APOSAN,5aqyG1NWZsQ3F1puhd9egt,88600
Paloma Possi,322iN0WHlqAkxvgRrYpikS,111600
Samir,1BryIZa6szbzFQnyjkLNac,939
Xandl,3kqSSvsZnpZwKRAm2fdygw,29200
Ivan Summer,5dyx1Hb3k2tPRn6YCOeppZ,7700
The Cactus Channel,5PvWhPEu0aTeImd5QVTSvW,214600
Kivitz,7sua8S5Zjhkru2Ma50lfHL,6600
Chimaira,0kO2SRhHlmMIeyJHfHy3c9,169100
Asaph,0ywpM2udv1899oE3xEJwbG,206
Wandra Scott,1kqhh8yRhyCSBtyUUXdvaQ,0
Robson Nascimento,3rd7BCaAWyKxJFKiSjlxdd,32299
Fernandinho Beat Box,05LPSp743MO2geOYjoA17i,11900
Damageplan,4fE4Bf0MM6lMJpHiHniPuW,255700
Sako Isoyan,39F1LgoPxb2sZni8cFwRwj,140500
Irina Makosh,5D7bOKOVHkVi6feqyKi2PE,1400
DJ Tarkan,1h68MYJ2aAOSDF8KBNkYxj,104900
Yalena,2bwJzw1NhLRAZj7g8UuGcV,137
Erdit Mertiri,0WvUIwJD7E9wIwYFKYEdY4,142100
Housenick,0c0nrn7dmEqf6X7m0j5R6a,167500
Coral Kadmiel,0ULAW9exH4PQHAtgXD93DX,44600
Cold Blood,0q8LQM9bH2uGZ9QvA3NeZO,12800
Biohazard,3nhxXtHwC2TookQyqQlFK1,186600
VetLove,3TH7JRzbFHFZ7hBr51Jukj,73100
Mpirgkel,4Xd6tQRiGab2gWhJdN44G4,104600
Maxé,5t3o8GAB9zNNhChuX8sa7L,34500
QUIZZO,6usfYAfW628bhvgAJtICYT,12600
Dave Mustaine,6jhdkDXD8A4iI2pLpb90QC,1800
Kenny Wayne Shepherd,1riHqX633Kup3mJAw8WR8p,982000
Brantley Gilbert,5q8HGNo0BjLWaTAhRtbwxa,3500000
Brian May,2NcbLU1bW55eahD0UgD7U3,436800
Raphael Dias,2dGJKpP63Gubh2MilU1SQO,16600
bloodsimple,4APnCNlupzw0eNxRIjSM45,98700
Ahmet Kilic,5OyOddK42Hm0pENFDWxn39,326400
Adeba,7CJcOdhCh4n5AUdlqH76PM,0
Akora,6n4LbMsm0XZmPVh362smaP,46500
Mike Stil,4J5wla9qff11qi70fQC5a2,36600
Yam Nor,6XKXUJpbfTk5PCZyi1SJhL,36700
Alexander Hristov,0SU4QN9J3oyKwG50s94jQB,17400
Julio Cesar,4NZI66JikUHYsj4rc2y2B1,776
Sarah Fernandes,5gstQUlr9QIQAVDRgja6Gi,10200
Riverson Vianna,4DYzAMk5cxRH2EkavJqDhN,22000
Yuri Costa,1n7EyTxEXSyNWoDriVHtNt,378
Entretons,49SMfgb279XJeskQxZm5sa,25500
Ageu Soares,62HaSQvXOcBv0vIBnzt0hp,96000
Anagramma,5jOndJZH4kJQoIfPE6LbaT,92200
Kenno,4fPQVQAFiRySPSBTpr68W1,41700
Nesco,3j0OYwICzUpiw4VAp6ivuD,151600
Mushroomhead,18absyD7lQaXUDBXnyzU8M,491400
HELLYEAH,4hxDvVq5t8ebPYPdBl1F9f,680400
Frey,5F96KjVVl5nnGRkXs8E8Za,316000
Maria Brink,6W8xq7TXME3WXP7c7LMWBR,179900
HØNEST,6Y91X7jbKQelZZywc7pcug,7400
Alex Spite,49IVqkiOKOwOC4oflihXvO,63000
Misha Miller,3RyCLaPoUBr14rFufZ7Gnp,434300
Helen Engels,55YJZs3MkULE9mMvH6MTtM,15
Kiismin,1FbUnq2UlNRgUmpMx98NMe,4800
CASSIMM,1dA7pt23MNLlDsLpABATtG,541000
Cleverson Silva,7I3feFPmFfXc1CizAxRJZ5,55400
Marsena,3MVA7SeqC0Qh8NsGoYXwd7,1500000
Sistek,7AfIBbjDpPR6FlLWLsAcHu,1800000
Mathew V,5XG2NyvMVgff8ZAeKWX8yS,271100
DJ Frog,6QNICF5q9tAnaEMcm3Sa79,13900
Mastik Lickers,4v0WD4FQ8lDk6lcKR5IATN,232500
ZAPOLYA,55zK8WpUcGbdvtU7Apjeb7,6200
Acid Arab,3ShO8tPKqXUUpOA0urOWW7,239500
Hasan Minawi,4u0zpg1BfUbbUJmSzcx0CL,17
Osaka,1alHoDKed9iaWKNqiytBaF,230000
BRIANNA,3q1xAVcUquRc7oCZYLLIvZ,262200
Nezhdan,2yLBhj7uI8jpph2zxVaVBa,116300
FABER,0k70gnDBLPirCltbTzoxuM,426600
Niko The Kid,0FPoqGEZFwHQfu5tRPL08X,123000
Ssol,0r1nzP20Iambhd9ubmmkQJ,22500
Zen World,0RvnlGdSlESPQFBKAVYBBo,8200
Ferjo De Gery,2cpzqDC5Jb4OcwrzUgPvFb,36300
George Mensah,3iSq7kYQOAjugsv9RjCFue,38000
Toyboy & Robin,5vJKpAzRCVrkjgTYKy1fDG,65400
Jamba,4zWL3W1oozniCtvkWGJzZu,42
Prong,6SER9tY2pDIDVWVf5Ql97B,207900
Killer Be Killed,4JNF6YOUi69O4zAdwQVGLY,126700
Coral Resgate,2ilKKSEn9ukWxzYPeMdwta,135600
A-WA,1EK3SHXyGFZsuj4vrOLhAX,54400
Maxi Rozh,4RWZNgSRqt1MJZQQ9pK6Ao,25000
DJ S.K.T,05z4P0nQO00HG5WeErugd0,962000
Topsy Crettz,1q1LbajtP5EnODflcVdADE,184300
Svet,4tmP9ZUyjTRZgjCnooFUP6,187300
Everyone You Know,4UAnAM35NDxEWd5WXKv7jM,339700
LUCATI,1VhQyb3mj8IBSmFSNvVeB0,29
Pete Bellis,1iThjj96JuRTRc7dL4rVkM,40500
TOMMY,5Zh9fBB6559ArqkchwWcBU,73000
Redondo,3T0HSMgUpuH1hXbT1JPwQF,590300
The Jimmy Castor Bunch,7E5taE9LniGvMzEHpiOupV,67200
Corrosion Of Conformity,1BBIIH0h76KN8gYeXFcPjR,339400
Pedro Schin,02nGZOh81jqa9Oh4VfMn9P,9700
Flirta D,2G9VTaPA12WZVovEImUtsR,63000
Beave,4hdzhylhAgcDNgyyMTNQaS,604500
Tom Ferry,7nLgDxwtRUTbagZKa9aaVA,367600
Sylvie,2dMgBYE4vKPnYn52SbQcur,242
Eric K.,0y47OVv8QBtMXV8EU60jJo,23600
John Reyton,5KShkz1XkwqTHAmSyoPwR3,13100
Hamid Al Shaeri,7u1V0Ucu5ggW1VaXwh8KeT,696900
Nadia Gattas,1q5bqIr1FUGq2545aJSmlw,83400
Googie Rene,41gR7Ifqu8QRnoTHc0QUwq,38100
Blinkie,0nJcDqY6ox4kHB92AuRA8j,459500
Celina Sharma,42daDEQTdYaqtHG5sH5HMD,618600
FooR,0TgZuVgRBjg6iLkZafbfmr,345600
Eddie Craig,69IpNz134fIjeb0E6E8M6X,36400
Diablo,38cfgJjmUEknY8JKyFBipW,94800
Ádila Mizrahy,5f5m2MqtqvrUs7PqPaevkK,207
Torren Foot,7lQOxDl96wmNoqGoW4kgv4,709200
Glowie,303SwmjLibkh8OJH5xxZOM,10900
Shermanology,4Siyzg8kWayQfPQsPSl6JI,1200000
Eli Brown,5lVNSw2GPci8kebrAQpZqU,2000000
Burak Cilt,7M7oTl8MZ69Y0fwL4cgoSn,33700
Tolga Mahmut,75pkpK50DhsEdZgYnlYHU0,31300
Nevermore,1wUArE0NhHB8M1bU2WSplY,102600
SJ Green,6Ir72r30qLBL7X3D8P2wkl,0
Bissett,4Mgx5TSeuT3wJwZYu6T7t7,107600
Endor,6F3vLfyutkUhpM50G84eMt,3000000
Butcher Babies,6FcvjJzvxgybo7Ywsj0hRj,265000
MY M8 JAY,5FHjVL8Q9x8iWu2ejEulKW,0
Alexander Alar,4OfOyERIlrusog1D6Ue2Po,11600
MIRAMAR,3k82PYDubczJwreL2AQGDB,0
HBSN,1OCsEzH6zkqTS4b9UDNZ2O,66500
Dante,2oxJZL6XqWppORIFAiQZ4V,705
Sharapov,0I3DQVcZQqBIIVxNtzqaVW,180500
Patrick Hofmann,5rDo6U4yJGDuypi7G25hvx,9700
Dots Per Inch,20BQJA9TcJiWM3AWbMY7wl,53300
TS7,4EV6hgVc6KD0SFOIJJLFki,406800
Lushington,2cpt9jk6cMovY7Nkgy1qTu,101500
Alexandrjfk,6T0j0QqWwRvMLA9heSHxPM,932
Paulo Zuckini,3bBCa94YSS2EglhsrpuMh6,12000
MsE,4xlPtLmCHbC6hil9jwGP13,339
Sean David,7cLO4b7iKYpM5i1jbl6HiR,1900
Last Midnight Train,0FCn2d0GFZULgplANUAG7K,185
My Darkest Days,64g59lHsc4g2jMFokrKDGW,2000000
Soul Asylum,6hhEO9IpyxedDXPQQfEdog,54
Daughtry,5P5FTygHyx2G57oszR3Wot,4800000
Stone Sour,49qiE8dj4JuNdpYGRPdKbF,5300000
Theory of a Deadman,74eX4C98E4FCrAMl39qRsJ,3700000
Alien Ant Farm,6TZdvF1kFzwnQLgHQynzsO,3800000
Page Hamilton,1HnPX6Hyou4IeAb0GlQYFk,228
Rakim,3PyWEKLWI0vHPmoNrIX0QE,1300000
Tonic,1JtGTGH2IBdm5z9EGEC7W3,6500
Otherwise,1OVyBGCKn7vObVIVPXcmLa,326500
Matchbox Twenty,3Ngh2zDBRPEriyxQDAMKd1,9200000
Puddle Of Mudd,3dXaa6jwM7B52GZpaJEIr5,8199999
Collective Soul,4e5V1Q2dKCzbLVMQ8qbTn6,4900000
Finger Eleven,0niJkG4tKkne3zwr7I8n9n,5900000
Trapt,1UdQqCUR7RwB9YYJONwbdM,2900000
Aaron Lewis,2t2XKfWKLXpFIjFwy1K8wx,1700000
Red,36aZEuHVpAVSLRdghfC0Fx,5
12 Stones,0DrXhci3WAyo0WJv1RBOG6,424000
Saving Abel,2AVVj8ezW2mJ0v8u7XydiF,2300000
Kyuss,3HCpwNmFp2rvjkdjTs4uxs,611300
Cathedral Bells,0a7RruzBySceAPGfmFZtQ2,166600
Filter,01WjpKiWVNurV5hjIadB8C,2000000
Temple Of The Dog,0iHb0mCbqZTYeb4y9Pirrd,2900000
Chali 2na,1ZJlXFkFDBsjSuYyjVcMkk,443000
The Alchemist,0eVyjRhzZKke2KFYTcDkeu,4500000
Crossfade,1IxvJJARU6oWPXJKsPgSR8,0
Velvet Revolver,7CHilrn81OdYjkh4uSVnYM,1100000
Adelitas Way,1ZjAT2nTrzDIXFfsQ2hWJk,927000
Days Of The New,07jc1IMGtecDZzOL9cP50t,1200000
Butthole Surfers,62BcWP4fzR8axESibNQEhs,1700000
Our Lady Peace,1lqW59DUEKqvcHc8mVWBtH,866400
Aceyalone,7CaUk9xCxdXAmmqQn3PLR7,46000
Chairman Hahn,6glaZ3qSwdXqln8g8JpYzr,172400
Jack Joseph Puig,30I8GIK3UqVyAg58557mdJ,1300000
Stephen Richards,6jaJgbl8BJZrNPSki398cF,0
julie,5PTC90Djm2KBfRkxiZfCgh,49900
Submersed,0539gq2LM2VDs01rp8gnGz,256800
Grey Daze,1OPyWvWWkx18pqGjugyxrl,182600
Jet Black Stare,5IuQE5ZKoNOwNLKp1kYv0H,48300
Egypt Central,1d5wNTZ8WZYE5WuXXjug9w,530700
Pop Evil,1pRaG81GsVtaTBuVSpldt2,1300000
Daron Malakian,2MqLs2L4iNhAUNwJQwjmdm,29
Gin Blossoms,6kXp61QMZFPcKMcRPqoiVj,2400000
Badflower,3T55D3LMiygE9eSKFpiAye,707100
10 Years,0REMf7H0VP6DwfZ9MbuWph,1800000
Zakk Wylde,1AeC9AuzqGc3IXMC2T5xny,746900
Lacey Sturm,09LCTrVGnMsGbxexUFJoap,400200
Chevelle,56dO9zeHKuU5Gvfc2kxHNw,7700000
Sixx:A.M.,3886aFez2HDLkio5tUzmP6,1300000
Corey Taylor,0nhDd1RWjZ6SDV1Vg1Ku2Q,1800000
Joe Elliott,5Nbg0g30EwMpYD6jQ2xcfX,54300
Ivan Moody,0IkXJjOYzNVtC7JByRI2cD,2700
Slash,4Cqia9vrAbm7ANXbJGXsTE,1400000
AWOLNATION,4njdEjTnLfcGImKZu1iSrz,3700000
Tommy Vext,3tgBwjfL3ycAT49VVpkfnE,140000
Silverchair,4iudEcmuPlYNdbP3e1bdn1,2000000
Mike Shinoda,6xBZgSMsnKVmaAxzWEwMSD,1200000
Jonathan Davis,1VW5tZ9pmSb2rG0GmSELwW,163000
Candlebox,3R6c2tWDBeYB1GncjLMn9n,3200000
TRUSTcompany,21ALJSG7U07dShegeJQ2xA,542000
Teenage Wrist,79HbBkVgOVUuVhuTJ50pIx,145200
Quicksand,13apjkmJDhOK3RMhpi8pYd,0
Scooter Ward,2HHqy9faHNOR3lZ2w9uDQM,113900
Default,4nCzT3o7lMgCWBcmdwCMsT,667000
Lukas Rossi,419YiM0RHQExEtnMTMaIID,113500
Eve 6,4Eqd24yS5YcxI8b6Xfuwr8,1500000
The Verve Pipe,242iqFnwNhlidVBMI9GYKp,682000
Toadies,2QMMktUMtwMSwUZATX1cRO,1100000
Shaman's Harvest,3pigXV2QUatr3szcb3MacR,533700
Better Than Ezra,4UuoJfJ9UybJft7a8E6UHX,1200000
Black Stone Cherry,6WMo39FU3nrpSz3qMgRKug,858900
The Exies,5V5NZ8y72BgxpB6rN4XxtI,353500
Planet Asia,7dGfoIWAb0h9eGpl3vEkVo,78300
Rasco,3W9SDpMLYOSVYn5zIqr90j,30300
Phoenix Orion,4Zz1RuMOwTXPsTGSb6O6vJ,227
Blue October,1TJbmc7jTpw78GKCiMpvDh,1200000
Violet Soda,3Snt0yYn8xqelkIyqcZmZD,3700
100 gecs,6PfSUFtkMVoDkx4MQkzOi3,1300000
Adema,3n4ersmDo55xV4fPSCKpXb,330300
Balance And Composure,2fgl3me4n9diODTrVfruF3,208700
Dx Aneurysm,,
Marcy Playground,7AQzXO3NPNQsI7oNu5rC3r,2800000
Cold,0Gw3a3BkWLwsMLFbOBmo6Q,624000
Local H,415JrPfN7ukaTu8JV8BLE8,2500000
32 Leaves,715XMXJPxYwH5YpplEHV2u,60400
Ashes Of Soma,3Zmtbac09hWTCTzlhPUX3X,9200
Caroline's Spine,3l3Ca1KwSm9DmKQXf2VAwK,19900
Buckcherry,0yN7xI1blow9nYIK0R8nM7,2700000
JAY-Z,3nFkdlSjzX9mRTtwJOzDYB,47600000
Superbloom,3xdggitmc1vFAChxAwhIIL,11400
GLUM,7865YVP7jBUYFG8x4Sm0MI,2
Glare,2dXj6aC3DsxoTDyhk3u4gl,826500
Downface,5mhzOmngdC4RpOGjerls6D,23200
Whirr,1tnjjbgszXYa8BbyTzwM0w,869700
Dishwalla,6F3NW2aC9Sni1FH7QPSLvw,1000000
Splender,13C1r67pHZXIokdommj2dF,102100
Mad Season,0T7JQxpy1Li93vLNirbv0Z,744100
L7,,
The Nixons,5n3dkXwwvC1w42hp5U0Qxq,94100
Taproot,319rafipfKvd4cqaOwWIvA,343700
Seaweed,4jzHHEC3qk1j4hnIWPUnsu,36700
Flickerstick,4L9a6yuhdvWN4ffJr51nUW,6300
Failure,3grvcGPaLhfrD5CYsecr4j,271000
DJ Babu,7LSCBbEAuCqQqE0MGszyKl,20700
Evidence,6VfeYClQyVUCPJdXb9jl3O,240700
The Veer Union,2WQQRKpu2PMLsHSrUJmyCS,238200
Connor Questa,0IvAbC3tfOhh7nPDuK3jVD,2100
Dinosaur Jr.,267VY6GX5LyU5c9M85ECZQ,871300
Redlight King,6hha7AM7ao3kNpN0VwOXgD,196900
Screaming Trees,3Ukr3Ufjg8ygRJv7Ww887f,349400
Veruca Salt,2QwJQuBekTA4qF7N7uLHDP,550300
Mother Love Bone,3XR64HmFo4OvexUUNW7TP0,239600
Ichika Nito,1v7B6ZWa7QRQS3knn3Jvf4,264200
Joe Satriani,2yzxX2DI9LFK8VFTyW2zZ8,515799
Steve Vai,32Jb1X3wSmmoHj2epZReZA,593900
Antonio Garcia Isaac,7IH9NOjltyAfO5HsuAt9W3,134000
Roberto Aguilar,454zFQhX3rYP52yNgyJWCV,299
Felipe Gutierrez,5X4o2CQ9BuNOpWss1sYI4c,421
Estas Tonne,5r2JG9bxzdaGLiu4cq9X9t,283200
Carlos Di Fulvio,4WUhFcGCQ7PheEvLvEnOdX,32700
Trio Ayacucho,3RRRYXxdsZ7IoFGDALJIA8,46700
Los Tecolines,3NnhZWS3bdFwcm1GPkzcNv,474100
Los Apus,0AFZV1o9URU4250NqeLuvf,33400
Los Tres Caballeros,0ou4IrIjMSANpaPTL8lC3F,600600
Yngwie Malmsteen,5DpSoH5zCXNRqYai7pmcGG,408700
Cuco Sánchez,1M1VkVEy3JGFFyPy7oKH2E,301700
William Luna,0iw0Jy3qkvqcDpGJvIRFRw,819000
Ksenija Sidorova,2eQM9blUQw9vY62tYLcpVk,105100
Studioorchester der Europäischen FilmPhilharmonie,2LQEXX6CkuQ3qmwVbq883t,4300
Christoph Israel,3LBQMLjfH1rDN06z0uLbSI,25200
Joaquín Rodrigo,3eqv9LW7ZXlYWXVFjHS4Mr,781600
Mr. Chase,40GymhzxJliXHzqaKZBQH5,3900
Kuana Torres Kahele,7Eshpryyi2F9Jg0ixaysNn,401900
Napua Greig,7ycscFAP7S0I6HGFaqmT4B,374600
James Ford Murphy,60vk2VjuoktubJq0FFguLK,384500
Josephine Forrester,3hGRgVdSwQQVheMJ6pizcz,13000
Marcel Depuis,6rWVhqYY4PMyTdfA48grAa,17800
Las Perlas Negras,26U6qpVYdrQQNMUPyblVPp,92800
Kiko Revatta,13biTRIVK4wnKZ8KVvTgRa,9500
Oscar Roland,1LPkJWKv7qfy9HxiZpW8rH,7900
Claudio Estrada,0LPTWTGEL7owKrYVeu50iJ,13300
Jesse Cook,0fZ2s0I6Gyt60JUJybaEZA,336800
Edwin Montoya,3owb5B5H82e72R5GJYSnwb,26100
Mikis Theodorakis,58EvYFzDGAQOmBpIOxujnj,327000
Francesco Diaz,0TUrppGe3q3YgcBnmYrgpx,70700
Jesse Rice,053e8lWzA8BFhruid11TKQ,147000
Dúo Hnos. Gaitán Castro,74pSnYkITpgS26sL4xouhZ,158600
Henrik Janson,5kIhxGyX6VtcsLk88dwYED,49600
Pepe Jara,6OgrmJe15LhZrdbRQxE2Bl,35600
Bill Frisell,3SONlwqLIP2GtaMh9pLYe5,169200
Baden Powell,0VSgciOd32tP2Yna1w4vDr,316800
Kenny Burrell,1sdyFmN4bVOcuFDpTVsxBB,405100
Maneli Jamal,3jvyO2jDkfBe2vuI6euFny,110900
Daniel Kaede,6aup7uM4yUHX9NLba0sxmt,60200
Los Amores Recientes,4gGcw7smf466EwjJwxp9VG,47500
Toledo Heights,1nxXdVa0LIKGjk0eLLRM6q,4100
Dieter Huber,2wdHPx6lvGu3MvTH61uvTi,419900
Azur,3dQBVcyYyooIelAojy1CmQ,26000
Kaspar Mann,7hZPqfKfcyqVgLOQ5vOGk8,12800
Ceriumidis,0TQDBKDiAKkrSUASMLOyDQ,93700
John Scofield,14RXohtx6NiBGFTW8IdmAK,252100
Dúo Ayacucho,2nji2w4ZALNxt7trq78nwz,58000
Los Indios Tacunau,2gWTlAKGj1i7eGnGKiLIvg,15700
Hapa,1kgik5KqDQaAt0YaCeCH33,61
Wes Montgomery,03YhcM6fxypfwckPCQV8pQ,673000
Dúo Romances,6kjf5UNmdzo8iP0OepPcKL,0
Duo Retama,12lOCts9qQhJiDDHEnao75,31900
Speedy West,5O6DkdFuZFvISHeiYAQAVZ,74700
Jerry Byrd,5PGYCViqsPlum357lDLBpm,24200
Julio Humala L,3kbivroQftDiJGGLwfwJ72,15700
Magaly Solier,2XftZLqhgVPUlCn4g0uBZ6,14000
Antonio Bribiesca,0c8lhCQOQYwyxzykdeOxgz,46100
Dueto America,7xHsb5jtYV8Il47FHWvcyO,230700
Istvan Sky,3ASrFORWae2H8quuvPPcdm,8500
Pablo Arellano,2fCPxRlyQuSwXH9UHX0w9I,4600
John A. Nilson,0jclSzw2eZAu8huZPEcOJ9,59200
Ivan Bielsa,5TSHZHmlAoFmP4EyKvwRua,71300
Peia,7fmsT5hyByIpjzMfgrhTM2,369600
Las Lagrimas,4CFUyjHnUwIb4SryCWffqN,41500
Fathomsong,3koJbZXIy6hN5sOp9OMZFj,691
Luis Salinas,6lfuGeSEIAZl1WlXN3lSjk,65800
Juan Salinas,32ivcYzbN4WWEeGAPmLtU7,204
Las Tres Cuerdas,6jXpHupMSkU9UO5HNpP30a,24600
Brasil Guitar Duo,43wX0pz8yybXaWJRqWmhhv,14700
Manuelcha Prado,6cR40PCkvUGZaRw1ZZ9q22,23100
George Dalaras,0eLU3EgFDZOFgd2Dwalfwo,334100
Eleni Vitali,3UYmA19wyTX7ebx0WFzhDC,158300
Eduardo Falú,3GmAEo2lOqrVb7BrHvUS5M,46600
Leo Brouwer,4PdumqEAuo2EQzukVWnxa0,192100
Zsófia Boros,6T9wLNtkKE8Z5GusLK6v9c,131200
Donata Antoni,1JTQHAw7cydv6H6suv2Qo4,6900
Howard Roberts,1E4UIKgZgGsuAZ4CFS0Cel,13800
Thibaut García,6ZgXLDSjEsWxgYP8MeLS1t,404100
Ben Glassberg,52P7S7AfcrT8ZmHaTWqXaQ,13200
Orchestre National Du Capitole De Toulouse,75ehLoOSz7elHefmAk5QWa,5800
Keola Beamer,3HH77UShAG2WJW5nBSjFdY,89500
Kapono Beamer,2iWov0GSruOKcRKaaq4x7M,55100
Peter Sprague,0hJrmpGu6IGbhJ4R91dbeb,973
Chamin Madero,2i6crsrnfZnUu1hdEEa1Z4,38600
Stavros Xarhakos,0upv3byr3DqJF5gYZcntAj,64400
Takis Binis,78kyF0H5dh140uPaL6mT5L,11800
Chico Getz,2PDfdIdjY7tHMa20yxpBhW,3000
George Winston,3jdODvx7rIdq0UGU7BOVR3,137400
Kurt Vile,5gspAQIAH8nJUrMYgXjCJ2,1100000
Mark Lanegan,1fpXM23IoNckJ7NDAm8YJQ,311900
Earl Klugh,00Nnsh2ykMBYnCDsSFGXSY,318100
Miguel Llobet Solés,0Ag2rHCb9q0jmQ6Jaj1GUT,77600
Suzannah Bee,2QUcpdV3LF2XmJEeTqJsfZ,5000
Alexia Mathieu,3Dxk3Um3WNsIymPO9EnUTA,5500
Jonnie Snoilsky,5ycCOf6NSQtvIFdrscOuU4,22700
Kenichi Ebe,39eMQUEUHl8VIeDZFBz6cY,6900
Jaime Guardia,3AxPEg0Jy5U5GvgEHsI43X,7600
Paco de Lucía,3h8OjAdgYXVRoMZ8jFd6Uw,884300
The Brothers Cazimero,7oFAub69yHYo7cJVlTK4Zb,27800
Cucuza Castiello,3JW0hQELXulJ2LmkPXJAgE,15800
Fernando Zenaido Maldonado,6eHRIBeC0Pc4OWz6vOvEGv,0
Marta Jobim,1mdSEV97zy0wyiCU8jfqwj,55200
Mae Ji-Yoon,7xt9s2tSwZnZrgwQh3kL1M,67200
Las Almas Nuevas,5LSP2iBRUfSpFUY7xOislt,188400
Anila Mirela,5ZyBxKhm8yMw8HCMWE5u3b,1800
Tobias Berntsson,1ATcda1cBf3inR0K5yqlU6,43000
Luiz Bonfá,174ThXFgQg2VCq9r3m8ceb,1200000
Serena Mendes,6NPbeRsuxTEwa7lMDnZLLz,21900
Paul Togioka,1eoRHMxHREH5lGWkHqvpfw,3500
Panagiotis Margaris,2UUloMjgTaoxRyWKK9mK0f,29800
Dúo Wayra,6LiIpvNud1hrTn26OA1RbX,5900
Leonard Kwan,07fST6bDoNpm9hg0tyKJA6,9900
Gilberto Gil,7oEkUINVIj1Nr3Wnj8tzqr,3700000
Maunalua,2xWcXBvJeNWFIfy7HghTIS,21200
Jimmy Pratt,0pM8SAzmMN7eosZ0s46vsR,11600
John Keawe,2TZpmk4X8XxdnncY10i8N2,10000
"George Kahumoku, Jr.",2Oe0KaKfSCiUssxzHRX61j,7400
Mariza Rizou,0YOHWBsXDveoGIFVKHkZ4V,182300
John McLaughlin,4v0R1feRiuCDch7aAheVhY,189700
Zakir Hussain,6DDCjHWtL6jTl1B5wG8tF6,76300
Anna Kitkowska,45Miu8OyhYvkkQBXhn0MfQ,23000
Tommy Berre,1JS0Gw2KxVFPmFNivcjmgt,98600
Denis Turbide,3Ivps5evkCqTJp50aqXTlu,193600
August Flendahl,2YdblFMUbUSxdwFNffi7ct,28500
Casper Esmann,6HAdDbfnR8PXoiGqU5cJeD,301700
Annabelle Kralisch,6I5g2izvQne8hDksMwrCLf,106
Noriyasu Takeuchi,2pD0y3ReIHmarJvDJ7VcTf,11100
Randy Lorenzo,34b3evbwuaICTdl0YoE7uZ,2600
AJ Ghent [ j-ent ],6gLGK4HewZQk0009RLQ3nx,146000
Pantelis Thalassinos,5RGKzOz28MArAdjtBu1oTS,185600
Cuarteto La Púa,7qVnSGHiyfDcyw9PVOnjA0,171
Victoria Di Raimondo,09D5HdKL76ITimuP2wW49e,172
Mexican Music Factory,3ofuI9bNKWZgszE18Gfijb,62400
Charles Michael Brotman,7CtFwDR8wIK0bVtpaz3x5c,23100
Robi Kahakalau,1qXPmO8voLWvytAkh7ffuP,34800
Steve Petrunak,1TRZYAlP0bNz0dZCbWAjsI,184400
Pat Metheny,3t58jfUhoMLYVO14XaUFLA,536400
Anna Maria Jopek,49MhEXYycGHSAmmy8GiBio,105200
Yiannis Kotsiras,6waWR57xXsgtWztHX1v8TB,400300
Sergio & Odair Assad,0LoblY351gJXeMlD4XjFm1,9500
Kurt Rosenwinkel,253GMpCNwx1TJtASNAeDoP,178800
Mats Bergström,1cK2dUALEJSsEGK3WUgruU,44500
Gabriella Vargas Luna,1P3NtjxAwU5gdEev4Pd93O,18900
Vandenberg,3hAv15rFpsTe7zteKhhJTx,66000
Lasse Ivonen,4FLrO7HeEPdqMGIzKZwl5f,24900
Las Tres Abejas,4AAGqhXf0H3FXHXkQzgLOi,15500
Robert Lowe,3b49QMfMlIl7C5PHAso6kx,247
Mattias Krantz,2CKTDIeA6PUIeHP9uuKiKY,10400
Juan Falú,2NjcVfg5McVYV375Fm0rFH,27200
Riber Oré,4XXOdQDRQiJ8NrvsQ9s8ti,7
Julian Lage,2TSuAchdgVzsAa9wDK1IeT,283300
Kostas Chatzis,2eeuEExvZ3psqhEa8RKTb4,68200
Jorge Cristian,5HlPfVI2yF8MWE8j2gyYaS,0
Giannis Nikolaou,3ViL6mPcc5QJ3HG8WlVcfr,25700
Cacho Tirao,78tiXC9u3a6PyQHB94GBnV,27300
Babis Stokas,77irFxLoxDu0DkBWf8mK0i,170100
Carlos Paredes,09QKM6TeXgj3h5sDrLI0EU,27600
Raúl García Zárate,7E6mAOwao4FqBa10KSJWbq,14400
Emma Shapplin,2nvXsWaHgwu3v3wsVJAEcI,22000
Helena Timmers,0B8LhZQbdtQPuzAu0cQ2az,450
Nik Davies,1EsgtNtQU8pnkxWyxeCgJH,13200
Hitman Blues Band,01auum1XBkykoXiQl6ynkx,3200
Moses Kahumoku,093YEJpuMtLbZIw1VL1swT,10900
Ramon Dona-Dio,2onS1woeVK5STw8eKF6x5V,5900
Sus Guitarras Mexicanas,00ktf3YuDd1hax2EiClgWK,2900
The Country Side Of Harmonica Sam,2h1yu5lZfADFN2OG7UvzEq,13200
John Pizzarelli,5Yc3oYPNlABAj17eZiNJqf,62900
From Somewhere Quiet,7rwEdsO6VoIZMiaI1uvZBQ,608500
Jessica Grange,7xuui1WSiqWO67RrcHAGJh,3200
Fredrik Johansson,7wKJfbyQ8YETfxRRjZv80m,99100
Pat Martino,4DlMMgnldzX6OkCskmeGKz,87200
Andreas Dalvik,1g7nSoa5dEBlJr2UD0CFB2,17000
Michele Leao,6FjXAOfjiavprwnGzY0YvF,1600
Brittni Paiva,030ma4QtsnydUwd4M2qXWt,44700
Liad Abraham,2Y8i0N5eDGrqRbk3MJGBni,70500
Agustín Barrios Mangoré,5cOuSl6E1SSG9oPcOYRZQR,144200
Juan Veronico,6srSERU4ay3tUEK8XbA2Rp,16300
Craig Ogden,07pZelCNTBK93CD474588Q,90600
Sonny Lim,4otxRB5EZOCCDu4BqCKtwl,20900
Barney Isaacs,4W6BPstG1HQuGACzWB99ms,15100
George Kuo,6nH4CRrx3sGTIdL29C3av5,19000
Django Reinhardt,5Z1XZyEFY0dewG8faEIiEx,452200
Quintette du Hot Club de France,6ufQwLbg8fB1I6aRQb3aUn,198700
Chamin Correa,5nbu0z9YPCdLMUr4OsiQ9w,128800
Guitarras de Luna,0SBE5mcdSjhXgCBmWREiFh,80400
Tomas Hilber,2pxii0UbnSs9vWOt4QcmHN,11600
Emanuel Nord,2Gq8NLA4bUFNMCLKB1kx83,404
The Stolen Orchestra,6J6enbo9vl8X1cI95rj9f7,5100
Mathew Joseph,3thJquMnhrDJ0dU06Jo9jN,62400
Lance Allen,5KFXAufcOTSKibMfLnmyYC,258399
Manuel Silva,3veGXs7XcrbV9Z9kM6xeSi,8700
Gerardo Paz,6lQrKlh4MrZ0XeTfFAt4Ik,4100
Robbin Blanco,6fA13H7gAI0P7AoiaNIt5g,80
Andri Hart,59R6a52V4bd0isZZXpazzL,81000
Sotiria Leonardou,5QMiopkTHMhf3jhmLIzmgi,3900
龍藏Ryuzo,4dikuyQ9LHupyUxBEdb032,5100
Nelson Gomes,1OSiaLKfv7utlBDRS3Qr31,385
R.B James,2DUG73DKY1Km2VX1J866f1,86700
Regina Costa,5HTYfcxPnPgnplg9GvUIEr,52500
Laurindo Almeida,5PkDpzWMZR7Id1vldhF8Qk,872700
William Chapman Nyaho,1MdLO15sS1LDVswSIyOXzo,29200
Miltos Pashalidis,6VzFvK9yRRZkT0L8kMmOXV,346200
The Strings Of The Inkas,5IvgHIvVVCT77omikIYE9O,17100
Antonis Kalogiannis,4X0fWboYlBGU75OxT9eNjG,35400
Nikos Dimitratos,5sMXb9diWs3iSn0ONXIpOt,9300
Allan Holdsworth,5CK3a77IzCSHjNqzRcbhuG,41100
Alan Pasqua,1QDou4hCker2eGblLzIq80,46100
Chad Wackerman,3L0mpjwIigLw233miBhjEm,6600
Jimmy Haslip,5ngGllFz8UMTMeazVphrPb,13500
Midwife,5vjIHa1u3TnOlDvVDR9qQa,30100
paniyolo,3HXP7bQnSqzXn76CRDRDnr,54100
Felix Trapp,,
Yoshihiro Koseki,5q9eSLEXZjJAqPLolQgvTA,23100
Oliver Young,1v27VC8z9CqB2tpHBzZ0xv,38600
Bombino,7s4I6rDvTcdBDKElVbtsAN,110600
Viktor Kvist,19oyVUF3vGLiYBLewX6mIT,105000
Patrick Saussois,6Y5iJZwGHMNPPJ9y5FMA6E,36500
Ninine Garcia and Friends,1sDTFUNO5HJjRAZYRFjje2,5400
Jeff Peterson,4HRejMM7XP1KHouqaCrCd5,37300
Ozzie Kotani,142rlGd3piCJQf1OWRkywk,31800
Petros Pandis,0Y5EqvxlSb7HbcU2x68ZgX,2500
Keola & Kapono Beamer,3EzISrY4SedvUU2QWGaH4f,31100
Al Di Meola,3bBWKHfpepPOychRNFzg4q,251900
Danny Carvalho,6PWUZZrHN9MnFaqEy6M20V,2200
The Maile Serenaders,4bVRik3rG4YkBYfv5RV0QT,7200
Los Poetas De La Guitarra,4tJogcL5p5AL0etHNAsxbU,24200
Lance Takamiya,7FaPxwleV4FLc7PRiyUYmS,49500
Pablo Briceño,4SoRek2FECACQBVjfhZ3sQ,58500
Allan Soderbergh,3xqsMFRhJhUFZo7ktD34rU,81400
Tyler Terrance,0zlPwa6fDx2ICOMDWUzTA7,156
Marc Holland,466PtG3nrnzGJ7fdDIeqNG,14
Ahmoudou Madassane,5oQlmxzNKhiA2LWU40F6rm,25800
Refeeld,04VwrPirvx6CXRzbEjofQP,56900
August D. Valentine,4MJYe0nbmZr7ty64T1VGoN,26200
Babik Reinhardt,770iqFnZSU8y1Nqp6PcfbM,50400
Gilberto Puente,1OBVE9oxvqZ5mGtUUR3wVR,14700
Cindy Combs,4GRqHgkJshaKVABJgR8nmT,11000
Jean Pierre Magnet,1Bgx6jjrqNxOkhLEmzPlgf,28500
Serenata De Los Andes,1cCo64imLgutb5hO71kQ5y,11200
Carlos Moscardini,0yTPyCny2T9VZmIrPvfIQD,11400
Paul Gilbert,0oynDjhuSJ8VG45mnWgSrX,175
Charlie Byrd,0i5yrKtlP4URcRBXQQwnik,505000
Stochelo Rosenberg,4pTgWOAUPDXSB5c5xwHVM5,26600
Vicente Amigo,4uo8Bp99zyj8HQW1ynweoY,321000
Pepe De Pura,6EnbSLQ8SEKI8efsOda3PM,51
Stan Getz,0FMucZsEnCxs5pqBjHjIc8,3900000
Jose A. Jimenez,0xvewnnMqPzTwjtZmcqScV,1600
Atta Isaacs,1J4lQsgLjZukuJ0iB5hqAk,3600
Christos Mastoras,1XlTr7C0vwBmlpnsN8OMhu,546000
Hanni Licht,1RWNLVpTjMKl8MCFV4SUma,51000
Emil Kjellbom,2TayYO5IdC6HEFKFOFuafE,32
Jabron,6Q5LFAvhBIqwbub6UCytZH,1700
Moon Guitar,2nvKK4Tioprvfztd0hbEQz,6600
Joni Laakkonen,66o8JvYzOQwOAbP47axGbb,26800
Jimmy Ponder,1h0B9qSHTL8KpR045hyUZc,19000
"James ""Bla"" Pahinui",0d6HYe9VuuQnQK8tNxEZg8,5400
Xuefei Yang,0HTpLUNPRxYfmKRrnluHfq,82700
Raiatea Helm,3OmAmym7dLlhFhpAYt3bNC,17200
Charlie Recaido,7q9rKEVegrXvuUuP5PbyEW,907
Kevin Teves,0ceGZ32f9aMVMc7Ldn4GR5,1200
Kostas Makedonas,4RmCe8hPJC7w3SBku1VJ0W,160300
Marc Ribot y Los Cubanos,0aVPwrDujSDLB36OiLfyiL,315
Eiro Nareth,11PrkuPIEFQGohFMb3s7Ii,12600
Andreas Borkental,39r4N8Uojn27VzGTVjYfdV,4300
Julyan Brynn,4M5Z3s7BTxyZuifI4YWp6v,10200
awakened souls,0rZWhvBtGN1KqVD7mKnwUU,22800
Hirofumi Nakamura,5YXHeL6ydbKGS0MTASHC40,1700
Riber Ore,78sSJX4CHsSKggJ6FUaRu8,8100
Duo: Ramos - Monterrubio,22qABRiNfRlmXEaSVX8mI3,19000
Steelism,4vsRWAlRRT40g7LjHiUMco,4700
Ruby Amanfu,1lpu6LF7kS0bfnu43pi2u0,172200
Oscar Castro-Neves,55PO0aYAH6lYKr0SqYR3Z9,14300
Lalo Schifrin,39iHRO9MH9To3gjW7wqaW1,190000
Marc Ribot,7jAeRfT8LYCxydM2Y1Egvn,136100
Los Cubanos,2IxTI7YzL1d2MhS6O1CJMj,5600
Vinícius de Moraes,5HlnN6xF2MD87KhGRmCRTd,2300000
José Luis Rodríguez,15YnmlNukYCFvwaFnoDwwV,2500000
Los Panchos,3Ker27Wbb9OcUHGs54JIAz,3300000
Rolando Carrasco Segovia,5hEnS4gYx1p6PdxrnpD2eI,13300
Julian Bream,6vjF8XdNoqVRj5G021FBM6,156500
Whalebone,6WLL6dCX9IYx5p0H9oBUWV,3
Randal L Meek,7IbVTpxbYawdWViVedEJIB,17500
Ken Smith,2tbV3xmiZgOg6ED6oNGbOi,200
La Rondalla Tapatía,19GXii1I5Ka91Wpls2hP28,9700
"Jim ""Kimo"" West",51aljngqSf5fmjeQEOXp0k,44500
Cyril Pahinui,7wsc0FqwFJpSWeSjuBMBJ5,24500
Narciso Yepes,5JGhqXGzv9PQznmDxauQ9w,102800
Rare Debut Recording,2bRdoCGka4O3SFnhJl7uql,0
The Red Album,70r4kS6QOCWpeCRH84VPyu,0
Slack Key Master,30llHqw6GKsYw8LVT968kJ,0
Slack Key Tunings,6aeLcgZzQpIbwksMXBKPuf,0
Lito Vitale,7lw1BVWquad5hKtDPU26JG,369800
Ricardo Cobo,2ZUkl2dOuX7HxRgG390dAC,20300
Sonny Chillingworth,6xzksQA78p1O6EJudUThEA,24100
Ottmar Liebert,1AhYnfs5mzb3ennyLFXlYD,226500
Benny Carter,5dlCVmfRbWVGOJYHzGyk32,256600
Oli Bloom,7vlpBGqjj0b2Vmrf1i4Bpl,1500
Ken Navarro,6qA8zAyPYgmtPQtQz2G96a,137000
Mac Lawlor,0GaniHLie4Bik5osPQxfM3,6300
Liam Stoler,3siLaFiKTJUQKTTkUS8xaR,1200
Gontiti,3ievqKQoUyxShe0lOkOVPl,0
Felipe Moreno,6qTkT18aBB8aVsuktyvzkj,1300
Nancy Manchego,5EKibZo08tavSyHKjgsLA6,6700
Anita Fajardo,63S0122tPPQJZr1URLciB4,0
Jakob Bro,6slrkfC61k7yWM5Hl5USES,55200
Palle Mikkelborg,1BanDVpS18UOTBMdv5VgEy,26600
Thomas Morgan,6txzCcsy6ZKKKQLHmE3Y9L,55600
Jon Christensen,5Li0fvh4kEJOWbLYWfNrPr,146900
Quarteto Em Cy,177N2fB1WvNBCQ4epjMQ3O,1400000
Christos Thivaios,6y2DZ77cHtrzVNHafsRPZr,157400
Sinithis Ipopti,03BjxVmK17tg5lnnvRu33P,0
Antonio Biribiesca,42p9BFDd5aaf3TFETYjTXW,2300
Kotaro Oshio,21HpfUqBSYSTMF20FOw2V2,32600
Yuuki Ozaki,6I5wmN6pwiACzmS70UhbHy,15800
Elgafar,2eShhXqR0oSFXxiD8cL5Nn,89100
Michael Angelo Batio,6yX3wacPyKAueKwOAjKT0i,27800
Mike Dawes,3B83ffT0B4Si3ttxzY9fMz,158000
Valencia Torres,1FIDJ9PL61hAFkpZPodejt,21200
Simon Kouskounis,4Eex8feGPHWyYU1K763yIe,5200
Miranda Boumedin,7EoXdWfRaaIxcEqlXjKmJ2,28300
Alvino Rey,35hCHSRgl0dhCYfgGb4bwV,5400
Jeff Wahl,3z975VInlGLspa4qHMmZwM,8600
Toninho Horta,1HQIztYT50mMS3PZR0qgFk,51300
Orquestra Fantasma,47j52E1tbrzt0TJM8sBdiD,12200
Stefan Liebert,7LGOFSl2uKX58bTuLC3fS8,27300
Jon Gagan,6yDe5qyg8ztmvBzujeJWhq,27300
Gary Lyons,3Wq8tWJd5KyAGv1xNlHqoB,27300
Louis Frémaux,0gYPvqw2BViDJAm45jOYPG,28000
The Prophet,2iRqqPkOyIvvb7qFZN1Onz,956100
Darren Styles,2gZzTzeACSwFqkMroVxmnm,1900000
TNT,7rLOY138SbcBY9Rob0sbbE,708
S3RL,11aa081aKYUzmeFm0yHdT2,3300000
Gammer,5nd7jnne7zbsV2J5jBKNOY,551000
Hige Driver,2OxrEwDhVZodk9XEVBkA6E,136500
Styles & Breeze,3VmdvdqFAX1F9kwV54xGMT,218500
Hypnose,2UBCeOEjEhqNkm6IFzVV4D,49100
DJ Buzz Fuzz,1Le319anB04DUKyvGrYpah,89800
Cixx,4iZXue7nPpJc1rjKsxtIXA,3500
The Viper,1ovLf87ytwpNoA4prvV8wt,328500
Korsakoff,1rWaCpcmmjycvD00Kf6YyE,256600
DJ Isaac,2FmgW6Jee0JQKtb6EnBWCq,906200
D-Block & S-te-Fan,6L7a6wPGpvLtTwOsMLnF1z,1700000
Marc Acardipane,2hyRTXUyfd56j4siLF4zJx,510300
Da TMC,3bF27zqAWnIsBIjYOrSghI,0
Dj Gizmo,03pNICpxvPxHdKNAykLzr4,45500
Dj Promo,2MCehXPnHYYaNoIPdzx894,6600
Promo,6CG5i0dfyqWIOrqFY60ooq,115100
Nosferatu,0S6b11xqvO6XOWZSukSjiY,195500
Perplexer,3nvBww8DIvSIQlIrpGw0Go,31900
Lawineboys,4y6ycmATEW4V7Ce0Dv0Hs4,243300
Hakkuhbar,6AKtmHSdAp7YUr6Z5IK9Mk,40000
Charly Lownoise & Mental Theo,5GLFbwgiU1YyAoQD8C4nvC,841100
De Doelleazen,29eApvaIcT7cT6n4uEhwiN,124000
Henk Wijngaard,0EyzZUO2ycn0hLjKDFT7Hb,384600
Chuck Roberts,239FYJjvsOE1bGL58BSVgu,107900
Marcel Smit,6uqBebHrjPbXEpCEgWmmM2,1700
PartyfrieX,1QXZ1BMJKU2dl2q6rDn1pB,187800
FEEST DJ MAARTEN,2ZgFza475Nk9BuZErAiBKn,122900
Tommyknocker,2lW5IbF53ZuYk98CZ2Ws2s,211400
Sunbeam,1ZXarwne5gA98pXsbC7vph,552200
Traxtorm Legends,6lnvS4m0vfeZz0L5jPhujh,56100
DJ Carlo,4xzJKg3MEN1JzNXVhJ9uVp,5200
Zender Obama,0RmxKxjJGZD9pXnONd30Yv,1700
R.J. Wielstra,1zMEDpkK4OzVFW6ck0niFQ,3100
S. Schaafsma,39E6cl60AWkuWUrcSx3JzC,3100
Pater Moeskroen,5Wx0laye9jwDsOQDOPmnWl,48600
Evil Activities,1Y1sNScqx8BPZceaO7LjTO,359500
Iceman,3gzWPAlCGiAxEJTneTepVV,0
Dougal,4Dn8TwLoOeWtznIg0LLWFL,383600
2 Brothers On The 4th Floor,5wsBGjgRsASMggXLPF7pYm,2100000
G-Shock,2hm4BYGieGFaze0OHYBV1n,1600
DJ Sim,212eWDnJSJIhfZiTC5yiQi,79700
Re-Style,2kK1cYRoYo24RzsHADtD0E,302500
Dune,1n2d67KIj3pWFzd3Q1GmKD,316
Forze DJ Team,6jrRtgFmQO5mQM18TvDuIy,54800
Flamman & Abraxas,1zgESwuTW49TiHoMgfgq6d,445400
Rotterdam Terror Corps,5vivlUC65oZCNqFxTue8rM,113700
Hardcore Masif,2NlA1EMKx0bqfQApl7wXaw,1200
Technikore,45mQUJrPyctvf2IhkVE0ym,131600
The Masochist,3pVWZKrvLZaiL0Bp4c9NRZ,23300
Critical Mass,5anwTbhEWgbOnZUs2GbuB9,144300
Party Animals,0vMVgeMxck5F8aUExad9GW,528900
Neophyte,2AfGElfjqXuSyUny7dsj9p,243000
Drokz,2RoJa2qF4fdyhBkVcl5pNi,54200
Paul Elstak,123hDJRbi4KtCdBaaKNHW6,2400000
The Opposites,23951Pg9PiLB8Uza3k12g6,1100000
Ruthless,0xMCuSqF7uPefaatWnEx7F,368500
Daani,1oKitXDww7YYe1D78bGnzT,71200
Weaver,0r2CfjmaWc0FMbbmsb4zgD,126500
Endymion,1dWCpNKvuNDv2rE4gCVNwj,424400
D-Fence,5WUnGF4pM7DerBF0GSivNv,666800
Jebroer,7jp5R1aY7kmwBYX3jIu9yk,1400000
El Bruto,3VnUJcozIFX36lN9iqIFEH,15300
Broken Minds,0b2rM3fXiBkA4c1SpSkoqE,199000
Anime,6lnEWBl7dhcA1FL5yqRHPO,207900
Dave Revan,6lnLf5Y8uD0mP5dC0gXouZ,43100
Art Of Fighters,04k0n1Rcz2MxqvZfioAOTE,61000
Nakatomi,7xdjiWTeSt3mqtS5Zv1d0Y,131100
The Sickest Squad,1NGSmZz3W7RduM185NLWdk,124000
Andy the Core,3GEDzLFDpKR3tsq72ZRTP7,110200
DJ Delirium,6MdiTFxjUJ8W2VG3KVSLVA,61200
SynthWulf,2mN2kVym4XSQpzWoV7sxC8,11300
NeoQor,7h6a5DQjsCBBEAQaWy8Qnm,3700
JTS,1n9qeXgQufKhjWdgKFd3no,35000
Charly Lownoise,29NIIAIq5CRkVuzkggpS0W,344300
Ricardo Moreno,3508HjNdwnzSespkyxLOUt,154600
Partyraiser,39cgo5SPJygKIlIcrwkd73,342200
4 Tune Fairytales,6fX5kSNgfOQbottWzlSDpz,114500
Euphony,0DJ1XEpsPsWZxrDuezxUUC,17000
Al Storm,12CfGGtVpvaQVgoQaFy7kM,38300
Vicky Fee,1ZdAYef0OB5B5sSwjbeVWG,1500
Suae,0pTJdgzCj4Wo6RwdOcGinx,28400
Streiks & Kratchs,4IeECou6Ya4wjPueZ8BZAV,4500
Mental Theo,3dOyTnBq9jKfRXJlJlddQq,144100
Kayliana,3G6siqYCWmO40U16g4GG3j,0
Marshall Masters,1X0q9PceOgszjWT4Lp8wKL,150500
The Ultimate MC,1ZG6yXZnFtQJIKnEHi2MYM,17700
Destructive Tendencies,1Yc03TvBp08WN2oHVuvewX,76600
Kitty & Lovely,2KDEqIcJFAJN9T1VjNNuDy,0
Predator,39nubWTSdyGoDYpl3Wc5Zj,74400
Hixxy,79PC6rrXA39xOdNTf71dvN,266100
MC Storm,5Myccw3ri4yrWxASz7CaCD,2200
The Nightraver,6HcR7bOP1Ry6iVEE7Lew65,30100
DJ Trevor,333Yf2s317W2Q2dbPmfovF,0
Bass-D,0ahOgtGZ5F0JIzpyN2Ny4y,107800
Masters of Ceremony,0nKiNlJFtcGhZXZlNkOstJ,44600
Bang!,5wyDmGpjhwjaTnfEEYQ1sr,21500
De Alpenzusjes,0Mw807WhdUetNZImyG6vQx,126700
Beatstream,5knzGcHKdeUG08DPucrngi,12300
Radiate Worship,0kHXKnCN27XVOkCDr70Ctz,40
Rebelion,5JcSyYpBdqCmjJyVlKh7Yg,696100
Euromasters,676PLux0IxInbFJyVSanU8,21300
Restrained,2ym6Gwn7qNzgiAm6VA3nsV,105100
Jantine,3Hlhy5mpM8cT1Guv1GOhQG,147900
Sonicdriver,2bPXmlb8FbhzVnpE8oBP27,30600
Base Alert,6pekOGcjh44pwT33LwT0yl,4500
3 Steps Ahead,2aSXpRYCcgBPTVCMX3qyjA,253700
Tails,007nYTXRhZJUZGH7ct5Y3v,70900
Noizer,4AlECXT4OTwnwOWIrObk4P,1600
Dream Your Dream,37BZUaGiMOZDMQ4c5GLn6Y,15800
Tamika,6lLNAKhNy2T0B2TcVI3VVR,15600
The Stunned Guys,65T2gXuk9TCJk0kuMubwXH,108700
Shaolin,4ZQzCEisgxa5zBUZi60klV,2100
Ophidian,1LgLuJSqAJJ6v5RCvjUiQh,69900
Joey Riot,3xKGhixeP24bKwHQ7yPyXF,19700
Seduction,66pXn4ZrPf6yzk5PHGkUZA,88600
Tha Playah,6MUXMQLSPFynFBwF2Qz2CU,192700
Ncrypta,598i9uHpVAukdj6QRUEaq6,35900
Hard Creation,4xT8I2iw1yM5sei77Q7Z8N,16300
Bricquebec,7KzhxyHSK4opuS6RE3yljH,664
Vrije Piraten,6Iv0wW5bwKGcGfAqxjYxAc,0
Schorre Chef,1Zy7C797uIkBklSqLqdckw,3
Bertocucci Feranzano,3rHHWDHE0Nh2ulbinBUT7L,34000
Caz n' Kenny,5lO9TzQ1lUNjeKnMJFuz00,554
Minto,75M2Cv7fQI3hwea74uM5aH,7
Unexist,0gplvIWFBXieC14rQPCOy8,80600
Omar Santana,4jlINwGiH4WGCv6OCRNdpT,38700
KYRK,6r6EbWGr2dynhevDKkZ6QE,1200
Hardsequencer,2EDhsIt6CU6p5cdDIoQhgm,10700
Dyewitness & Nighraver,6hYtnZCXGyK4D0q1pZPtvl,0
Chaosphere,1Zhn8mkmTNalwAinUfajZ6,4600
Scott Brown,0K2pjy1POZrGf1TS1gOCnA,3300
SRB,1Rrgj81U1W0kRhxvzeCXVQ,27900
Dj Mad Dog,7oX7rzli18XsB2WFd88oW4,226000
Vicky Leandros,68yjIBoc8l4GaliVFZDUcJ,940800
Etienne Overdijk,4hjEyByr9o1wP9QZiz4CS2,12200
Sven Maes,5mfFqZp4BSV8uUZsvycIq0,12100
G-Town Madness,4vxLy9lWDO7KlaKiwJ8Mjp,60900
Bodylotion,0JYPYJYn2F13s3ln2Gfbfz,84200
Lenny Dee,33O0lHsxKb6No0NBuFxFbR,71400
Ralphie Dee,2xTKhPtZBOeD8wGRAVNvV6,5000
Eraserhead,7bnNgA7utgN8we97mKlqzA,4
Teddy,0a6Q2oHRwUYaZMChVBZWts,178500
DJ Ruffneck,0Zr8KrP13XdTkcbhn3bv8Y,176700
SPLT SCND,5cO0QeH6hXFVTgFJM0qJK2,1300
DJ Weirdo,6Vt68J5KBWTgaKNqKKL3Fc,75900
Dyewitness,5R1OGI0uU4NhVSGGmp1TUF,20600
The Darkraver,3Lu9zTGOtzT2MZpfxdaHJv,337900
DJ Vince,6jq7xco7bOxTa7ihXYoLQB,24200
Minupren,3HjYDl4e63JOryBJ77SP2V,29000
Alee,6rk6Izp6o42fUdE0jRqAP4,2400000
Tim Beumers,3gWALRyQeQtkcTYxv2pi2x,18000
Rexanthony,231AIm84uZ5vrY142f2NT5,33900
MC Rage,1ExqYANDPqD118IcNHxa75,1200
HC,,
MC Remsy,47vFRPs184mI6TEDqLOnhf,0
Ferocious,2IpRAN1JgE7wyZLmK5xJ3L,6400
ExaMelodica,6VY7xbxDWoFBAViageVD0X,5100
Wasted Penguinz,1Ok5WQlGEnuFOiUlpCKcVT,215100
Akira,3AbUCxbD6ao8zp3WwIdOoU,10800
Tripped,4NS6tpO6Wi7Z5FVcwS0EZP,9400
Krystal,3qYt5zzf9B414wKsDhrtaO,10200
Feral Is Kinky,6RntE098osyeJ7t1CzkJW2,2400
Sjoerd Ensa & Emiel,26UfEspBty4TtGa3vVRFTx,0
Catscan,0Ke7ZqzaFiIaVySGcbyKnw,37700
Noize Suppressor,69IwChH6kBVij0cmVHSOtt,26400
Stonebank,4lC8Q0azW5ij2e1skZo377,282000
Tweekacore,6g7nQh1zK0QGZVphaMCGWj,130000
Giin,0sESxrO3UuQaknGbiuJ7tB,284600
DJ Mongoose,5t59iyVtbG4ZwNjQmqBc7H,2800
Meccano Twins,4SYJNUTeuqa13uUqrRGGgt,11100
Day-Mar,0dvmxtAgqN2UAFyRA8JLpf,18000
Erik Lindeman,3n3KUrOk92Xm3ks9WYtrjH,117600
Micado,1uC73FXlv0YfNHRoGbytOp,6000
Amada,7d0yCtmJQaRMU5I10qaaqp,143
Plus System,6BAfwx99Aew2hsbxuoENws,13000
Sara,0qU7Gw29LX6fJK740BpeLF,12400
Decipher,5KoHFOsr4SbIpO7vY6rUY2,2400
Johannes Rypma,7bIMROa2kCEsXWlF4haOFl,11700
DJ Rob,1sdnBnX93VaNXyorAiwXzO,503400
MC Joe,1boeLcCbgbqwrnhJzdtFKe,93100
Sedutchion,3wXY3DwFG8BCDOHsAZrprD,5200
The Ultimate Seduction,34PGWtOdhHBdMwQRgMW3tA,70700
Furyan,7KAMvC5fpPMWUgZYu3mEYJ,261399
Amnesys,0eoAQPA85UyOqUJGwt3cvm,23600
Juggernaut,2vKMPTwAS0fVv78B1sDN0q,27600
Re-Con,5wjqj2G2fuFozdSa90LZUg,78400
Francis Hill,0M7BcmIChOCWiVANk23ntz,22500
Lucky Rabbit,1L49KERTIyZ2xNqfKvYNjX,2500
Never Surrender,0kyjNsbKXmVOtnaAMOVhW6,131000
Rob Gee,64b1FzJV5njaX6Jcrg5ZEm,65099
Fracus,2YfwTOT9y032E2VXJ8LUuZ,8300
Darwin,0ul1AHSNEUEfTymg8LzmSq,6600
Kyla,2vTbuBRo7ACOZ3JsCnaL7S,1300000
Hard Effectz,6Q2cK8Wi4U9DdyBxHRSYvZ,8200
Digital Boy,5B5mtgNS2PgzhcNhuiXlMm,15100
Chichi,6Ab8sAAALPko6pSigHhdaF,134
Harris & Ford,4FDj6mh458K7m9Txwyj2rt,3200000
Jakka-B,2jVj0crTzkmBmxsBXkQaM8,31400
Tatsunoshin,6dDL4IB1qW60paulrb2ZvP,385700
Alex Bassjunkie,22IIsLtNWleYuTuRQkmidd,5200
Riche,1BPjwAQofIKPAC9FDWzhqz,5100
Human Resource,28LgRKFEN8GXeORbdViP7t,106000
Soulblast,3f6KorUYJp7dxTAJpgqKiY,64800
Interactive,6Jr95uSN9oixu78phrpdqF,203700
Lexi,4xNa3E64mpeqUWqw1fwhYl,53
Noisekick,7rJ5z48nX1gnrxnh0E7lUM,20200
Paranoizer,1H1Y3x518aRgLqbhyTLdHr,15500
Angerfist,4sQNUQjOYj9rV2sdfJ8laS,1100000
Nolz,6kudMw2A0xOBJHpW8VNaDA,300800
MC Syco,0aJJQ4Lf3qF1JasFVfsT5r,9500
Deadly Guns,1RsU9zuGACUb1NGShiFpcP,577300
DJ Lancinhouse,2pBZRdIAwojiWMSw6Pl47K,42600
Xess,3gcLQKBjTgTvliC3InuLoh,2000
Dutch Movement,5fnGunxiUsH78nYIEAHBiO,153300
Ran-D,7IeovKzVkfcG9mIJGNzTcT,1800000
Matthew Steeper,5BCqO5LyLTOvo7etwfgQ7b,8500
Ruffian,3ha5obJjWDA2KM2YMWIAG6,0
Ham,0SaKau45p7bLauh7j5zDTd,3100
Brisk,67es8ZtGIcV80XDLwlQkU3,28800
MC Whizzkid,3tSpE7Wo95L44R2X8zqqHy,122
Impact & Resist,3IJhfhNZc1otMzCL6oNkCc,1200
Technikal,4pHs90ktjf7gtmd2dvx4lf,41200
QFX,1VGHyNdmZk1SCK09hMFwlr,137900
Outblast,7izfdXPLe9PjsIN0A0k2pE,133200
Jelle van Dael,4CBytrQX85XtpfDzvdL3DI,31600
Wildstylez,0wr85NuJuAYZsRzP1lJgiV,1100000
Orbit1,1noYKCoX1ArywyakTsT1zT,5900
VASSY,7HqEmV7FeCi16bQyHMpIrF,4099999
Zero-2,1ehuacU2EFhcryCtAmX4Zd,2500
Frank De Wulf,2VeoWN34uTKPeFZQOxTBzD,29500
The Outside Agency,4Gh02gVaInzoBvqEnJFQDS,10300
Addie Nicole,2Sin2pNsBDyZPBNKVpBdYQ,253
Dj Skinhead,4qGkH9mxSnMg3U5oHGYiW5,22000
Chaotic Hostility,12XFFT7c5VUYdNzJODHOLn,41500
DJ Radiate,5Vy3qIqApykSnYU2zvCMCW,19500
Tokyo Ghetto Pussy,7xqqOKmWS7KYlorTLXFMiI,323900
Lilly Julian,0fjhSKheiastW7565CF8qH,7700
ANDY SVGE,4MciZ3SoIaHGhBecweONHp,168100
Gin Dutch,03LaMGHFyLYAzpU2uAQZXt,79
Brothers In Crime,6xTepkPQ2E2xDmevBQSGW8,5300
Eva Blom,7IW6exMGl4irL1D6kUJfCB,0
N-Sane,3s9fB8AeSdx1gq8jojr0cK,66
Nitrogenetics,7zXir1JPk4DA5u0Dln80VO,22600
Wasting Program,70YZ2G9vD9ZYN6euvuacqN,6500
DJ Waxweazle,5rblmtCvKuGN4x6swkgetJ,16400
Froning,4ZyOzd4u9Kg3B6Ny0NDyGd,0
DJ Panic,7AVZ40Nq0rZGZWugQUWB4f,5100
Squad-E,20fqbTWZxrIfQOTV6a7T4O,40300
Buzz Fuzz,6pjQICw7hXDoJs5Gkyv0ni,2000
MC Jeff,7zKk52i6Ad4So5HltHRPa9,52800
Spitnoise,29kB8Ku9QQNmrl3yZw6Xxl,155400
Diss Reaction,7fZ9A0D8CDfKcC3dHVfFB6,80800
Lem-X,0fL3nn53Jlg7RK0cuciX6n,10600
Da Mouth of Madness,3QUpjXKcTee8KscFqpkSfv,204700
Dr Phunk,1naX4fxuRaDFlj9tGfIUZk,766500
E-Life,4EnzLaY6syM2lVhfMRolW2,276700
Mc Ruffian,336uo4pepsX5ZYL65HzWLO,37100
KELTEK,1Od0hPnXSqA9pipLqNXJ7e,270000
Henry Fong,3nALc9PyUfe6CO3EY9bNhH,629200
Dorian Electra,202HZzqKvPsMHcbwnDZx7u,307000
Nikolett,7vrHT0xS4atJvoF4iDJ9IL,279
Kawaiiconic,2NR4Qsb84fy1fjwKNfVqOO,133
Dione,1ESCA8rO9KggmLrLxBZkZk,34400
Boom-Bastic,55rBXvgDnvLqywbOFcRP5o,6200
Macks Wolf,3uhj8GsCt7d3gF4uTQ67Ok,15200
Wasteland,0cmvgYB81xcpV7594cXjse,17700
Becci,1dnD8yzslf0yj0nRLc48pf,616
F. Noize,0mdmNdny2m37Hb1DIdQkG7,200900
Rob IYF,1t03AEcpi3uX09ENi7jDu7,21400
Tha Watcher,2oBkcL8umXpnsriHLaxLBD,253700
Rotterdam Termination Source,2Qio7nzroKwkw2DtR3Ih6l,20900
J0hnny,7N0ffqIuui8xHu7PBrxf5q,226
De Mosselman,3vkSfd5zx0l0Pxq8Qq3uBr,4100
DJ Paul,2ledyuziz6YjLK5Dw483Oc,548700
Wild Motherfuckers,3wHQD9DfdVFOjJpm2JRbMP,20100
BZB,7loFcaL8NkCNhQq1HS2Tlq,60400
MYST,18UStRMkfnMhX5Qxzhylej,85700
KnightVision,60TAzTVF7mvVHWVIVn6atS,77300
The Braindrillerz,6j9yYMSUzcSI8KGbhgmSKG,16500
MC Ghost,6PDR0JDr9IZmF3MhYsGeNQ,278
Maidwell,4bPT4Ui7nqDDBYFO8sBQqi,0
Randy,7qYeIN2r4H1kBvr0Gm9Iav,15100000
Megastylez,45aid2ljdzWaaCDaP4UA0b,379600
Rico Bass,1KRMe9xFs7taY5YZ1FH1XW,1900
Marquez Klamt,69B9MTaqBo83Luy3b1Ur7k,6
Mixie Moon,29CyZ7wEPMqgUf1TqlD1CI,0
Mc Offside,0kpb9Ze7HDhfSx3VsY5YWJ,187
MC Riddle,2nVenqz63J5YrPVbc58ELy,0
New Kids,2dYdfgSbtfu9Y9MkTPv3jX,320900
Darrien,2k4JLaR6VZwIZYKeYQuH62,1
Demo,7J17Pb5llK3qFuRarN5unt,291
Justin Time,6E5oEfHx4YykNuNPf8F8oP,2000
Becks,7Bk6OavbjEK5gtMvSRns57,118900
Rhythmics,509rbOkC8z5twxR5btKp3s,2500
8485,3LwiPwIJNshV4ItekGcIMo,236800
Tha Suspect,2aYhZWTjIsfvQOkWvKMQrA,3300
DJ Seduction,3QCLS2hkq3jpkJuPmJZHyD,18100
Vagabond,6i6Ce1ounJ0ssnfIzVNn6s,19700
Koozah,1wpaywUewZ3v9UMP9sBcN7,701
Renee,0uKG0vNahlsl8TU6QIfPqz,0
Mike Redman,3RE3iKB48nk4KKIQWut0vG,4200
Dj Rob & MC Joe,5MFyKyLo7l07hLowB09eVs,80
Chosen Few,35Btqnex8RxQg68iBRD16v,39700
Repix,1pnBSyeJ8ldIkWPUmCWMYa,51600
Kindervater,4ivN4QLpeR5S7KT4O1BFkL,177900
Timo Erlenbruch,73oV511uyFlb5Yl7py9Vmw,5000
Stefan Rio,15HR5j7uxZdM99jDvHf9kH,43800
Whizzkid,39Z2NpgQ4rL3GX7K2A7LDi,4900
Donna-Marie,4iGAhCFAlFTXjMh10cSoCf,21
King Matthew,4eIycGuklS1TgQCHp8tsVr,89200
Haze,198WPvfHZFGSq9UM5kiPzV,0
Lorena Fernández,2FJHQ0CtX7cHYo0rdAYq0Q,0
Aggressive,0axowofC8SXikHizg8CtgC,462
Cryogenic,3JkD7HM6gEzgOMm9kwzunN,186900
MC Diesel,20rPxPH4gXyqj2G3ooE44c,15200
DJ Maddog,3HtRYXRlrI6b3lLPRASke8,586
Tony Salmonelli,0rg9qGdisOZfvmOCl6SS6N,29700
Wesley Sneijder,23Uo7jJGqKzrIwrtkvRk2m,6500
DJ Ham,17fiEsU1WyGedYJ7NGKrxJ,6200
Kasparov,4aBZtFUcaeqWOpAq5H3nRq,23800
Zwaargewicht,6tpe6CWK55kbu2t2lNAiBS,482
Ghost,1Qp56T7n950O3EGMsSl81D,8000000
Guns N' Roses,3qm84nBOXUEQ2vnTfUTTFC,39800000
Aerosmith,7Ey4PD4MYsKc5I2dolUwbH,27400000
Metallica,2ye2Wgw4gimLv2eAKyk1NB,32200000
AC/DC,711MCceyCBcFnzjGY4Q7Un,38500000
Led Zeppelin,36QJpDe2go2KgaRleHCDTp,21000000
KISS,07XSN3sPlIlB2L2XNcTwJw,19100000
Europe,7Js6Lde8thlIHXggv2SCBz,7900000
Journey,0rvjqX7ttXeg3mTy8Xscbt,30400000
Steve Perry,5xQKoGD7Ql92fWd1uWwKkf,2300000
Foreigner,6IRouO5mvvfcyxtPDKMYFN,21100000
Billy Idol,7lzordPuZEXxwt9aoVZYmG,19500000
Heart,34jw2BbxjoYalTp8cJFCPv,10800000
Rush,2QPIkrK1WVugF57tFRrREC,584
Black Sabbath,5M52tdBnJaKSvOpJGz8mfZ,18700000
Iron Maiden,6mdiAmATAx73kdxrNrnlao,9100000
The Cars,6DCIj8jNaNpBz8e5oKFPtp,9500000
Misfits,1cXi8ALPQCBHZbf0EgP4Ey,1800000
Glenn Danzig,71OjDxLFjWGQFpzU1VpN5d,629900
Twisted Sister,7b85ve82Sh36a3UAx74wut,4400000
Alice Cooper,3EhbVgyfGd7HkpsagwL9GS,4900000
Poison,1fBCIkoPOPCDLUxGuWNvyo,4900000
Kansas,2hl0xAkS2AIRAu23TVMBG1,11800000
Skid Row,4opTS86dN9uO313J9CE8xg,4700000
Styx,4salDzkGmfycRqNUbyBphh,4800000
Cheap Trick,1LB8qB5BPb3MHQrfkvifXU,3900000
Myles Kennedy And The Conspirators,1J0FSEQhWSMHcYqaapIjY6,90600
Mötley Crüe,0cc6vw3VN8YlIcvr1v7tBL,10800000
Firehouse,28pS8WVbFstY0o1SrqCf8I,2200000
REO Speedwagon,55vs7NT1KxcFjbMC4y202E,6900000
Van Halen,2cnMpRsOVqtPMfq7YiFE6K,13500000
Def Leppard,6H1RjVyNruCmrBEWRbD0VZ,10700000
Myles Kennedy,2YZOQlBE1v44RxPEAVSdVR,93500
Billy Squier,3Fz2GbraVXhcpXnoi2Oe1r,3300000
"Fear, and Loathing in Las Vegas",5iZSZ19Lnt6iQTDITRF7Mn,545700
Mr. Big,5OfhOoKunSnuubxxRML8J3,4099999
Judas Priest,2tRsMl4eGxwoNabM08Dm4I,4200000
The Darkness,5r1bdqzhgRoHC3YcCV6N5a,2600000
Dio,4CYeVo5iZbtYGBN4Isc3n6,2800000
Survivor,26bcq2nyj5GB7uRr558iQg,15000000
White Lion,3nLYJvqbEzs5kg2TlprxIG,1600000
Motörhead,1DFr97A9HnbV3SKTJFu62M,4600000
Manowar,4CzUzn54Cp9TQr6a7JIlMZ,1000000
Los Miserables,7EP6QHjz7FSJZBVjDuAmas,135200
Asia,1G4PKTNkUikdeVMT7Oqrc4,28
STEELHEART,19gey2hKxEY7RWGvaFwcSK,0
Danzig,34c4iQ5tkaZKu6Sv28BTde,3100000
Jon Bon Jovi,6h2bWHWTJL38N8dqocVaif,1800000
Koil,7cU7FgPEWanjIBtdOUYoCY,14800
Popeda,2bEPloIrEwXQwm9myrXW2P,206700
Ugly Kid Joe,3XsgWn63EnA4wYZBjVyxjf,1100000
Bad English,5fhMbh4PVSLSODF2fhWwqt,878800
Airbourne,6urzdpGY5yUimWZsgJUoTb,1800000
Drik Barbosa,1VJZvjGu80pBwk0qeJz8ZR,138300
WEKS,4v157m8UraCNRXlW8wpkRN,2900
The Dead Milkmen,2fhngmJMaaKcdhXHCa4cPK,205400
Dead Fish,7Lvg39k5XgXevGR767ikYI,124700
Dokken,09hNSPPOxDop4FRdr6UEnq,961100
BBS Paranoicos,3m6rsPYI2szH1eab4Gu74U,40100
Rodox,4xlLXZhyat8hNIvgArQEak,144400
Lazzo Matumbi,5dW7bJXFalrMehazA9L2yV,42200
Rosa Tattooada,0ySFMNJxM5ZhPPz9B1DswN,42200
Medulla,5rqGVGqf8T8iz9fcaEZclJ,13
Martin,5kYHyL8k01fSd4ZJBHlHX6,996
House Of Pain,0AuW7OCyKfFrsMbtHrYgIV,5500000
Fiskales Ad-Hok,60bfQT8dq9ykKW6KfIXnE5,46100
Hanoi Rocks,5CW2x4YosugZJZZCWA0kBI,114200
Gotthard,4DwhNqibDIsxIamSxWb7tQ,285200
Ram Jam,6FITmSxIMsk6TfulFiCIIz,5000000
Hatebreed,17Mb968quDHpjCkIyq30QV,983600
Chickenfoot,416gMRzj1LnFJvSBF5PO2R,152700
Lúcio Maia,0uu17DoK7kT8DWzO9CLA5O,25700
Rica Amabis,7b77J8nz19BLgFq6F2M4QM,1200
Machuca,0lzmGdPq0LwBijGqyMjpT7,244
Quiet Riot,1dLWg6m8RRhizsdqJbhyj3,2500000
Saigon Kick,1Qt3QdA0ZoOoeWfrJzA12d,264800
Nuket,1uyAS3fJecAarm89HFmfVx,25000
Smitten,6b12ezIOzhz60P3CASuEtL,25200
Project46,4PdFQIzACemw18MfVS1LCF,23800
Gritando HC,19XpD8usAYOdO3hwmQ06i4,25800
Monster Magnet,4hvwEwrCmGj22uURGVET7Q,391300
The Rock,58zHLr1IOAaAHCo0ZTd5v9,6800
Cypress Hill,4P0dddbxPil35MNN9G2MEX,5800000
coldrain,4pCVGaLWxDe4d8bsjsnmUM,571400
Ryo,6z2iUzo8OaEzIekG1YTVDa,0
Sebastian Bach,2D2svlzUpyTfcEEq0t3dgV,63500
Pense,5u7Nm1nRMAHWrzoVmCP7fo,32900
Harem Scarem,6q72NwO3LCZ2WNKkDKy5va,471500
Warrant,7HLvzuM9p11k9lUQfSM4Rq,3200000
Queensrÿche,2OgUPVlWYgGBGMefZgGvCO,961200
Tassia Reis,0kc1BjcLHaXhZVzCp0HeAl,138500
Emmily Barreto,4682txRR20t1JBUHiHpMGz,13600
Bruce Dickinson,7Iffw1nP3NjCWkRIx3Ily9,464700
Bullet Bane,78B9QufospnmmneH4UbHK0,27300
Todos Tus Muertos,4Pi85oI4dmppSqROLj7rgy,192300
Gramofocas,0GnixHslGJJzCkqxNqDJOP,6700
The Black Moods,3SMJIplWXJ4qwuuGRHZyJH,38600
Damn Yankees,7ihLzUpuNecU5VBkvOUDNq,975500
Reckless Love,0Nkyv1Zj8Xh7Lux3KzIQCl,185000
Eddie Money,4Tw2N3wdvJPGEU7JqMxFfE,4500000
Fun People,11wlHSvQVZGIJ5D1sTsihZ,56500
Dynazty,5deRBvKxJssHVa9n6B7tWV,558100
Made In Brazil,4dOQmMX7BjiqA1TOZzDMm3,8900
Jorge Ben Jor,5JYtpnUKxAzXfHEYpOeeit,4099999
Fred 04,5A2086GuTCtARHKB1mvAB7,355
Falcão,6arRXoJBfebp5a9VKlEATa,50800
Helloween,4pQN0GB0fNEEOfQCaWotsY,1500000
Faster Pussycat,1FwGBBwUviGVIeDIByO7u7,285800
9mm Parabellum Bullet,3v0nHmnUcf9GAhjQOTctQu,135900
Zebulon,5feM8UercSNOo3DUDQyLdq,251
Fred Castro,58t1xx6TLoYDDuXWYSYVsC,0
Lillian Axe,72iycfDchBBTdhODzAETUw,32100
Kind Kaputt,1mjpqlpnQg1qQO92e9By5v,23800
Gloria,31AZ0BGRivOGvfNssdvcLT,8800
Fat Joe,3ScY9CQxNLQei8Umvpx5g6,9700000
Remy Ma,39mHYiNmLR7p8PXNG8Wll6,3300000
InfaRed,4R529xQ7WQfRpSEXaHFbRg,79
Method Man,4VmEWwd8y9MCLwexFMdpwt,2900000
DMX,1HwM5zlC5qNWhJtM00yXzG,11000000
I Am King,3VFjpGV8JYF46va3xQVA0j,250200
Busta Rhymes,1YfEcTuGvBQ8xSD1f53UnK,16300000
N.W.A.,4EnEZVjo3w1cwcQYePccay,5000000
Mase,1wiBLzTI7z9RUwEpNPdFT6,3600000
Total,1urjDGTd4iBze91Z1W1gu7,880200
Wu-Tang Clan,34EP7KEpOjXcM2TCat1ISk,5900000
Puff Daddy,6GKXD4mAvFpFLdrcUM8QA2,9
Rise Against,6Wr3hh341P84m3EI8qdn9O,7500000
G-Unit,6evKD5JWJON3qPBJtUEmtY,4000000
Nas,20qISvAhX20dpIbOOzGK3q,8900000
Naezy,2oeTqp8DgAmtnP2WGc1OS2,267000
Ranveer Singh,0lMa3YTHqQnDDTBaxAV7LK,3300000
Makaveli,4pmNqFu71wEmFXSsYAiWK8,1600000
Terror Squad,2BvzbqWWwLN11XGBYgDZzx,2100000
Mobb Deep,6O2zJ0tId7g07yzHtX0yap,7100000
Delinquent Habits,0Ph64AJnzKQwXj4y7bWi2U,1600000
Raekwon,2yQf6b8hxahZaT5dHlWaB1,761800
Inspectah Deck,4OBbOrkD4geIjOLrICN3wO,374700
Buddha Monk,4QTIR7KM0trauXspUNduhh,5200
Diddy,59wfkuBoNyhDMQGCljbUbA,12100000
Pete Rock,3BeQqzKdlARoOd6y30kCO2,739200
Run–D.M.C.,3CQIn7N5CuRDP8wEI7FiDA,4300000
LL COOL J,1P8IfcNKwrkQP5xJWuhaOC,3800000
Foxy Brown,1wvlC6NwleHt1iRD6d5X2C,945600
Keith Murray,2bwR166mSJEJrYJqfyust3,166100
Prodigy,1GwxXgEc6oxCKQ5wykWXFs,237300
Mack 10,3USpNaxpX1iNqNnQWqg9ob,599200
Warren G,2B4ZHz4QDWJTXPFPgO5peE,5000000
Souls Of Mischief,5Rzqmz1zAszembFHGZQuAt,1800000
Lloyd Banks,3vDUJHQtqT3jFRZ2ECXDTi,2800000
Juelz Santana,6Uh8uJyN9g7oFjDK16nJgb,967500
Ms. Lauryn Hill,2Mu5NfyYm8n5iTomuKAEHl,17100000
King Tee,0zCyco6JHJv7zKHbyMmsut,195200
Avery Storm,79OSA519ScnPY0MVDpu8ZV,1100
Jagged Edge,7Aq8lpLMSt1Zxu56pe9bmp,2500000
Nelly,2gBjLmx6zQnFGQJCAQpRgw,25900000
Obie Trice,2XnnxQzxFZG8qEPjakokPM,1900000
Earl Sweatshirt,3A5tHz1SfngyOZM2gItYKu,2000000
"Royce Da 5'9""",6DVipHzYsPlIoA0DW8Gmns,608300
King Green,3jivTPQnC8Vupqc3EFO33c,92100
Thirteen,7d5at6p2oeCLYTyFNU5jKk,43
Rudy Nugraha Putra,,
Raynard Rahardja,,
Jodi Melani,,
Ardiansyah Darmawangsa,,
Seringai,1BGEAzClyyIOEQmHCx2O8J,7900
Crown The Empire,2vKiJjsgjgqIECUyYeIVvO,683600
Talib Kweli,0lEssBAxQl2In4RpaB1C2Y,673900
The LOX,0A7g2YbCA9FlyZvAG6VmKP,454700
Hawthorne Heights,126FigDBtqwS2YsOYMTPQe,1400000
KRS-One,2gINJ8xw86xawPyGvx1bla,1400000
Dead Kennedys,30U8fYtiNpeA5KH6H87QUV,909800
Mariah Carey,4iHNK0tOyZPYnBU7nGAgpQ,37100000
Flipmode Squad,7JXCJDLGh1k9cg6JbYCpYl,26500
Ja Rule,1J2VVASYAamtQ3Bt8wGgA6,9100000
DJ Premier,6GEykX11lQqp92UVOQQCC7,4500000
Bone Thugs-N-Harmony,5spEJXLwD1sKUdC2bnOHPg,6200000
GLOWINTHEDARK,2gLZZdgHD8ZbSAB2qQkr3P,292000
EPMD,3zpKjsMg2gw1St5WcWoUJN,640300
Action Bronson,7BMccF0hQFBpP6417k1OtQ,1600000
Big Pun,2Xu7q46Hf02xOoEIm4E1Qs,4600000
The Game,0NbfKEOTQCcwd6o7wSDOHI,14700000
Junior M.A.F.I.A.,3r0OeTcOw37N9juMYyyw39,398400
Big L,30fiiwr2EeZp1tAhzYCmyM,3000000
Useless ID,4sFfyLhOZblb7n0BhJWD4J,24600
Black Rob,1QPZhx0asYTBxD5RDqfU49,1300000
Denaun,4NhyK1Uoo8ScQOSl8x0jqI,24100
Eric B. & Rakim,6jHG1YQkqgojdEzerwvrVv,1200000
Onyx,10Khz9BDdDT2mzm3330Cvu,726600
G. Dep,7x7pxJtOTFkTSStKmrRyRp,123700
Mark Curry,20N6dS0vq9kMWXUqEkFrBA,834600
Good Clean Fun,67G4Qrj2sRB05bYjofHWc2,4300
Guru,6xyaria4AcxjRuJZLkWvMW,964300
JazzMaTazz,32DqK1uBPCZLEoQIDWJD5t,570
C.L. Smooth,2i4dJzzPuB6lTP1ZQv9Tfb,20900
Del The Funky Homosapien,0YsLR3SQd5QTXAhGIGX7cl,9200000
D.I.T.C.,6fF9HxdiSPGCXar8svBeHS,408200
AZ,,
Olu Dara,3DQiuEWQzCUET866iZJmQ9,48100
M.O.P.,1BH45DVSTeGBvcYXNCd67g,1100000
Teflon,1x2pinTOQ6Ldbb6Z7BS199,5900
Remi Martin,7MseR8aIHbFMXzMAkRPCZy,0
Dimitri K,1WXsfnqh2lT56nFMI5Pc0E,936700
Craig Mack,4akj4uteQQrrGxhX9Rjuyf,862700
Q-Tip,3ZotbHeyVQKxQCPDJuQ4SU,1800000
Thug Life,76fO70b6BK2xt3UVOe4BIZ,551500
Rampage,6edzoyx2aOvZpdFeCCWU1t,47300
Eterna Inocencia,5O8lCdBWT1JlDufwVywp01,57500
O.G.L.B.,23Ul4QNOkm2gasKycag0UK,0
DJ Yella,1Wfh3Tz3xOB4JjqTk2zT5K,509300
Bella Alubo,4QorJVeBcR8p3rOveZtpSk,139800
A Tribe Called Quest,09hVIj6vWgoCDtT03h8ZCa,4700000
The Pharcyde,7yk35uHNQclPXFGFoTU44w,2700000
U-God,0G070wUUUBptmqGEKAAUVx,48800
Ghostface Killah,6FD0unjzGQhX3b6eMccMJe,1300000
GZA,6ns6XAOsw4B0nDUIovAOUO,1300000
D-Ceptor,5s7xFwsoYphyICMHiXSJ0L,92200
X-Treme,6xH55Qyb59HCKGVCqQVFnq,34200
Rizer,2mnwpNXNuP7d18bVu04o13,21900
Aarthos,0wgGpoIVwTyvV3KS7X33RB,4400
Alex Soze,2XDa7o05TBjvVkhNULXJvr,1400
ICE-T,0eGh2jSWPBX5GuqIHoZJZG,358500
SNFU,47gDsI3zhRtZPGK7Hv3uxm,38700
The Loved Ones,5axdduRHjHv4LewDVdpWZR,48600
Biz Markie,22282KfMxDo2PMjnBc82I4,1100000
E-Force,77faXTf6wXs3L2CVol0c8C,189300
Luna,4sTO5nmBIlTF35aTnt6U7n,398600
Rude Convict,4jhgdxWuxgXZPcmMVOhuEt,13000
Strung Out,07ATE522e8aDsEb0JVLYqg,191700
Millencolin,74xFFXkvOq9dPDigOWTHiX,614600
Marina Fages,1jBRvUY23iEpMeGCKZ2RO3,5400
Funk Flex,34ABXKUj0gzq7R8vXjCaNj,466700
CJ,,
Being As An Ocean,7ML9AQvVVE3c5m0sx1PlmP,130600
50 Cent,3q7HBObVc0L8jNeTe5Gofh,44600000
From Alaska,0Pldy8r5K6vkp7vnSO3QFv,10200
Naughty By Nature,4Otx4bRLSfpah5kX8hdgDC,3500000
Big Kap,1GeODmmQycY9UqF4MLO94I,158200
DJ Mister Cee,2fYOSkxizqBJki67dX3TLA,2500
Peor es Nada,0W9QNgPzCeymk2irMZgOMI,14000
The Bronx,6mVf7ANGweRyDA3PvAJOkE,0
The Flatliners,6bx5jeXP6LSRVY29adUFdB,128199
No Use For A Name,5p3WimI9yquAF6Lqhlm4Ol,243700
The Vandals,4AqIRTZF6DDmKmdorgFug6,203400
MC Ren,4fbyGOEjViyE97W58eGEgU,520000
Robert Smith,6G7P2EzH5A36ujN9VPm4B0,7900000
Hysta,5b4R0928g89y6qmOgtEN1O,397900
X-Pander,5BD89DInX2q6j9laqzi79K,37600
Geto Boys,3f5fB1YUbkUnW7cf7I0R48,1600000
Tony Yayo,50UMTib697JJ44le8DO2Va,310700
Rancore,5DkmrXKeWgDS86KKEw45o6,216800
R.Sigma,3TNHibACw2s9PnGFgp4KSG,17900
T.A.M.,4B7j1y3PRly8gYOao4jWIK,14000
Unproven,5WPHwuzXyFyIheuZKM42lI,141800
Cueio Limão,1N8HixtL9LGuyvsVNEwfxN,23800
Vandal!sm,34gGWxDix1DnDFwFWg4tn4,19400
Elitepauper,1kV56yHR5Q0pzpyGMz4HPq,697
MC Lyte,2ZbWlThDW0qSbI3hinpl0w,333300
Big Daddy Kane,6futYSDVulYR2PktBjTB5W,475400
It Dies Today,3uFWRtKjp2E2Y1QmJPaKNC,74200
Suicidal Tendencies,3WPKDlucMsXH6FC1XaclZC,779100
Destroy Rebuild Until God Shows,6XjXff8FNS5CqpF8dVAtoo,159000
112,7urq0VfqxEYEEiZUkebXT4,3900000
Joe,3zTOe1BtyTkwNvYZOxXktX,4099999
Boldy James,4fpwOzxFRMVGfd197dKIdY,978900
Lauren Babic,6nT7RjBCuuggrafnb43vUX,469700
Seraphim,4KLJDAeYA0U86eGZqQv9Hy,186400
Story Of The Year,0KDuKk6YdEu3hR56HtXmxt,1800000
Los KK,1dfi9y957eeU8mKRj2wBN3,3900
Kylähullut,6FmntufhrDlfZWayEIrK91,4600
Protest The Hero,6z3BjfmgvDUIHaJ0UPTtrQ,227600
Alexisonfire,53RsXctnNmj9oKXvcbvzI2,744900
Total Jerks,73OMojDYMDU5Rzu9bziaEn,3100
Pennywise,6i0KVTOvm96T55mbp742ks,927900
Fraud,28EXSZKT5UhVCQeuc9Zip5,620
Authority Zero,5CHcX5KtuSz5uo1p5fM3sz,268100
Mukeka di Rato,2WEABapGGzYET6Dq5tmIDi,22000
Tray Dee,0bqBpcIABLyrGD6e6llQ1S,2500
Slip Capone,197MEJ6lXwJXav4BstjTxl,3600
Barron Ricks,7zsyLf5hfsLk1ybkA2Xmx9,0
Adventurer,3EQrIC4SwWoWnvxj4FYJpd,13900
Gang Starr,5cMgGlA1xGyeAB2ctYlRdZ,3200000
Zara Zahrina,6NuGcZdytU4rs9gVNL0WBn,0
Circa Survive,11FY888Qctoy6YueCpFkXT,563400
D12,5Qi4Bb7a8C0a00NZcA77L0,3600000
Vowe,0mJuCrQOXP4OBV2D6noZ34,5100
Ponto Nulo no Céu,6owybFVxTfAl9RpASR0hHe,12900
Anthony Green,0hxmHf6CqXsOLWgGXjmr7I,158500
Magic,0DxeaLnv6SyYk2DOqkLO8c,17100000
Val,60JEZMHoFcFU0jb6OlVD5C,7
Lonely Spring,3noGPmqOwQzkj3lMzblV3f,43200
Christoph von Freydorf,42Ij3Qtc8bukhDlThNHidw,18
Le Endrigo,19iWcNNkOaOpcFtSRF7q5a,2900
Boysetsfire,6kw9NLPmn9FdQq0gAIx0Bj,104300
Dance of Days,3pICQ7QvYXozuzJjgb6eM5,18800
Fernanda Takai,62Yab84ZgQW4k4nOUPqIxE,143900
Swingin' Utters,6zXHaJc2ZqAmSyxT606ccM,137300
Guns n' Wankers,2Om2j4cMIySCvHzsNarzCZ,0
The Analogs,4DPdJVsnD20hzE5msh7SvP,64500
Hateen,4KDa0GMe5CxKSxEGtGFkxk,114500
Dani Vellocet,4TYQRoAm3MVf5SrF8sFXAs,20600
The Falcon,2bgEvdWFSaBnrK5v1KzKG4,10700
Blind Pigs,2ByuJjoYOJ4Us8tzApEH4A,17400
Hazen Street,37F9JhFnJdNFJvI0QXMgWc,6300
Life Of Agony,4gyzQpfG5YQZJt2jj0IkEl,126200
Rejecta,2lmihUu4FzVOepdJpDDrof,248400
Operation Ivy,18XRGxd1b484f2h06cwvJJ,377700
Weichafe,1V9tvIpFfMl1cFJjxJKAre,25900
Hang Youth,33s4eablBmnrPlE3y6CZFR,15400
Gotu Jim,5rpTehBPpr3mo7L0ZDZhrQ,211900
Ratos De Porão,3d2xlrGC9JGD7ycsf0e8mF,67800
chelly (EGOIST),3Pd91SXUFKeNjB6tzhC8jk,0
InI,73kxDUq2Hl7Upy4o0yFxXv,392400
Magnitude,2NwDYPbgMbSAXLbTL0VaUQ,32500
Hail The Sun,0XblvrTo6mnHOxWIP1t5T6,673700
InDharma,6WDVnuk31MhWNTNs8uKhwg,26600
Nick Novity,0C9RZ1VFLujGBiLlvXZOb8,6000
The Psycho Realm,3WelTIRY2ET1Xhze34RVG9,143300
Moskwa,1zXQECDldNHoO2FeoVqGfo,16300
World of Pleasure,3SR0KKxXYspg7mJwSUsGBb,14000
The Meatmen,2Pu7FTzx1loEs7y6EWLljQ,7700
Straight Answer,3VegAsXH8CO9nUlZoKbnrv,7400
Cappadonna,0dS5xeDefwoUNasLUHnCjR,147200
Masta Killa,0ME1RawvWt3qOJnYnxVqeh,82500
Dona Cislene,5y1NGDU4pRq4WRT3ZGP1tz,13800
Pavilhão 9,5QTksGpRsgrYaFe1Gnf2AH,29100
Gridiron,2eIUyCr530XyFHd358dxYZ,32400
The Bouncing Souls,3mvTAjG7rcyk7DQzLwauzV,358000
Inocentes,5d1XMc4I3omXJKiYy8Yb95,35
Espécimen,5Mh3ytajhEkNUhgNEI4tvM,41300
Saosin,1NUOfvAhA9AvsF1ISMkgHX,1200000
Earth Groans,4jL8OQmf0x3KZa8g8kt28H,5100
Crypton,592FgKnDnLHT1jLLLwGjR2,74700
Shackled,3KwPuNzi77CtjWxVzHaGLb,2100
Sharkbite,5Z79q7U8E4bAH05OmlTBcI,3800
Chubb Rock,4dVRITwfej74WkmNpgYVPb,247400
Hitman Howie Tee,0QvOE5fpmcOxyhxXtdEmC0,0
Panico,4nK6Yqb9HnBWBjcxcPpwQK,43600
Saves The Day,5gWhlJBlLQGLOgYWO8lwCU,221300
Backdrop Falls,1sZ5yHQj8hmN2fS4s5vZdw,231
Lost Boyz,0OtigLoCgLYvXnMxbE5qH5,354800
RVIVR,1nfqdFH2ssg8oV0TYG2h6p,17200
Fake Number,20k5SIjfwIVAbfgXAhUZgg,43900
Pegboy,0uj4W914vJlmQyfKuvr9XW,18200
Dominic,0ZZjDFUhbIXglQl91pVAXX,3000
Dying Wish,0RFPV6FRmScQLjAtFG4O1Z,261
Re-Fuzz,3zw7BR7E9LWK6n6w3FKMxs,15400
Choking Victim,2E5ZgjjhiIZ1lrgGSRnKCe,103900
Germs,39zgKjGWsiZzJ9h6gbrPFY,174300
The Exploited,6NB4b8lltHCjOhW7vQZkAy,162800
The Roots,78xUyw6FkVZrRAtziFdtdu,3000000
Artifacts,4hz8ohK9ESaFbJBAXvWJGL,388400
Scarface,19KwjzvIL92r29IINtlPNP,1300000
Johnny P,2RdXF6BnaZAz1G44yNKJcj,5000
YOU LOSE,4X7iZbIqOVTBzFJODoiiuE,3400
NK,,
Uplink,4DiPWjMS6eMvPLNfQlA0vq,137100
Trespassed,4P64zOuVtzLwvGEMasQXl5,92300
MC Robs,4uKen0MeTvWMQgWLYJcfJ8,332000
DARE,73Srcf2vQT6EyAuAO536UU,263
Alpha Wolf,2tjnvrUmP46XNjFh9V0NGc,413900
Curasbun,4833ZYc59o7ZJFIAp6SHhq,13700
Anxious,4uOeSBqJoBz5OrxrsrTboH,118700
E-Town Concrete,23BNgBmmFDSh2EdJEYBC5q,42800
Adolescents,2sSmGd0x45FGBtjJwNBSFr,212500
Vómito Nuclear,24EpIrJSrwv1CpLQZlhdVl,26300
Blood For Blood,1x61OF80wiXb3qawWTGUDA,68000
Bernabe Cantlon,,
DJ Khaled,0QHgL1lAIqAw0HtD7YldmP,23700000
Amorphous,2mvAbMVwkxiZWJXjorKpdK,244200
GPF,4OoHneMX97SjUXKWgsyrP4,536000
Riot Shift,5J3RIw3YwgyXeosItjR9GY,223400
Ling tosite sigure,00DuPiLri3mNomvvM3nZvU,162800
Saigon,0mTfntDCCWRozUnyxpGf6E,48400
Corbett,0Dx1plzjqMuXdlUGYPW5pn,3100
Machine Girl,17Vw9uuOYB7XYjPt0LNFN0,966000
N.O.R.E.,4GMgdB3vwbBOc42hbXEi9p,4000000
Gemstar,5WooWF4HvIcgW0BDA2VBPN,704400
Big Mato,0tG3OtnzCjdbL1ZVkDprlS,711700
Silverstein,1Tsag5J854qxeOo2apszug,1600000
Emery,4feAxLUxIU7G4KXhH0h2ni,222000
Never Ending Game,1S8NfdnAl7u08mTjEtDWLp,17200
Bane,642LjKa4IEtNBet0tTOrlo,7800
Sick Of It All,1Px6nQCyIRM4Gj0tyvZ1TU,195200
KSU,0qp4NhoMGGrzCtWu4CkEsE,99000
Propagandhi,7qpy5KY3DVrezixTl6mziA,240300
Bitter End,6JJW6VnZR3rgxsfMAAtlU8,5000
Fernando Badaui,2XUjEQdOHDTCCgAq1XY4DH,0
Flicts,3sNclBHudVfCUPFqsHgvHH,11100
The Almost,5X09SRt3qx77eh0XRreLjr,132100
Zumbis Do Espaço,50D3DxCvODblAyVHqJWl7T,17700
Foxblood,17pjImdVvIja9Es8R436NP,35100
R. Kelly,2mxe0TnaNL039ysAj51xPQ,5200000
SWANKY DANK,4l96NtYOUSEKXTUxsyKxtt,35500
Aurora Rules,62OihV3Ra39e3uJGVpbqLT,13600
Billfold,0qDn1rpXxS949DOHCNPdM5,83200
Mesin Tempur,4uoO9PpHdogkgFsJi3x9pH,22300
NSD,79wYn0trIxj3ewBLhOBUzX,40100
DNC,5PHBmbSAJNOH6VBxKzHkZF,0
Anonimus,62lbdm09j0QUbWB7SqCJvt,749200
Bryant Myers,6w9ToX5slZ4uIdmD17hJ3c,
Noriel,3RtNN1VnooWEn3KQk03DUL,19300000
Outta Pocket,0mtMPfbdQSjhKxXVGgtLCx,124600
Bleach,2p3OqdSwnZIi2TtYHTfNds,6
Thrice,3NChzMpu9exTlNPiqUQ2DE,908500
Good Riddance,1Yunxnwa5znrQ9Ha7dZeHO,140600
A Wilhelm Scream,6v7mkDKyZ50l4Jiqwx2JLg,87400
He Is Legend,53cAPynhUIC5WFgPPfbp2r,62700
The Coming Weak,4y0y8JNwZUOyGGWUevwYvI,70
Cuban Link,3qbCFcZnQYYmmy0eiYVeHy,0
Sunrise,2hNF72jZIdOxa4AUp5nlWg,32100
Fugazi,62sC6lUEWRjbFqXpMmOk4G,1300000
Big Boy,4KZASFyJ2X2vDxIx6MKzol,53
Bodybox,0umvpzkCMoxVBy0IoNpN4Q,97800
Captain Jack,1b81zU0IfjHE8krv2IZ0Hf,1000000
Hellions,7qxdwOLF0xaMIp3jFdIspj,22000
Maukka Perusjätkä,2Wd5wWFS8a6ALy887YflcP,6200
Sick Jacken,2Rf13iETx8NVJLIc5N6Ub4,100900
Big Duke,47qOecnSdFN91g1S9vhSVj,2900
How To Loot Brazil,4P5NIrq7flK4SnQks4wAom,1000
Lords Of The Underground,17Q9sCBpIyS6yM2YyaI6R4,389900
Merda,3pz6yF6H8Q6HGEEKsEktOK,9500
Worst,50Gz8NDlBXc8bKNUqlQlQp,11600
Naked Raygun,2KWOkrj19TKU1ik6tugH4y,20900
Lionheart,6dOCTX1ATvti0d4uaxwlO3,151600
Bodyjar,2LyXoG111QdqfI0HLYQgvS,147200
TerrorClown,4zL9MTFtg43EJgwarYpPAz,36200
Sea Smile,3ct3zDqakyuMxobcowQhQv,4300
Bigwig,5sBf8ZpK2u8VXjsJ0e6Kma,35200
PEARS,1shBZ1oJHJaZaxq1Y6jyzY,11400
Buggin,3cMV6gZTWyfJZCaGl2eZBJ,9900
Stalag 13,0mIzEnUJCNI95eycUPRuZs,3200
Jurassic 5,6wFId9Jhuf9AKVzWboOj2B,826500
The Warriors,3od2UQAS3iCGYpCALB747x,19
Chuva Negra,27KoAEjwsS5Ie5M39iHL7L,6200
Terveet Kädet,3JmOR7LWdjIzQ7dEOfWk08,1600
Armor For Sleep,7eSbps3Uha3MMBNWhMYa2H,183100
Screeching Weasel,671sBQXQM2vHSu0AGvpfDs,138900
Incendiary,7zSWbahBX3VviPiILE0CJ6,13400
Cefa,47nyfQJpSHM8ezSh6QATyU,19100
Dj Kass,431Pb5EV8KsCBGTw96ZTQ4,445000
Cormega,4vQLu6vYK0hp8k0fsAzsU8,100400
Compton's Most Wanted,0SAPzv3jNXclYYSHOnJyjg,548200
Momentum,7l1y2qfjB7Rlqk1ordKmob,29500
Jerry's Kids,6XAj3VVSI7aXhYJHiOBebw,6800
Kid Dynamite,2PPmnWW92uj9Fjh3qkyd2d,9200
Thell Barrio,5JMS3Ijapn92ZJ8EKFcW59,17500
Killshot,2m5uCiZcpQ50tXsJrThFoM,94500
CIV,1PyldAvwu9cUk9wn2wBWh9,20200
Dead Heat,19iuui5P7sEZs1T7IX5Uh8,13300
Queensway,6TCDDImnOd4zkYrI0iBJSI,5800
Bull Brigade,5L5QSj7U8OMEq0T4lvrEU5,51800
Los Crudos,0O1weoUEd0dewmd4zEx5Us,24900
Cursive,1sylmUjlKYsLA49YtkNHW3,140300
Motta,1XB42EbDnTWLSbfiC2GMb9,8
Gallows,0LpwbxbT8dPiqUnul4ngzu,65700
Malice,1nfx4dsznUTDrb27remxBH,22000
Garrobos,57AMgLizb385ag1Wpe7A6i,22300
DJ Quik,0b2XeWDPeBiLeskT6RFqMb,722100
Suburban Scum,4PX5P76qLDOsy7XcouV7gy,42900
Volcano,74OKNye0WmRvgYXxxrhWSr,36500
Slap It Out,30FwsU4TQ0mGqeNndRqX8e,32800
Foghorn,4vr3bAVN2n2KQDb2tWXj5U,33400
Zerberuz,3mGoAiKqHBIjGFEDrJdUMQ,657
Stick To Your Guns,2sqrupqcoipb7UzVKApEnJ,263400
Trapped Under Ice,2x48WoJGRLCpCWHEKXMZoB,111100
Face To Face,515rjionhUQqCR43awqzC1,1700
Circle Jerks,4ubY8RYfXkcEqgjEMDuLYl,163700
Glassjaw,7nt6S4klYHg4I7Q4lTSmc0,292200
Callejon,1ce15ppX5OYxPsBVESZG3W,96200
Antifuchs,5cPSq1945RxgQSIHkxp3Jq,141900
Pilz,0ikq0Kz9luxcUkZkPAKHQG,22500
Chon,2JFljHPanIjYy2QqfNYvC0,199800
Basement,4DUQBYAyOTZotSEdKhaf6c,2600000
I Met a Yeti,3WXUVTFKEiMpV82ufkF7hL,42900
Atari Teenage Riot,1EMlPfrse4I1I1hA3iwhk9,125300
Fox Lake,7lmvHeAJ7CIhXCdLKjm7VL,460900
Sebua Tawa Dan Cerita,5a5jjm6nZYlHp10Lw6q6fm,850
UnityTX,3uPce3TKw7cjheMNhuhNs9,69100
Aftercoma,41XTvbdREmpvw1iw6TDojF,11400
Ipang Lazuardi,6j7d3OtOyA95ESoCHJIJEh,2400000
Chixdiggit!,5ttkgHyn4qW2qktFws8IlD,16700
Ten Foot Pole,27HBzx6Ox43GPbWLECgbFW,51300
Red City Radio,6SSXfZGnJaNajWRPGHq4JL,96700
Guilt Trip,256WuFTMIEOBMoHxy1U0Id,133
Alex Exemption,3NmoPTQbXwmGyrGBIYG855,0
Scowl,6hW33nVHPElaXuG2hQ0QOp,229100
Meu Funeral,6GEXLxhbbkxEeYkL9sl64X,20000
Lagwagon,66riGCPfih1Xqk81dDvpvf,392700
Cólera,6S6ll1Wa6FYvAgThEBX6qJ,28100
D-Sturb,7E6DrjKJieOdJKO8mbwCMO,712900
Toneshifterz,4LBa6kTLaQHiONCfTfTaXV,447800
Firelite,7FTQICqfx93tZdwZJb3wt2,213900
MBW,7tH1lySRhr6RBrMgXkSyMo,1600
Hyjacked,41I5Omr0jFpL37DcDTPINX,4200
Refuzion,1BpCQRsYuiRg1TXKR2SQe1,557800
Radical Redemption,3Ij56hbjOTHq8RgutQwfxC,476000
Coone,1Wt63OMKtv6v2ivHuQLm2C,1700000
Hard Driver,1rpLzYzfrueWdkpcIunZQl,550500
Bram Boender,1VUCpVmcvvkZ9W65lm7Wob,24200
Phuture Noize,7AGSJihqYPhYy5QzMcwcQT,377400
B-Front,6Xhhpra0X0hpvC3yZaQ0Du,338800
Zatox,27Z5l2Kfy1IaYZMg5INWqO,585700
Neolux,6kNykeJK1CTSW1zJYcAUvQ,65500
Digital Punk,3GAHYVHU0HppTq2qgzejcv,150500
Gans Anders,1uYcQaBi445h2pc0Fn5CFi,3000
Showtek,3gk0OYeLFWYupGFRHqLSR7,4900000
VÉRITÉ,1Fr6agZ6iSM5Ynn2k4C8sc,196900
Sound Rush,7IFPeV5Ew63S7Hid0AjNgK,884200
Sogma,1aQ5RklusunvA9N3kqbbJA,92300
LePrince,6CVjs7KznQ47r8xZwPtZsO,465200
DJ Team Oep Ze Kant,6CiszUAJcchkDHUmmlGZHz,3600
Outsiders,0aKXalHKVzkLJ6aeUY3HMf,1600000
Edrie,1WI0fCB3D3kj3xuSBdpEJW,0
DJ A3,0M7z67GRB2yhpXHNEcWRXR,2100
DJ Gijs,3sgZaqbTGKBdISPwi3OHPa,2100
Zyon,5vFNYfxQeOHxUUlXDltAS7,180100
Ghost Stories,6J6UF3GqOLdt6f4gfazSzf,259100
Bankzitters,1g9nyCbUH0kbNgXAsw7tUB,1200000
Psyko Punkz,18pYFSeMi7sOL6nGMICHtS,341800
Wim Hof,3cAZOrN5tj0BTt7jYb2VMa,43700
Zac Aynsley,4n6xUSrgVHhTJoc8JTcrIK,45300
Bass Modulators,1Uk4IDpF1OIuTzANugS5JC,435800
Gekkenhuys,0vp689eodFw3Fh2ctawZGB,44100
Atmozfears,0MBGxwmCdXdO26ojaNcT64,490600
Adrenalize,6GebWeCCtey5pbQepRYD6c,274200
Frequencerz,5cPNMq5lKAoAKyv5kdpz9s,364100
Delius,688kfDW4561PQyZkJCoGmi,6200
Gunz For Hire,0WbAxASsYdodSlqwserDAW,411300
Boi Foi Toch,,
Beatcrooks,5iBgiWQkLbV6KTkjd4lI7b,199200
Adaro,05ndiewdJogtosuRWN8iwF,375500
Outbreak,5tlPrdBVJtoK1uWzzFs4M1,7600
Level One,5gfLje7A2I9mMRVfuiphnh,108800
Kronos,2B3mYtzGes0f92Yfn4mVQD,534500
We Are Loud,2INDI0xc49oGYTZC7fBZjX,9600
Sonny Wilson,3gTl4XARdQR2Sy59osG0Ia,42900
Activator,64DpnouzC1UFq8WZpcIQqw,352
Frontliner,7momuad2Twkv5O7MY3dODa,452600
TCM,26JDxOz4FrVBX1AquFCzdp,359600
Rebourne,7ikySCCJo3shAEZsoKEtVK,65800
Envine,4jxFb0CASzyps1aMpZOxyi,63700
Blasterjaxx,37awA8DFCAnCCL7aqYbDnD,4099999
Maikki,6kK6lCbJfPgDH6plFWQQID,119800
Max P,7D76Zt5h5OIV4zHi1AtCqw,21600
Sub Zero Project,4f0OXMMSxr0r8Ztx6CdpAl,1300000
Bassjackers,6xQvQwZQQuq9R3TdPNbcR8,3000000
Blademasterz,10Sg7743IiFPQQIEDSU2sv,412700
Dailucia,3LMhH2ziOYh9UQWWCBm5KS,100600
Marco Kraats,1O2nfhQ9ZxTWY9eTC27dvp,248300
Insurgent,4JRbjks169tdPulAZNR6jn,1200
Nederlandse Hardstyle,3Kj6Jw1opUnWyO3EgKHd3r,75200
Carola,1ms2l3rB6iHHxtPvR9kxgW,284000
Altijd Larstig & Rob Gasd'rop,1MD43KaP0yNmH4ffApOecX,192200
Hardstyle Carnaval,3umiIpY0RkuJKnWvK2ntGm,5400
Barry Fest,3kH0MXsr8tprp65VGOuMTY,277200
Naomi,6yFlS6YLKcGtOhTnW0qdUa,30800
STUK,0MnM8NE69iw1cVc7GVIZ41,96100
Wolter Kroes,3aERYLqcdKbyI7pjmOgIpU,504600
Zanger Kafke,,
De Beatsers,6mCOXfm0CuBCx3RMBS5U2S,3400
Ferry Van De Zaande,513HKfoXzJv9CuXCuVurcX,15500
Fred Van Boesschoten,2jkRe25vWVWmLd56cIX7w7,5700
Vieze Jack,14VHCbKz3ITlGgh8Ozni2L,70900
Stepherd,7pryKhNYemTWyd5gtHL1yf,69700
Skinto,7pCceRnt5WCHV1TJKCthzg,47200
Jayh,1eLxAzPSnsl03ajNNihddF,525200
Immer Hansi,5pUX4FpriGXvWLiOdcugUH,717000
Nigel Sean,4INB4fkjhrcvgOrhkNtaxT,27100
Noisecontrollers,6qJ61DomA73g7jQEKESw9Z,434000
Deetox,0g6dKn3203m8rAtAyjIdZl,77300
Dimatik,2Zvo5BEkHyaHD1zk180kMz,794300
Monik,0X1VlaIWuQLvvBNHT3cOEJ,18300
Carroch,3TOcsmPjuFCARycuQEGepB,46600
Sickddellz,7wbCwmaAe2U6NoBrWBfeTz,38400
Dark Rehab,24jS2MsXlq7YvtdPeOt3xn,6500
Lockdown,2ZkVS0G1W9lznFudI1urah,0
EUROBEAT,0SRrNa77fC2NAePrH5Sjd6,1500
Low-E,1wAhUFs5xCbN0paxk1Gede,20700
Alter Egosz,1OuQMONPUTd25ebVOfiif6,16900
Brainkicker,6iLOWITsIVAD2uIrRnlNhA,10300
GVBBZ,4VaGNn14WfmwpsVvJ9mN7i,14000
Rät N FrikK,3tpUngxYl0s3jkqFUQjDEJ,20400
the Unbreakable,1OV2YgDC0IKS9Iw1s9z6bd,5600
Ephoric,2KUdPowv9jaSB82rvKX80y,55800
Francesco Zeta,3xaT0giycjaFADjAnrezrd,47700
Special Krew,7kjwXYHF7QavObEcFRJLpB,51400
Arjon Oostrom,2sdP2pb74y3kf44RxZwaCb,258600
Mr. Polska,1A6HQzOvtGaCYihOuIKjE6,3600000
Ronnie Flex,5eir5zFJpES4j7gsymbVyl,3100000
Reverse,1Hajf01K7ueCAwdSDmEkR9,39
Dark-E,6M402lSr59FPt4ChG6Zho7,38200
Sylence,0H6s1CbpvyZpA3hmZmuDxh,64500
Cyber,79i7bgIiU5tNoA1uozhWCG,0
PartyZany,4SmCINKTHgrqn66jlaETCn,1900
Zany,5lHeHJPYUJdDBXIApseBwO,405800
Wesley Klein,1FrJF7ob2Mov0nd7Kv7Lz2,369500
Snelle,3E31HqA00iCX9nRhesw6LD,1600000
DJ Maurice,0qadSnl99IzsHDlG1BEwcb,277500
Jelle B.,6WkfAgdkBGd4XyBtULC0pP,6300
Hak op de Tak,4N4zllt2MXplNv5tciBn9e,173200
Joeri Plaizier,5qp7iwZO2wQ3WzHZjvb9w1,52700
Peter Van De Veire,2w8DBeLfDsohvE17XHR3Yz,30100
De Kraaien,2TZJIIHDLfgdMLFejURyKf,193200
Buren Van De Brandweer,0478xZLaj8batwh7Ohh2nB,112100
Veul Gère,0KpEX9Hb9jJaxSEgDRMLbM,69900
Szeukers,2sfEidsUcCawvmu4wcCHdw,16900
Technoboy,37jL2LnGjAkadOCszr8v7C,2000000
Tuneboy,3mZnhzeAyjpFhO3cIepzBr,1900000
Redixx,0DMNLEumIV3W41jrcepByd,2600
Crystal Mad,2NyXMMvV782sHnPZogo3bH,3700
LNY TNZ,1x0ScxgiyFRQDKT4VwcLHa,871800
Justin Prime,0TFdkHvlyUVl9zrb4seHxJ,242200
Oxya,0jZeStEHilj6E2Yzbtd1oi,0
XCEPTION,3vH8Rv37KXuUZzSHICjTnm,87700
RWND,7kwswnyQhreu1ZhkvWnQ8Y,1000
Soulspeaker,0L18aW1HrslLAkfC2PFufD,57
Vertile,2CREMC4YATn7Bx9ZQku6IH,520700
MC Gee,6ETacqSV8fGQoyJ1dboFlA,10
Øien,5qNp5UbIhNLdYVIAg4Sxic,61600
Koalaz,7yyB7AhmuybIT7le7mux1n,4200
Deepack,5hnFqGY2kc233cXstqrGev,95600
Mark With a K,4OPaH4YIqua9DUnI7t0fOQ,573400
Benjamin,5FgAhHocNrSCn7Ox87uyef,296800
DJ Petit,0cTXRSVZ6qB7uj9AqRmHpD,2400
Russo,2rYWceJ64fH5hw2XkXR7ee,1100000
Shayla,4km3tvdhyz2AKCKhoFlNON,196
Linke Soep,4QFvT4PC5dNkInq5puvl6u,16900
Brian More,00biMyvE4rPEAahqphKmrZ,16500
Forever Lost,5QG0fGAvCl1iKbBonxZNSB,3300
Anklebreaker,33SlSV9Phemrs59SmjA2QC,58900
Niet Altijd Rozengeur,5Cnh1rfIQCdkffBZQALheU,2500
Sjpringlaevend,3krhP6kILH0q9AzqRX1GHR,2900
De Deurzakkers,3M5iN0BKY3bPXEvfjm7UgC,15600
Lamme Frans,3VTVxM9FFSMMrnO3nOh9Si,38900
Niek & Danny,2LIIPVgbol9VWXMjSED1um,150
Stefan en Sean,5tbip8eYCoZuXO0A8HV94h,63000
Bram Krikke,5B4zg4qSXc3znw9xUbh7mk,77900
Audiofreq,0hHKtZEXHNsXfgrNgU7Zkl,112100
Skytech,4CrDEHL7ysNabeYvL3xjUX,1200000
Rudeejay,2zC8RU0p5FvJeCPPLVBR8K,676900
NACION,1IYAQPPp7oqoKTfAhpUTUb,1800
Valido,6MyEsnc8o3ExhUZVwK6QI6,3
MELOLIFE,0FO6VRKZDFUckHWPLHptoQ,7300
Project 1,4dT5oFUtzhgpCx1s9Ggb4W,13
Unresolved,6glAHKAPvBPUQ4HQcYXxpr,189000
Artifact,39B5R5tWbwQyHX4AitOU9U,12700
Crypsis,4Kr8tEhZ6ecAQnqxd7WkTb,130000
DV8,1kYq8A3HsVh4308qNefGgp,16700
Tatanka,7r0XhTtL6mkH36KJtlkGlb,7200
Kalvijn,11X2JfCZ9k1u9xMKTGkpdK,37300
Uncaged,2HDeehZ2osQxtP45Q1asqo,48500
Yung Petsi,3fLUixLOM1KxH2PgdN3PMK,8400
KA$PER HITS,08n7QXVIuEl2JaPdBYRVsA,4000
The Kgb's,21F9AUtZQyr1Vz6RXMSVch,10000
Taylor Walcott,6MkgF3zsg2CMOziniReALJ,5900
Ezitsuj,21JA9FooMn3Wlaqfjq4MNx,19900
Ransom,0wZbdAcNn6AjGlNUZek9j4,112900
XO Nomit,5xhwxQYSuMEPRT0Npn2kA3,14
Flo43,4PPMLFExhNywjbSGQskB9r,443
Aline,0V8j5d1fOR9pp8uoGYTTJY,143
Otto Wunderbar,30kDj8cJixV9yr3xBFLNGX,29900
Mike NRG,3Csudva2RbRr3JwmsQZOe0,18200
Imperatorz,7eS0sxPiRLeafMwpgLJml1,134900
MC Livid,3GvnEADrxf9LST8avbLuMe,95900
Funkhauser,2sYp638IcOnnrIFRR63B9B,121100
Elyn,083jsGIxQK6LONX4n5qHh5,0
Neilio,2wgZcTOArO4znVZzjKkiOH,32400
Ohwin,1OGwZNkGSLDa6nBPhl0qLl,0
Zareh Kan,7LB40hAuMP0ttXsYEylx8k,11700
Blackjack,7xJ1azkOnMsjoelWjJDn2I,12700
DJ Virus,4IyDnIMY0GtNZXsKG9fwgG,24
Ques,5uFsGek10ioqb4ComCE3gu,32200
Maxtreme,3skGwvTX8jbm2EKf0Whe1j,162000
KAYC,5ap2HvPPq2pCVXjaoekTR2,10100
Stormerz,4FSHCrSzZlOrwOMmEInVwf,49300
D-Attack,79QnAdpXGrzcsIOFtW3gR4,29200
REVIVE,6ilunSmiKHt6sXusLweMWI,11400
Ihaka,5BBdtQn46DWRr3FZDkVm7s,0
GLDY LX,5W8ur0q0526Cj59h4qbmjl,157900
Rogue Zero,5f9KP2lluFnPK2IbvM3mx3,14900
Jay Reeve,5AVdeI8lS5HS9VGV8AUyS4,167600
Piqo,0Z0s2cD2uMliCezuanvDBq,0
Anderex,7wXBtpPB5GFddtz9OeBlPW,519200
Sins Of Insanity,41jZYjNEye7JGDj0xZELcL,8000
Blocka,2Qp2hJTsBS1b6aVIoGVyin,660
The Nasty Boyz,6OcU3UmKhF2bMKy2saQrYB,39400
Deluzion,3r40SMXcvhhDUE1xhU8MSB,62500
Regi,77ehFS1P2bU6Bfcs1qu6Jd,293600
DJ Jantje,7vDs6eleFanOJHBjpzsqyF,62500
MC Creature,1ouFQIKAI0vc0qd7o3954K,29100
The R3bels,4o67zz1xHg30uVfVyZdDWF,5800
Eternate,08M432cp5R6XCNXKMkidXB,13900
DEATH CODE,4TxNiQlZXcBj79ySTx9f2o,28400
Drean,0fIg6a2SOYU1IY9GOh7wTq,132600
Imperial,550b8T0chvvOkcIFueL0fx,4900
JOVANA K,7yWBWSzhjWlUVeW5ZrkuVk,1400
Adronity,7Mb5yxNJ3N7E5zy9SpnXt8,1800
TNYA,5uyrncH54t5oHqQVYgisiT,10700
Irradiate,3iVpZjQNb6mpiV5KY2xY9I,231700
Snollebollekes,2DbTbUZFWbi3U3QzgJqU0V,711600
Hollandse Herrie,45fw3tJfEBXeL16uYQ4HC1,1200
Crystal Lake,5DzNxD4vwCDEIa20oEzB9l,160400
The Machine,3X86QInWg7yupxaU3fvvjB,6600
Niels Geusebroek,7D22FhEGzT4jxbjWryB63l,322200
MC Stretch,6oIpax63yT9ajyekkcqv0L,53800
Audiotricz,52I8HbScEEvgwiiSDaM7gP,179800
Villain,0pDkimjmYwN7lQSFNjo6Bx,6
Rewildz,2dazU1L3zOpHEjW9OB2myo,6900
Dr Rude,5akubyqg9eYtnCtDEeJz2s,364400
PRDX,0U0SloMw2nZvUpsRKgkHYz,2200
Aversion,2ecqtRdHGMT1SSSaYXoYlC,348200
Faizar,2OuEx5nkUI4arwdwtRGE1C,16200
Exproz,22jcDppDfbm4cqqUDzM8tU,199000
Cold Confusion,4uNw48Ory7s2FsgxCgUOUr,26700
Dj Thera,3wnWv1CbRJ0JuDgOcsBPfd,42500
Jason Payne,7zNgBJI5ddd3GanVxVq6bW,24300
Builder,2UdwxqumLvRmYJbROLxazo,14300
Krowdexx,7Ecbym3UD6q848BAse6Qeb,1200000
Luca Lee Josh,2IZD1P3pUqxbWxq2ZlXOwt,7600
Alpha²,1Tdwaj8zRi9lqzsijL7dmA,36800
Natalia Isabella,5R76wfoxfTcjE0nA0VQ3Xn,4600
DJ Martiens,2pSgFST10xYaEQDpWmF5KI,22300
De'nie wel Rave,0t40ct33r6UVKOcAHWttke,6300
Ali B,5quv5QEyL2XAloebaau69m,712400
Poke,0hgX6slgQFj1QpjpKHbcK1,912400
Judeska,2eSebrxznYmpfRSr5wGM8H,7200
Bulldozer Project,0lrSSwfXkaQaG4uXzLirpH,5000
Skoften Sloopservice,7AfM80GvEJwIzxf2zocMtQ,41100
Delete,5ba4f3qddeYRq7BQcAtFBS,123700
Jake Reese,0eBOZ74PcpQb3SisNPgaRQ,335500
Odium,6J2T1atTrazMhACALYdA5Q,405100
Sub Sonik,4FApejrnKXgmvrVmBMRO2l,371300
666,76TM3QXivQvlLmZxdYxMZr,612700
Geck-O,5TfuDjIGoKIDy1c7l0DBsB,61700
DJ Medved,5hxGJlfFd90mi5ki9rCSkQ,120
Max Enforcer,18PNlguj4UWXG46wBu567s,203500
Elke Diels,3RX2Z3QpNFu8n5j86lbeBl,0
Josh & Wesz,7G7mVrnF4ag8MTX8o8sizx,56100
Pavo,7GiYRnCTrDAFmnhpcqqTwR,31200
Requiem,7BUBmWGHZYTLEAMxlbmFNy,259
HT,,
Clockartz,7GVB7uYTgkeYtLJxYMYYDp,61500
CODA,4Lq7tU7ZrFbmxRoomnG72G,77400
UVIQUE,3fBgCjQOr2fku4LroZifDd,20200
Shockwave,5jSAw0F6ozmgnv71AAc5Io,37
The Pitcher,1QsT3VKbdtjMxXoy9myb2X,143900
Slim Shore,0g6xDSNn61xcJRSycDRuKk,25300
MC D,3Bb6ED8kMd7DqRZcgZShL1,2000
Dutch Master,0G6czIsavWpeviDbk6QlS3,17900
Omegatypez,15TjoFblYf6b1tYhfc6b9x,20200
Galactixx,450u38hSRh0Q2UyghEbjpS,329500
Scarra,75CWM6dvHUuLGsQj8fJyXr,38900
Lene Kokai,3ID70rgdBC9c45C6UWH7hp,13
Davide Sonar,4hM5zqr6QAzJSwOaVKgxxO,60400
Playboyz,2FrTrCj0DWy8AYkLturDhH,47000
Luminite,56uBktjCLyONyLAgE7VBq1,41600
GABS,74Q5f1hBFoIX6fK8d4jxBn,18400
David Spekter,0F1UBU7ZD8HOR44X5M6eMT,15700
Miriam Romeyn,0aWMgBK0XdINUoV4skvQlM,1200
Killer MC,31xXjvqT3qFHK8S3RP3SSZ,4400
Energyzed,4nUaW0pYOGJuy6shGYNWfA,11800
Invector,6dzkjHwlCSs5uy93DoiZ1s,32800
High Voltage,3gp2KVOjzLgKMo0HIBsd6G,25100
Nightcraft,4IQIMZPSBfizEPPGdCmsXV,128500
Bass Chaserz,5SxjKJ2HIg3dVQ427HYVHS,243700
Noise Cartel,5yDz8X7IIvH7PheEXbo3VN,78300
Donkey Rollers,42B9mEQV8cJNFLMtU8RTvR,32600
D-Charged,6bPXSfsHFvyltUwfqUrrLy,212200
Warface,1wuQQfTDZhgNb4GJyhThUs,1000000
Nova Jae,161GEfzSgsUSGUj4cbydUV,0
Code Black,0I5is4tdxHhT3Ft2EzPjlB,302900
Nitrouz,2LWNycSa5dfqLukyKdgQ86,8500
Concept Art,5WVDwdJ6jhLHQ2PuRQz7Yc,43200
Thyron,75jOSvJYkVT21xz5yll1xM,95000
MC Activate,2T6Y1C0xpZYgY2vBKNyr3n,46600
MC Flo,6kn1zMFsqWQgdLSUN69j9R,167900
Phyric,42fxTfRVl4nRiAcqbrfWbv,4000
2 Best Enemies,2On3f2wgmQSnNmDQGmsAca,23200
Sephyx,7MXzeG7zoG8pKpqKCOqcZL,182300
Syren,4vwfPRd3hcN6jWAAWjvKjz,96
Dillytek,7jyPELo8anRil0femQikVJ,9400
Kristina Antuna,41dAIf2IkI9w4bldfUKQHC,6800
Abject,7BOCr0c0FIYAUjmRpiwjBV,16900
Damian Ray,5liX0vRbvORENzGrNlmJ4J,4900
Ava Silver,0l6LU5NRvLTVeRDJZznwLX,482100
Madoc,3eJkzc3PSoGAxivOq679pz,17900
OJKB,3hWdtIRsz2fBmL42R2W4nM,9300
The Festy Boys,33XCy8WMiwHb2yNQcLYDVw,4900
Weapon X,1TgOIEQXWThgGkrfgzYjSr,4200
Chain Reaction,2voeq1SXqaRk45wpKHJhgz,24200
Laura Borincaj,1eLQdmmfHYqIi6A5xDbSHD,0
Scabtik,6mRyTGlFH3JnDgukiZnQ3O,9400
Dope D.O.D.,64UHlFDUkT8Hx3RCtDUieN,141800
The Partysquad,2dQgOfBP52UwjegY8FwJAY,529500
Donnie,2ylIKKdMukkuprCgY4ZDFE,2000000
FeestDJRuud,0IId5Ktyl22C7W9PtisEXD,207400
PANE,0zVau5X3ncPpDEpykdb9iZ,711
Jackro,2DmEO1qBeq9jc3HPI7V3H5,14500
Kruelty,0R2MCc7Bg2RsZb7nOKpJdU,8000
Cryex,5NkT0VLTEXldi82KVVnG1b,89400
Matzic,5icd9CGTLeERkT6s20imCs,18200
Ambassador Inc,3vPo8qS138wFMDYmd9skVF,29700
D-Mind,6gksFZdSyTfEL92NPQbnXq,97400
Qriminal,2sTHvEmfr75UDmlFFsdRot,53400
Ressurectz,3RoxAJrso1XZowEEwtCbxq,4100
Vasto,0v0lRQ2d19nbzhnXMSJ2FI,918
MC Synergy,1FLdd3d0lSuFCmD2RSC2pH,49400
Mizz Behave,5Coy3LB2u96Z2pMGKf7mRw,6000
Section 1,1eUs3gA8ifp4ovLgmDloXQ,3900
fawlin,1u5hEHvd4fpHDUye3r9lAm,111800
Und3rsound,6Mu4CynRtQyYX8al5IJO47,153700
Twisted Melodiez,2sN34Lk5QETeCVOWlJXtk5,23500
MVTATE,16KgfaVMW0Br4MhQ4dGx2R,24800
Sickmode,5PbgCU02dfdBCAzpOaNmYW,1400000
Dirty Workz,02oW60rlHXuLMBiODd6nob,209100
Sydney Talor,4MHfRpOapn76nELDb6GzQs,0
Hatom,3EX77r8FNIDXOQ1xGtXKZJ,7200
Mad Monk,2r0v3z5tx5SKsRvNxrKV3Z,307
KIMM,5cCJJZAUeepbo5GMyyFSc7,0
Vexxed,4U4WW29L9MGr8y8xeh0REo,123
In-Phase,52HrdVaG2eVCSWx762WoKi,11000
Voidax,2JqPH5sGxBA5lDMUmO5uAE,13900
Maegan Cottone,3d8BRJdkVQMFmdRu2eR3yg,0
SMD,0wPgHaRY4JYnF4zPhOwIeH,14200
Killer Clown,7p5TKxWGUxCDX8aOXf8hmp,3500
Dansado & De Feestmeester,1Mkig7lvNqKA8Z6QAKy8vG,65700
Mad B,294tFddzo93M9ArmZPd3Mw,1600
Hardstyle Masterz,7kcM0lGlmNngiC2CD0YoXG,22200
Rave Channel,1GEpPyjX1CoctmEuMQP0fj,657
Diego,055VzY1R9f871HvNBkeR0A,1600
DJ Ronnie,22k2HW7LyKmtnv422fu8Qb,7200
Southstylers,6sOgkz45JwQRmQg9MOyB1P,7700
Brooks,4mHAu7NX2UNsnGXjviBD9e,1400000
Kenai,6lca9phTiMCNjObnwuCFi1,379700
DV8 Rocks!,5NUaGHWxd57phABMyucacm,12500
B2A,3NrtaV1ncaTPdFXnbzSqQC,47200
Unifire,2UoIaHR2fZ1R5kMbA5Z5VU,3600
Demi Kanon,0MwTAzU4fDGGfrUAHzYwRJ,145500
Nino Lucarelli,2Z6k8JBzhJPPRIAyKaUEJZ,360200
Regain,2LG9AxpGxu0nzAEq18jRpb,0
A-Lusion,4GWz1hkqnRxvBqWIu6BUM2,25200
Redhead,0fS90MFrp1cEgJgmIsEWcq,97
Ivar Lisinski,6oOlcyS4ENFeZq2CIlxIOU,16100
The BeatKrusher,1JuRY72tmWh2rKqz75gCl2,4400
DJ Stephanie,3HVrpP1tDmHMAlFmBOgzaO,11000
System of Loudness,08jahn2OvsxyyzSfquOkkx,2800
Restricted,7mx6iGwPF157vXwYcl1DQ3,3100000
Ecstatic,7tEAlsvmuaVnKQyswnonem,247100
MERYLL,4pqY01dGuzojomnVCXYbXC,1200000
Bright Visions,0emNN1sdeedFWTl0dY9FHw,5900
Revelators,6N5WzN9kXd0fBMGXuTSFg9,96
Seconds From Space,66BO2VbuhuZscbbV1VjEw2,12400
Spectre,64PgCX2YVSrByCghC2DvrO,178
Acti,03pEKz09CycmEd5s2itQKa,8500
Zot,15NawrSPFEFjFGfvoVmaBY,615
Luxtreme,7Gs7ELP6TZK3IxiQunEtYf,4500
Disarray,5HzAVjYVX8EYbLnNv9Vrke,93800
Crude Intentions,5zXPv1332E2IWXvjotBr09,188200
Joost,6s5ubAp65wXoTZefE01RNR,3400000
Zushi,4TEtKIGm8DIkdq2LGFlBaw,530
Fracus & Darwin,07VU01S53IQXG9yXvqRKeL,16300
Cimo Fränkel,76ftqv1cm1EkrgWiC1pUUV,58200
Bioweapon,3EfUmgy6o1IOQBL4vXKgwd,46700
Sjaak,2YjydjpJfm9VAtiV0XRmkm,298200
Billy Dans,1eCYPvT9MAbK5htIBYQ4dW,912100
Ivan Carsten,4A05OVNldlBvhs9aAi9R9d,4300
Retrospect,02cgbE5SpwHn1ekru3U3Rv,1300
Serzo,3OhUveXjN6gDbNt7ygN8z6,158700
Trye,05qXxRLLCqng7W9z9cL0J1,24400
Qaos,7tsp4Do6sGaLVMS9FzJrnH,4800
Synthsoldier,2aYw1VignY89UokpxjuibF,41900
Neroz,76WqyxPmL1KmO2up8jbYOC,17300
Taylr Renee,27feHJH3VKyk8FgOndiWU8,1600000
Matsoe Matsoe,6C8e75Sp96VE2cyEno7pKG,453
Union,6ZirS85zGUFH38QdgITyT5,4500
Abyss & Judge,4qf5XXdaReYNKEqimVju5g,5600
Lauwri,51fPoYOdAZUujJJ9LBDsnK,66
Scope DJ,2ApjOdcW0b9j6gEIHXBhsW,51900
Waverider,69SYuxQAcaKHdgZYFMkJaR,20400
Devin Wild,4ksdbwHbqSmv7sWP3W6L21,234000
JGSW,1mRzzUiBiRmklHKtzlXvRz,12500
Mandy,1dbWYnoHYo0G1ICN1igoE9,3
Phrantic,2Bg6vhG3aY7ixxqEGZeos6,20500
DSTORTD,0tMSK9NhHH1TecqrCw1hgC,894
Refract,41lWiT1FGPMHKu8DEoOMGm,3500
Jerome,4xcDVatLFh6qlcm41er3LV,2400000
MC Alee,1g657VoenQETwCWCe0u1r1,4200
MC Dash,531t5fXoLsmwcUGhaVYYk6,19900
Gostosa,2qoQW9EBFpNjEmRUVV5Enw,15200
Michael Jo,0jqSpIpPWIxPpAyvfExLQC,52600
Splinta,4JDf1D22o4amMORrJvFG36,7
Rising Altitude,5RFmEYkMvEzTHPIDN3WP1q,9900
Rawframez,1S8hjzWUCcPJ5mEsu8CU4Z,3400
Physika,52NpY0nQvHw021b9j9Ke3y,29500
John Harris,1pDBb4n20yenVKIfmchhQC,74500
GridKiller,7njBiH1Uy0qNA8VvPPtEG7,42200
Primeshock,0BtiMLqwAvO3yHcPh5BWCS,292300
Sik-Wit-It,0bGzCTGusiViWT1R0QZLS6,462
The Hose,62fZ57CTJIQrNNU7xLwmL4,4000
Monkaholics,05jkgJCHDpTEHzoWTrYhk8,483
John Kho,0VchsYZoaIrsXSCaJwKWlY,57
Mutilator,3AkGIMk9xwDj4A5ttNBPiN,301000
Mc DV8,5IwlEnjuTzjzusAsvjwfsw,24100
Hardstyle Mafia,2ZDQRYaCNTMLiOgHG9wA93,8600
Second Identity,5983K2UKyCVXR16kyoLjl8,2600
Nikkita,6fFCZZA5OrqiXFGPT7Na0v,220
Emphasis,3Tmiv882YugjBpfLYSHZ0o,24
Razzle,27CJgXN8xJPvnAhJnmzj2b,62
Yuna-X,0ppOkdxqSSolmlzAOi0Lmi,482
Fraw,4AGDRCSqrobTOwmsvPuSrC,208500
Hardfunction,4wm2p43N7iw80NkW0T5QmF,1500
Marco Oostra,,
Project One,7fMJN4fdEwmFWd8uz5pnKx,250000
POPR3B3L,7FrGpBVLTMWtxSdpHA1al0,36900
Schizophrenix,3SY0Mr5xahRmqEQEiH2Bq1,752
The Beholder,3VAKo64i0xQ4xjNNWmRkiG,11200
Art Frequency,6k5CoCWSyDULUdbbjohKIi,2800
MC Raise,36Bocpahok6SYyJhPWnlht,25400
Mortalis,3LhZKtboRSFVpWtnZPSXgk,2700
Jimmy Tailor,4mj3rKjH0oK1vGLpsR7cPm,5000
Lady Bee,5WuoHUDzojO8oto22ahnwN,340500
Chris One,1fco4riXaELODB1jc1067g,11600
LXCPR,3paZuq5Z5ujlOTr3XvQEU0,64599
Lea König,2m29CUD2yGArHe4Fhpir5I,23
Cazz Major,6OYSnS0zxUX6XIAWKhJGnl,0
N-Vitral,5yirHkilaq4YSjO9BY6oy3,786700
Aftershock,6KlY7jizsLWQcXR1F2Sn9j,303200
X JAPAN,4VrqQQy6X0hlMtqY5gp6Wx,498600
Riff,3uMm7CPUx2akjaBXYIveP7,294400
Los Antiguos,25WqiGGqVjN0gLpVHqaP91,27700
De La Tierra,765lwJRjITnyzWPOjM4Vc1,10500
Asspera,0iy7QDMTG00FqTFtlnImPO,35900
Rata Blanca,632M26jlmnCrL8CqD5i7Kd,4400000
Almafuerte,6qYd7xlmeeeDkPfx6mZ9PV,396200
Stam1na,41nB823nb3wxEI25UeGHqG,63900
Pappo,1db5TWniHR7iqwXer7AiQ2,686700
Ricardo Iorio,0HNFg6mSgz7WLcN74CI3oT,230100
Carajo,5tDdTDGy0l8rHkeLaaEyyN,76400
Hermetica,6j6Ld5h0aFgH0VQWQNazS7,164300
OConnor,2fkbcrv0tNgxkzT0wvivRN,47100
Anna Eriksson,3hkOwPeGLYPraanLOYiYWV,96800
Viejas Locas,7wTu5u7W3kc9Id5JAvSAFV,2000000
Malon,3MBsvBr8B6mfjO6txfT6uL,52700
Brothers of Metal,0WPCPYm5IDNtQjuJOGNPcy,821700
Barilari,0bEinswrM8NYuppKnMljIg,80400
Jens Johansson,731K8hmYLjjaLDXLuTaATP,2700
Emppu Vuorinen,7tyVsyB3kW8qHLs3ODFtpx,96
Sami Vänskä,1Fti89SFOrUJ6sc1OlLFHg,0
Jukka Nevalainen,1NcGGv2dh6XC2tJWaBWsj1,0
Beast In Black,0rEuaTPLMhlViNCJrg3NEH,1300000
Stepfather Fred,0Iq5o4V2ifynprGdV1aHZv,2800
Accept,3JDIAtVrJdQ7GFOX26LYpv,1200000
A.N.I.M.A.L.,6eoz7BtTcC5Q303xQtSgj9,66400
Chuck Jhonson and Juan Jose Burgos,0rLocKMoxKHy5NB9lHuWPO,32200
Richard Kaplan,6pwbEVmUjMKf33l6WulgRj,37600
Kotiteollisuus,0r9Q7acXxkDPoqfRfAb9Aw,102100
Horcas,0R0FEEepfDr3js3lsGPykq,53200
V8,,
Doro,5GLeyUhj8B8f5pJxqZllKl,172700
Lörihen,4HgUPVt7LhvdpUbZhmotgx,9500
Valonkantajat,28bRt53MIJjKuyQm3ieG6M,2200
Kilpi,6TD3sGMDFDxQqOj0YL12b4,16800
Plan 4,1MDbZWN49HRGDTkcIKTT54,12600
Ale Sergi,6oKLWbs4OqvmeXnREk0flZ,38300
Aonikenk,7hjJ0q7oXYcl866xlKLmu7,7200
Tren Loco,7aFWI1ooewKlAlMparvoab,30100
Pappo's Blues,59dLJG3ZVwkMZLFKByQCJB,360700
Кипелов,1zPtT8rIn2NjlXr37K57Mb,217500
Helker,73UaCOx7zJtZ8HlEjTnb0Z,8400
Chuck Jonhson,6XGtrhjZ1fUejdMeQXOJz7,8900
El Bananero,3ZZgaskfD6ssMYfKjEb2Z7,30900
Heavy Metal Perse,4Tn492w39RC022GcG89rYW,6600
Daniel Lioneye,2i9NRYNKiEtRVvF7XU4qE7,21200
Timo Rautiainen & Trio Niskalaukaus,6sJ8TvVdY3NLFxtG4TESzC,35400
Seikima-II,3xl8koA4X7WDnRYSmjYeDa,56700
Lethal,7K0Q9SUKzxWgefD9qSch6S,8000
Mastifal,1EvaJtqYxjC6ag0IU7uyRM,17700
Juanse,5AQlQBU9LCmQwReukeom2I,60400
Viikate,7q12xW42JkVKEMFNQACZ3l,73300
Cianciarulo,51NO7YnhSgC02dyIi7QaBp,82600
Denied,5SWGq3iSMZyab6vqj9mNz8,1500
Mario Altamirano and A.N.I.M.A.L.,5Szv9SK8b5cY40jhN0mV5m,33500
Die Apokalyptischen Reiter,04L8hbMJRQ5vFnLeDgA8xn,105500
Aria,0ICn3Cbc4mMeLmTvwnqXYu,178000
ONMYO-ZA,6a2e3isd4orqnwvdXXYDVc,97900
Battle Beast,7k5jeohQCF20a8foBD9ize,585700
Serpentor,09Z8ZKx0g9HCsO9BiaYMwM,4000
Nayla Scalia,55lTQ0P0AymQOZGIPm1lq6,0
Adrián Otero,0RZvJL3AicNni7cisqcIxC,14000
Театр Теней,7agVLhLfishTzcCv1mCMR4,18400
Rowek,302pl6shGWFGzh7YqFmNgq,3200
Beto Zamarbide,5l55oX7odjOOqGYWNtMO8A,0
Lordi,14SgKNlOCKAI0PfRD1HnWh,449900
Megadriver,5Ebyxzsw45WAaUZTiJ3fkw,15800
U.D.O.,2aWjaq32aRQo58dw0w8NM6,189400
Dream Evil,1bkf8u8ot6vEpWTJFBzKZB,166300
Megaraptor,1I98HSdBKIcRpCmd839ZyA,112500
VOWWOW,5UKAIeLtbcNY0wq9VucsHK,7700
Kinniku Shōjo Tai,49Ih923DaLzIEGqAe0PirH,19700
Ari Koivunen,7MkCEt5JSHsRTj93L0X389,15200
Björgvin Sigurðsson,3j8uizFCfcMS1h67cQJZAd,19
Alejandro Medina,2MvoqSSTigBbfXWoSHGtgj,2800
Pappo Y Hoy No Es Hoy,1GRhF2u7x9tSgAOq9IWLMq,3300
Ciro Pertusi,1WfuDfBxYtT6FmhKaLKFJc,0
Andres Ciro,7bvUDdPliDumrM1IkALqR4,0
Tano Romano,1pB7DnYxsE4QaV9rI6VMwc,3200
Bloodbound,6nf7iwR6AoROxfUKZWd1r6,286500
Claudio Marciello,4gHjWV2oalYMkHYfBCt3Lr,15200
Patan,1f7WRHFzexYOOYmxewy0pk,0
Renacer,7B9pJzrDTdS1HCnuNQklaU,5400
Zorra,24rW9pJGa7dFAbxOBABwg4,1400
Omar Mollo,3gvvM06RykBuIcFpWljUhD,18900
In Solitude,5CNR5mJJPAhMamFWQ9xJxD,5400
Moris,6nDtQCSWqly8rUM8s0JZa5,36700
DEAD END,2iyhz71bBQuNVtGjbzCr4z,292
Yajaira,30XqLBME9I6YRl6ugWcCUg,2500
Dragonfly,2YWMQSFPyEluasEfHOr5sU,33
Marko Hietala,1tbhwOH5UBAJoqTx9Oak00,54500
LOUDNESS,2bjzKs28cL5EVKB0xqUGuJ,73900
SEX MACHINEGUNS,7ryhULNX7RLDr2sAwJa2wO,21200
Daniel Telis,7CwJkoI4joDFNANXKnysMu,21
Guillermo Sanchez,07WQSkGwdwfKY0vVmjJJFO,423
Mindless Sinner,0R97Zv1iQRPyj4xPQfk1iV,6400
Udo Dirkschneider,07CIzmTuAiQk4N2OikMfbw,13700
Animal,5jzcCT2mj5mHr4xU1XafTH,22
FLATBACKER,7kBu9YDKdtlIw0NhJG2Znd,2500
Screamer,3qcFxAxc0pzQklnjUKxPDk,3400
1782,18HomXPmmtzcpTwaPQ0lFe,71600
Ike Parodi,16Hg2EZZxk1rc4Xyxeh4l8,1500
AP Dhillon,6LEG9Ld1aLImEFEVHdWNSB,14900000
Shubh,5r3wPya2PpeTTsXsGhQU8O,12100000
Ikky,3nqS8jzqmsPKFJTp0BOIel,12900000
Shinda Kahlon,6aQfrWHwAcuY8IYItbChZh,7400000
Gurinder Gill,5DHi2MeoRgAwPE0A0qwRMl,6200000
Gminxr,4vvW590Gq8dNWsP5BM9FkS,3900000
The Kid LAROI,2tIP7SsRs7vjIcLrU85W8J,43300000
Chani Nattan,1sSYaQBOI71QZDZ9OWW3hp,3600000
Inderpal Moga,4Lk9Mory8nRTolPO1TMMcN,2500000
Intense,0OS0NZnK7TGIAWx8MkWNFN,5900000
aleemrk,384pA1WJO9B09gUcuIL2XP,590900
Maninder Buttar,2sN4fSzAm2rAL0HIurPCEM,2900000
The PropheC,4aopF0aU0Nbu5GtSorXV0W,3000000
Sidhu Moose Wala,4PULA4EFzYTrxYvOVlwpiQ,9100000
Akhil,6zZrFenNe3YPttxZsnQQs1,5100000
Sunny Malton,2ScEhgArBEdKyU4vNHSyiY,1600000
The Kidd,6bYgde9eOAKwWgpCUpdiin,33600
Dhvani Bhanushali,1OPqAyxsQc8mcRmoNBAnVk,8100000
Abhijit Vaghani,70voqWnL1gpuxodufMgBt4,5700000
Bob,69TcMkhvenAeokIhBGIUCQ,2000000
Vilen,5gVozagAcRKYCeAVnlC3Nk,3400000
Tochi Raina,6k6dimE4a6OFnD0HWmkIUW,8300000
Anirudh Ravichander,4zCH9qm4R2DADamUHMCa6O,23400000
Adithya RK,2AQwMDyDvgpZcHLITOpgpm,2800000
Dabzee,2JJKoRrK7Eec7jlcjFB7sc,3600000
SA,,
Anthony Daasan,1lDx24tVvy8JVKOVjnlJfv,3400000
Kamal Haasan,5asJ8jtjk36r5PW5upyJm6,3200000
Rokesh,00LxYZ7wjuOneFyYMFB8n0,858700
Ramya Behra,4oLYCl1Ay1UxcF7TUNPXOQ,38300
Sahithi Chaganti,01dP5AXWzqsUZj4VIcUSDM,2300000
Vijay Yesudas,0aUQnP4HhUQXcurZl9GJIA,8300000
Lil Nas X,7jVv8c5Fj3E9VhNjxT4snq,19700000
Jack Harlow,2LIk90788K0zvyj2JJVwkJ,24500000
Amari,2UJ9tfT0cOFGo1FljX1vwM,9500
Bohemia,0SWOtgI95g7oVrP9halrmP,3700000
Yo Yo Honey Singh,7uIbLdzzSEqnX0Pkrb56cR,18600000
Money Musik,0Y5Wgx4aNU8Jm4T9OxI22o,1400000
Armani White,2qAwMsiIjTzlmfAkXKvhVA,3000000
Imran Khan,24BYRlsS8uIO4jA71mJ4Js,4099999
Arjun Kanungo,3bAFvRjPZrpRz9Ox1sElQa,2700000
Momina Mustehsan,7J2gs5q2wLq6lU4q4wkyuV,2800000
AR Paisley,4CqzwlyoNSvoGeMk7NiMhd,467800
YG,,
Tegi Pannu,78sIlhMniFgXlOrNWnPtIl,2100000
Manni Sandhu,3IzepIGEFUSFFnuIVGwZDS,3700000
Guri,7AzzWJUcEEKVTOijy4OeX3,93600
Guru Randhawa,5rQoBDKFnd1n6BkdbgVaRL,12900000
MC STAN,5uemEEtB1ZC3s1KM7gReeH,1000000
Dhanush,2F3KtUVtrt2GLjcl6pB4cz,10200000
Shruti Haasan,06vOoTzj6cIac9FMbNXz9h,8700000
Byg Bird,,
Zahrah S Khan,7C5xVXoqim1TICnCMZ9A6P,2600000
Mika Singh,5T2I75UlGBcWd5nVyfmL13,10200000
Ali Quli Mirza,5tCVWAczftmj4Ca9p6RJmj,108200
Neeraj Shridhar,3tHD07u1ON4uHxmnT9rwqZ,14300000
Ravi G,7F0SYkO9wyNY0aJFD2C1bD,1800000
Shashaa Tirupati,12CpR4SNDzVIlDoPSeNFeW,12700000
IP Singh,7pauOFC9bRqioSX30AvNkG,3100000
Stephen Zechariah,4ONKKiZXVVuz5nAWCUnnjG,1800000
Srinisha Jayaseelan,4fbPpuZDZjzbTdGIwhD45a,3800000
Ajesh,7zneCNzf0wfXcjCOvirRlX,3300000
Mohit Chauhan,5GnnSrwNCGyfAU4zuIytiS,26900000
Millind Gaba,7hVmdlsJp0E2WQIvVl8ngN,2500000
Asli GOLD,0MDuneb2yM4vkubU0FwDKp,296100
Sanjoy,6qjhYs5KNSoSU6fNJqDGIo,5400000
Paradox,0mgNs8G47LhbfqgsQhueOv,11500
The Landers,7KEQQy9VJpx2xaojUu2VTp,731100
Bhalwaan,0B6Y4zlto5DbCaU6eNLvXi,1100000
Signature By SB,5uhcvmuj3X2tr8ooCLrUAx,1500000
KR$NA,5C1S9XwxMuuCciutwMhp5t,5500000
Mehar Vaani,1292Fb98poF6N9aEk9oibw,685100
Jass Manak,2P9JaCtpbQSuZOgvtPrUJ8,3200000
Emiway Bantai,008PpLcKUtVXle6JSwkq3I,1200000
Jaura Phagwara,2NV7RSOqlCvigkJ9xMBxDW,1300000
Aastha Gill,1BYjhAClGpBTLZfics0VRZ,4900000
Jasmin Walia,4bWGzsNAtfPp8P7pSBukH8,2700000
Bilal Saeed,7hHDO4bJGlEaEHlY2lj1eZ,3400000
Jordan Sandhu,3TozxPbDes76aGFdfv7PMv,5600000
Sanjana Kalmanje,4zQpCebYLmlfG8Cw43xdtZ,2500000
Diljit Dosanjh,2FKWNmZWDBZR4dE5KX4plR,17400000
EST Gee,4FlG0V0jhLO4qGpayFOphj,3700000
Sathyaprakash D.,5n2QCkYnVVPQ5DLVRxOm4j,1100000
Jithin Raj,2GkBjSH85M2uKGVtFL5eua,2200000
Brodha V,6xl0mjD1B4paRyfPDUOynf,895800
Nora Fatehi,76jfMJlfNPQsOBblO0ZaEA,1200000
Varun Dhawan,1P0xN5daAiUEebg0m8pY2O,726000
Surbhi Jyoti,0ZwLuYX3Fe14PhonPeqd5X,143
Kanika Kapoor,6qcIg4IPLulyc03mWR87N8,5800000
Devi Sri Prasad,5sSzCxHtgL82pYDvx2QyEU,17900000
Mr. Capone-E,3BG9cpTxZQzQChcsp7ss9a,317800
El Alfa,2oQX8QiMXOyuqbcZEFsZfm,25900000
Ananthakrrishnan,07ziSY1M5vTjGnNtW9WNeR,1600000
Jhayco,6nVcHLIgY5pE2YCl8ubca1,31200000
Al Rufian,57o1IPq5xCi32XkPLCDsjh,672700
Rome & Urba,5nCDKB2wHDtZozxPp3fcWh,77800
Divino,3PkVrt8lRBTV2RDSICxz5X,959800
The Local Train,7b6Ui7JVaBDEfZB9k6nHL0,3400000
Byg Byrd,1QO8PBgZ3Cv1xtKyw9ihjT,2000000
Snow,3uZFBSsMiooimnprFL9jD1,1500000
Kaushik Krish,0qkE3ei6S9JhPheroVpzqn,2900000
Padmalatha,7xgN0GCVgPxHiU8p8PIYfk,4099999
Natalia Jiménez,0j8QSBQZ9MNSGjHr1Vll1R,2900000
PSY,2dd5mrQZvg6SmahdgVKDzh,7600000
Varinder Brar,4C19flKmMm12gRxmBJWMCV,2400000
Shalmali Kholgade,6uskWv5K2FA0YOAYr7JOUz,7300000
Rav Aulakh,41mbGEbwlzaCzy3sDVuFoj,126300
Dub Sharma,5pJnHE4GkcnLYMvnMOmGZr,1100000
Wazir Patar,3bCfmBmsKvp4UXialp6xNZ,2000000
Azaad,4t695sX6kF0p2HZMbgAOjD,0
Daler Mehndi,6wa1AsxB9oJP7lwNSmbcYx,6000000
Hrishikesh,23y7sT3YJztGVJUMMYuxL4,1000000
Neuman,54SpMvvemA3VnhHCCUmtW9,620800
FRANCO,5gVPsOz2uAzkmSbn4NwYXe,1300
Shazneen Arethna,7sCO08Lf7f0FHy2KEEZ5lk,674200
Samantha,7ExWkh4tY8Y0HYmTD3kz7Y,115700
Sunayana,2B6by2aKuDkLUo06LV960f,620700
Shooter Kahlon,5oL0GAI8fKD0Wgbr4Em9AS,1400000
Mugen Rao,521uA5nxi1L31JgK6yd2lA,755600
Prashan Sean,04WGlrqyaR2LvjkL5O2eVf,493100
Yuvan Shankar Raja,6AiX12wXdXFoGJ2vk8zBjy,14700000
Sonam Bajwa,2SyZp7V9vbRK1crDWxy4Ds,769700
Ajay-Atul,5fvTHKKzW44A9867nPDocM,17100000
Ajay Gogavale,0vkpFzbSTmwPuGGnhsblFI,6400000
Sikander Kahlon,08mu3VEvLCIWDq4t0NNoTN,411400
Shakthisree Gopalan,7zAp0JbkavFg2rcMGvANtP,7900000
Saindhavi,6rEXjeIJ0wL6BFdo8CRcit,8600000
Dido,2mpeljBig2IXLXRAFO9AAs,19400000
HVME,2o08sCWF5yyo2G4DCiT7T9,3200000
Ajey Nagar (CarryMinati),1VwNP7mP5DmTsdJqQuW0nT,423100
Wily Frenzy,6VThiaywEMHlLUf8ThNxdg,388700
Akull,1dqPqXbxxYtCtLbKeAN2Ss,1100000
Mustafa Zahid,71oGOxg5ez52Hh1Ye41A98,14100000
Sunanda Sharma,7AKO4PWJ6ToZVUfA5xmsIY,3700000
Payal Dev,6FtZhorjCMfkaVJ7kKdmq7,8500000
Blockboi Twitch,7fc9ZrMgda9ugNGz5DOTtw,166100
Desi Crew,6lMIhndzcevFkVWSJnXPt2,4300000
Satinder Sartaaj,4rgw8A5vcYinpZLDKHrEdV,11100000
Raj Ranjodh,183DgO92lAqgpVVNKI7ZKF,5100000
Kahlon,6rHyVOJFRsLEOo1aOd2zQG,955400
Chlöe,1FtBEIWAwvw5ymBen5GICR,2300000
Gana Balachandar,1GH0DojDQJeEKQ4BDMShAL,1300000
Srinidhi Venkatesh,1PDFenKwhb7oNx0bxCyQF2,1600000
Christopher Stanley,21U7OdOREja3hRaxem7U4X,918600
Sudarshan Ashok,2sSILAscwBbgmjmwlecoFA,475100
The Yellow Diary,6xlrAAgxcRlgCXnbg2hcFc,384500
Sukh-E Muzical Doctorz,0yniDkE5y7ci4X9OtLBXaQ,3200000
Amrit Maan,7GgAwYJnBBFT1WogNWf0oj,2400000
MC SQUARE,5WZViOJ21095FUcGPMpKFF,4700000
Deep Jandu,2RJawMqX9ESxws2KMtHyP3,2900000
Arjun,1UvNne28egz13yfzNp6nXE,10900
Dilpreet Dhillon,5CGQa62CAweD76eHlDmp1m,1200000
Kaur B,43iOhUGMAnS6QbPEUYqkpg,999800
Mac Miller,4LLpKhyESsyAXpc4laK94U,40100000
Bjorn Surrao,6WaQm4n7YfvvH7r94yMAeu,306600
Sid Sriram,7qjJw7ZM2ekDSahLXPjIlN,16100000
Chief Keef,15iVAtD3s3FsQR4w1v6M0P,14500000
Ratatat,57dN52uHvrHOxijzpIgu3E,555600
Da$H,6xFrZbce9KH5APjBe4QVNa,65099
Pragathi Guruprasad,1IMZlbjHW9DCrW6xbtjI6F,1500000
Alfaaz,1xHIVVHhwnuYe0uCAip33C,3700000
Yung Gravy,2YOYua8FpudSEiB9s88IgQ,3900000
VTORNIK,1iuGd0kNu2eqLwP9DFGCNY,313300
Phonk,5eo5rYwBYl5CquUttegooh,8000
Parineeti Chopra,0NuA9c4Q9jNHICuqBnsjVR,900400
jetsonmade,0UcXjTpzt0DmIwPSNwlJfF,689300
Pooh Shiesty,5F1aAS1duwlzExnPs3l2Xe,7400000
J. Cole,6l3HvQ5sa6mXTsMTB19rO5,36900000
Talwiinder,6QoCrBHsojKnOrsGNfRcTN,10500000
Enzo,2srV5hUunuZoSnih5DQJXi,510
Young Stunners,01PyusFVbXgoD5Kl1mR8CC,570200
Talhah Yunus,3mGW1eoqwNtCxd8R3hIOM5,986700
Lehmber Hussainpuri,7w4cOzDZ5rfomlKHfunmbV,2300000
Wajid,6f5kUMXGROFtdAtxXZwing,6300000
Sneha Pant,6MqZjgch4AHGc5f8P1167O,2400000
Amar Sandhu,52azpeiy7FKa0hoa8CwL6E,45500
Inno Genga,29cBzYwqCZF4fjCisS8UvU,1800000
Dina Rae,5jNmxPYz8QE5rYp4GDil8t,1400
Sultaan,7frYUe4C7A42uZqCzD34Y4,2500000
Gavy Dhaliwal,0Fz8lO3JBWoZRprqgNos8e,40500
Bhallwaan,3FxW0tkjSNrYa2RvxqNKMG,361100
Swapan Sekhon,5MbPfJqHhxfXRw137kZPXL,0
Gur Chahal,1rt19qkEViw6JnmrDzm4A7,372900
Sukhbir,7bcSOvqOKoyZqU41p5YuoJ,2700000
Ikka,07iEy1AecUPVzfC2J2gCHR,5000000
Divya Khosla Kumar,5tQK6I2uZ8bZUwjc2eNep9,68500
Playboi Carti,699OTQXzgjhIYAHMy9RyPD,40000000
Amit Trivedi,7HCqGPJcQTyGJ2yqntbuyr,23100000
Jeezy,4yBK75WVCQXej1p04GWqxH,10200000
Fateh,1t44XSPiW7z8PebleCo7uP,1200000
Gippy Grewal,5kvGYraWFlXs2Jbt1Kphn8,2600000
Girik Aman,0wEpmOl5l4V1PijK15QuDj,996900
Gupz Sehra,5ZXuveln0SCEl9FW7oOMYz,497000
Hans Raj Hans,7967TUOaS203OMlBrsHS8X,801000
Harjit Harman,0LikRZIcLgKr4L7a37xpmx,662400
Harrdy Sandhu,4ITkqBlf5eoVCOFwsJCnqo,8100000
Ranjit Bawa,6pU5oz09VUYtnFTd4P1Mxn,2100000
Sharry Mann,5azWSYXVoLKYKHlR5zNJ7i,3300000
Surjit Bindrakhia,2tcB32mxjVzmLcyfGizWNX,929900
Anand Raj Anand,5ixQ5hSywFLUaxoaA0uVaH,14700000
Atul Sharma,3XogEyWUGyJGPSIjKuR2Qc,451400
B Praak,56SjZARoEvag3RoKWIb16j,15800000
Beat Minister,5qQVMvDtASDmERUI9LlbgH,843900
Manj Musik,7IVzXMMN7fFi7PXxPhXcAB,1100000
Mista Baaz,4WfXu0xIHhthU5Jb5x3hRq,1400000
Preet Hundal,3jbXizgjZpi8FZ9g28wb1c,1200000
Vee,5aLCSARkIADqbSrMOrunOH,377600
DJ Yogii,2kObkFKhEbrHb7cnSfrRw1,611900
Alisha Thomas,2JlwKfQpBmPFip5JT4d7VG,2600000
Rusha & Blizza,2HrvJh5lOdSH1DLlWCAtJI,786500
John Wicks,6IXCMrBt0mAAwczpIwxZbL,10700
Jackboy,2S2mt1DiA4QKdKvtqwxrbB,600800
AFKAP,0VI5poXvvDVFaIPdL7M4rY,98900
Andro,2VOCs6lYNw7KgXminnltr5,1600
Ghostemane,3uL4UpqShC4p2x1dJutoRW,3100000
Gurlez Akhtar,55kkrbuMkdzPGD7YGA6xrJ,4400000
Davi Singh,04C4hliPNKc6VZsTzmyyq0,358400
Tulsi Kumar,0T1CMVkqffHlqEk4BcAph1,17900000
Alyssa Mendonsa,279ZItWl3nzCaO4SJJdzAN,3700000
Niranjana Ramanan,3GB9ulskXfPOQCzw0SNEDx,727400
Master Rakesh,7KeHqlOZHTwKhGAT8qrQ8L,1000000
Shortie,2yIbh3ljfJvWJw5VPj2n6t,1100000
Deepti,7oa1NaHIJ7PtRzPbObT37j,823800
Jaz Dhami,5IfJHO9jIE1GVuC517P3nr,2400000
Major C,50a4dxPslaHuBHp2oZ9PRa,162800
Bizarrap,716NhGYqD1jl2wI1Qkgq36,27900000
Quevedo,52iwsT98xCoGgiGntTiR7K,34100000
Panjabi MC,74D1UgRzMhTSPz698exXmR,2200000
Sapna Awasthi,2tFjeCx8NJhn7JBTTiWT30,3600000
Navv Inder,7GPyedHMvKTiM2OfXc0MVv,1500000
Lisa Mishra,418X5slNWlJwym4x3Oq3Cs,1200000
Vikram Montrose,0aXLGxJ65wok0y1bVG6flg,4900000
Takeoff,3EW0kQ1skZiK1NHg3Spt9J,5400000
Darshan Raval,2GoeZ0qOTt6kjsWW4eA6LS,13100000
Chris G.,2QewDwamIBPdWpwSeIPYyy,46
Mc Sai,4eZg8HhuJeHqjw7g1a02E9,479600
Sahi Siva,4DRRQdgaGKQGQMLjYj00C3,454600
Prudhvi Chandra,4xUI2yJe8cZHYGhS8rk1oR,902400
Deep Money,6t6D6drTfOF08Jp4w9wY2J,1900000
Dee MC,21x3ja7RPjkjLoaJhQmw9C,743800
Zikar Sandhu,5hosf3lG4PI49MsLxTqcZa,23
Amantej Hundal,28kGdf2ant8i73Fab2F7xq,456300
Suzi Q,0VY6hrDE8fYcFv956K8yIG,2300000
Sam C.S.,5VAyiDhBinVfc6RM5RKnLa,6500000
S. P. Balasubrahmanyam,2ae6PxICSOZHvjqiCcgon8,18700000
Amanda Reifer,1PpDfXOUG7gxUjR1quWnwp,1900000
Nushrratt Bharuccha,1UhspKnJSXSz6I0pFtZhuy,0
Tech N9ne,6UBA15slIuadJ8h2lPRPos,3800000
Joey Cool,7gfuVa1l0fULad3yf0n1FW,0
King Iso,7vTyZmNA6LC0WRDg7V6yle,699500
Dwayne Johnson,1T8S48bD91THNKBByWBDyn,5200000
SAMBATA,3Il6TyOnML9fMSCyDMbUCO,959400
Cults,3Oim8XBPbznAa8Jj8QzNc8,8500000
Amber Coffman,4vpGVGgxSDcCTmqYbsOnsn,136900
MC Altaf,1oMKeiHXRkg7tNqwhaS3fu,514500
Phenom,3vQ75vDDu0nhfHuEW3n17Z,69500
Nimrat Khaira,0ea0y5ZxnN5TbEDzNtx5Fk,1400000
Mathan,6SKyKdlIxDf1JmwWgJ9l2W,158200
Naven,21X2iwETuRendKavqKueda,158200
Kaushik Iyer,0tcz5e3MX0tze3AN4S6rdq,210900
Anmol Malik,1NuyYLdcAzg9EmaLxMkKZE,763400
Anu Malik,71hjb5G92mGoKRSAW3Cj00,21300000
Baba Sehgal,7hYZXC29LqX4vWGloviTyG,2000000
Rita,02X6F6VYgaqeOPC0XwJ4zl,26700
Ayesha Darbar,04Z0eGz8f3oRz1AolSNtvf,9100
S. P. Sailaja,0w1zspBrCXnMx8CcB1WR31,2000000
Arjan virk,3W4K6YoTzt7G6jc2rtNIbY,291700
HRJXT,4s5P33ladNMi7gcBMHwp9a,281900
Ram Sampath,3PpjqSKBer3obW6lDflOBx,10100000
Aavrutti,0zcKJMI0E5YGHl7vIXPUPZ,7900
D'Evil,6WnYIHyaTeR8cxmaWX9Rez,128000
Shah Rule,0GG56bFqGJ0zGjkOx7NTwm,79700
NF,,
Bobo Shashi,207e202Dz3barZ9ij9jGpR,688100
Morrisson,15p6ONcUoj9K5HHtuJv7cd,96
Manikka Vinayagam,5sehJiCiH15ihXYCKyEALX,3400000
Two Stacks,48u29zX9L4zVf57TbYV7Oj,1800
Madurai Soulijos,4FgSTfUKCjbKGQlhuH5e34,26900
Pink Panda,4DBNGKCWVHaxuDNBAgTiJH,518900
Romee Khan,0M0cGJxEvz7f6uEeQUCnKV,78
Hit-Boy,6q3p11nP1p80Ey6LrOOSed,1300000
Roop Bhullar,0sYnCQ9Eb3RbEHOqVQST8d,399100
Prabh Gill,4F5ZNBJDep3GTrMip2tpI4,1400000
E-40,3crnzLy8R4lVwaigKEOz7V,3500000
Miss Pooja,0DyXyd0D6fMUsuD6yONANx,2300000
Tehjeeb Hafi,4pOA7Ulb1xGrjUwCZr0AF0,0
Bhoomi Trivedi,16IWQKGP5XiiKxalXZuIMZ,1500000
Karsan Sagathia,4zhIkiQG4uwX1aglCB89fQ,668200
Big Homiie G,3IG49Dhngr903hQWOFzmlh,254300
Zion & Lennox,21451j1KhjAiaYKflxBjr1,30800000
Alexis y Fido,7tU1VKOuxiNZwBZC6RHidA,8400000
Sharlene Taule,1GeMs8oYWyxJDR6T8MstO7,0
Nio Garcia,5hdhHgpxyniooUiQVaPxQ0,12700000
Trebol Clan,3YXpTiyVmYCfANOlnWv6vr,3900000
Lil Durk,3hcs9uc56yIGFCSy9leWe7,18900000
George Jones,2OpqcUtj10HHvGG6h9VYC5,2100000
Hank Williams,1FClsNYBUoNFtGgzeG74dW,1600000
Drifting Cowboys,6LF21o9Yfj4a16Rw38Vxml,322600
Tammy Wynette,1LFKKuzn302wp15dYH28id,942600
Frankie Carle,40SRPccslwLmXEIf9hZUJu,19400
Pete Bernhard,1qCh4JC6bIICvbo5rnqwp6,40400
James Hand,0LhTZWBL8vvxZhJxYBWUmi,24100
Charlie Walker,4nlSdismDIIEUYKQzLRg0k,24700
Floyd Cramer,6DQ6mdEhxCgHPqfX1niZZK,119200
Railbenders,5VkVaxrbRsJXAnRbz9HfO0,17300
Webb Pierce,1ARZrF9nU4zgdDHuBIfqMq,154200
Marjorie Hughes,0uLyz5wCWsQt9C96NkQhiO,0
Faron Young,6uvq6FeVsmhOWfJHxVNeBL,166400
Lefty Frizzell,05pAwLhsutiuj6gerEwGvU,177300
Eddie Noack,69QgxPDHaeDRDMl6icLzCp,42200
The Dirt Drifters,1i8JjHb2xPYOQrnKGMwpOf,26200
Shaver,1LLjXmwbI1sliMwQyBNmcC,0
Billy Joe Shaver,05FEKb23HHED5ZsWmKo8kz,196600
Ray Price,5sAg1HZePcFfhrs0G8A8OP,168300
Carl Butler,2EtHntibRhuBeOmpRT2HNF,12800
Malcolm Yelvington,3GsQo4yOYOv50rossGAn4v,5800
Carl Smith,4FmgWM5kNxZ8ibCNPS6hHN,44700
Johnny Maddox,2To4jNx23pDgZJbZx9ynyJ,3600
Ernest Tubb,7gS1Yv0RynyzKX5ICtKIhS,235900
Margie Singleton,2PtETwSMopfV376UUgcwIs,2200
Winifred Atwell,6dYjED5eEVQa9RdtR0KAM4,11800
Stonewall Jackson,0NqxUSg57tX1o1WG7VU1Vp,101400
Cowboy Copas,4szqhE3dT8nzYnlXYGwzmi,11700
Mrs Mills,1CfNMyL1MsEfjhdncy0O6i,9000
The Jordanaires,6CXezToiGS8K6jr9kr8Muv,1500000
Vernon Oxford,4tdTTJhP32CTQdApLOaUnJ,21300
Rose's Pawn Shop,1LJtIL5oefyNjM2r2FomZ3,6200
Anita Kerr Singers,0vbEs3DgphJ2RGZqh4qFLT,13600
Skeets McDonald,4MefoMHX012T3pRW0FzqAZ,4300
Sarah Gayle Meech,0Y8YSfbGR6EQN9kDyJ9d11,1300
Melba Montgomery,6TeB6t5E1uJfbJGRZvJAAv,17500
Audrey Williams,0osAqAngVm1C0RRKNsQhBR,2600
Del Wood,0fXXbr84BqB1owzIFf2oPE,1200
Jo Ann Castle,7DnmaGtgTJlrbfkIMzeNel,7400
Cal Smith,3yFnqoyp1e54tZEY4ykvNB,489900
The Smoky Mountain Boys,3lq4bTR5qYnlJ0wBHwq32D,8600
Sweethearts of the Rodeo,5VvcMMfn7KqIjK9zRONL0d,42400
Rusty Evans,3IbIjOA6XCux4XTU2WTdKr,417
Franky ‘Fastfingers’ Flint,4oRWbgUwswOdyScM3sEVLu,3600
The Jones Boys,4yHKEvj6bIWOTSRvFxAmjJ,11100
Red Foley,56tggwKsz5OqCDf1i0Str9,72000
Sunshine Trio,0qDfuhpFr8McyDDbSa9BHn,0
Leon Payne,3QKtaL4wAhr7ccGnaHTLxQ,9200
June Carter Cash,0ZnY6mQmgr2yZarjry68td,953200
Curtis Potter,35RAbGgAjZYQzZh3LxAPlt,964
Tony Booth,1SQhu3B9D7O2SwXI7PRTtx,4600
Darrell McCall,6MqSpEX458gcEDjpWwhDJd,6900
Carl & Pearl Butler,5xlRDjh5E7kHNOTAMVdr1P,4800
The Maddox Brothers & Rose,71e9BJNnvSUEnGA7XWZfCp,3600
Jack Cardwell,7rj9jP3pUO8l5E3NKBDlHk,242
Russ Conway,3CH93c2rBMyBq9eeWBCQ60,54200
Gene Pitney,3ap1NzHNV9QA1x1V6z3gSe,315500
Merle Haggard,2ptmyXoL7poH6Zq62h1QT9,2200000
Glenn Miller,2aAHdB5HweT3mFcRzm0swc,1400000
The Wilburn Brothers,5e8KWR0Z1CsumXvxgitADH,4400
Honky Tonk Band,6VuhKa4ewOObRJt9tTj2m1,3200
Big Tiny Little,1VeFbX7iUKOxWtsIm7tk9O,2100
Johnny Paycheck,0DchahWJGQqrqr8PMM5zQD,961300
Lacy J. Dalton,3JTFILRsbbqmkb740jjT0l,171500
Crazy Otto,7ahPnBJddRjDfNb8NjEaG1,4800
Kitty Wells,4fxdqujwhb2NIQyr7qnnPX,149900
Johnnie R. Wright,08Ogym4l1RzswzJ5SrLfa4,0
Dead Hot Workshop,0R1ZWmxJMsluNwRwWrNZwy,1600
Waylon Jennings,7wCjDgV6nqBsHguQXPAaIM,5200000
The Hubert Long Choir,3XxKqsqLHdiCaVwIOnet7v,129
Charline Arthur,3uqb9laMMNx5BOwHHgwGft,186
Johnny Bond,3oY80B5wwJ7TH3inVejOQ0,166900
Dallas Wayne,0PpyxffW8yED0Zr38Amhgw,2100
Bill Anderson,0gWNSMYCSHF4wxIs1XTSDh,69600
"""Little"" Jimmie Dickens",75IQWXwH2zVeP5XdXcgSyZ,0
Surf Mesa,1lmU3giNF3CSbkVSQmLpHQ,4099999
Emilee,4ArPQ1Opcksbbf3CPwEjWE,179800
SAINt JHN,0H39MdGGX6dbnnQPt6NQkZ,7000000
Shouse,2TcGJdSOiOvITBzhvfX8XB,6800000
HAYASA G,6L5WgMUzw10WPxDk0o8ghs,197500
FanEOne,6kQPCQf0NTmbj6hwim0vkT,349200
Edward Maya,6XwwFnewNgWp81MYMK8zLq,17300000
Vika Jigulina,34dZRjYum6vVBGslgYaBtB,12400000
Demeter,5JIgApvXvqq4KtnDLE9YBz,450400
ISHNLV,5qZzS4qbriUwGeqoj8U1p3,575300
Eko Roosevelt,7hs75D38FalYWr7BDO1WPh,570300
London Grammar,3Bd1cgCjtCI32PYvDC3ynO,2900000
House Gospel Choir,1ilcpQQeF5mmvfO682aDgJ,665600
Besomorph,619CzMJPPWrCeZwx5qw6ko,2200000
Meo,76NT4gVXCYbuQeWAEb2nlY,37100
Malou,5mU7ohKXRejACFS8eZIixp,6800000
Emmit Fenn,3VVLqeEqQQqTgT8YhfY9Z6,3800000
Stromae,5j4HeCoUlzhfWtjAfM1acR,18200000
Kungs,7keGfmQR4X5w0two1xKZ7d,10800000
JHart,6oSTtYd3B3OJubFU8mVhHQ,397600
Cookin' On 3 Burners,726MxZBpkxnnoKl6aN7mmj,6600000
GOLDN,5VSLpR56lBiCC9jp8JuvFi,3100
TRFN,5Wj4v7ri4aDONkGEIuo0zp,3200000
Siadou,6P4MaYD97c9CnGibMPf4rd,17700
M.I.A.,0QJIPDAEDILuo8AIq3pMuU,10100000
Scott Rill,7dNg7OLrxcWU9cVe3sQoMV,1100000
Dayana,5Vy6RSEJf7dqYyymV9T632,181500
KSI,1nzgtKYFckznkcVMR3Gg4z,1900000
T. Matthias,2R7k2SovVWGhTcvPx1JbQv,172000
Malika,4oCDlRaa8yRpe4keBeoVjb,976400
VOLB3X,29nkqEfPr4KzAnoDcKriTu,172200
BeatsHoundz,00LYx5I4Hgi8GMpYVMeLgm,87800
Coopex,3UV0wVQkft6lKLDGioqnyO,1700000
Timeflies,6dC0rIJNLSFZwqckLgXJ8p,736300
Dagny,6Paz0vXJJ9bCPf0fEm3qzg,877600
Hurts,3w4VAlllkAWI6m0AV0Gn6a,5100000
Master KG,523y9KSneKh6APd1hKxLuF,4800000
Nomcebo Zikode,4cfKtwkefMW3aiXtxfw8w6,3800000
CLMD,7LiVklVR1325BIOqD9kykr,459900
Jarico,6QgIeFQscbywNoTdWNZsMn,146500
MKJ,2mdhxkqoWFBLtEC5FRkMD0,837200
Willim,5bp5XaFz8Py4UFEhQ6FZRk,80600
黄霄雲,4vcc1VAbvzJjbMTsPYL6OU,583300
Kylie Cantrall,20EGKg0XsxPJ0GRHxfb9LX,3200000
Jubël,4FcZfItjVIsfO9TynErl7X,3100000
JONAH,6BJLBKq4KjGd1n1CxB7ik8,0
HAAi,0pkLgeB9j465x1QB2kRoy4,515200
Dr. Alban,6BkcAbUkfIBM4XudxieMq8,5300000
Triplo Max,5vie0556qntEu1EgA7ijtF,140000
Jhn McFly,7zznl279cpu0bbWfEjBq5c,84700
Marissa,4vPBwJLAskk8KqHx8hOaXl,984
Mr. Probz,33W1pnW9zScZtYTnAoWnOT,9500000
Arcando,0ycvq8upLhNmddPdQXhLOy,960900
El Profesor,2gTcdmBwgyh3EORKIXCzlw,722300
Lucas & Steve,5wwneIFdawNgQ7GvKK29Z3,2400000
DubVision,3XINWZaloea97SIRiyTJxX,1300000
Kris Kross Amsterdam,4LcUpNlXFEleaLlelmkv2R,3400000
SIDEPIECE,5czbzNZZfWpyFgZyfT3Mkk,4300000
220 KID,4Euia7UzdRshy1DJOSMTcs,1500000
Maddix,0RMeG9M8QFzss9bAbq99KA,4600000
Tommy Trash,1tBU8jUEdVR3mqSsAqEGfD,2000000
Virginia To Vegas,3v9wPA58IVrX2dg6AjSPgi,409900
Morgan Page,1N9n8MSxrr4Emhb566493b,908000
VIVID,3VcAPpkjFtd3Sj5fmqPQd1,279400
Ocoeur,4lybctGarwN1hdctv433Js,9200
Yosi Horikawa,1JSPpoXFLcEG2WhYlvmHPJ,101900
tstewart,5xEcI8Vn4ofUa5tLHNNlkV,9400
Bogdan Raczynski,2bYCvT1nqpbbspU5DZG5nA,2400
o9,,
SE,,
Automatic Tasty,27XqRwCo5cSrlknDXLlqjr,0
Serph,1N0uTSN7HQpzJYmQIvsusL,19700
Rei Harakami,1orPVlRmIYWQ2KkJcMjjnB,68200
Ochre,6pfpB4gNxW2xPgynbrbuQN,1900
Preston,2vRHdYxOnWNb17CnQ5BlLK,1100
Plaid,5akVqMzdZOdbMYbE4vNZWD,110500
Dither,2CTPZndAY5BwdgHk8AX0B7,295100
Toronto Is Broken,3DaX9l3f0lsiPjgyJ454wI,66200
Matt Neux,6J5AhIXDuulr56PUFivt3C,15900
Lil Texas,76raIy8boaM9sf9gMGXGJ5,2100000
arai tasuku,3Rk97Sn9WCwuXGmXJKA38v,19800
Comaduster,7qiPN4EfYY3qZqZwaAKzN5,6900
Mr. Projectile,5Er2WCIjotL6kGdeQqE4i6,3600
Fernando Corona,29YNHs1rF7R6Wtl0pY0sZm,22700
"Luis Angel ""El Flaco""",4kJ2OBSNasUA4yOT5NCfCl,3600000
Deru,4GolrXXRODq7bAGCod4JoV,31800
Halls,556r3BcwbHNYkleWfXw5ZB,630
Datassette,5bTaUOrBY8IWCwW12jCU5U,23700
Lusine,2fMe9lZs5HGGOwh8cMSIub,148600
Vilja Larjosto,6kdQRFpLfc6sID8pUfQLGo,16200
Digitonal,5IRw6qWz0NFImXO3hNOyai,22600
Rohan Prakash,16pFWDb30u8dMrT1VLc44e,1100
Khadhijah Shareef,0eq7LXdecVNPmwSBlpq0uw,99
Nishitha Menon,0Rd8E8buk445qSMLHLQVoi,99
Arya Prakash,5qPAbv6kRUhvTGG71NZiV1,99
Susumu Yokota,3ND5NWoKzlelYDDyWqSQpQ,359900
Proem,1hTlyo5QWVHUA3xUGgXqa5,5000
Ametsub,1lqeOtFoEHyRGR9QoRJpEz,5000
Mokhov,0aDiDIQbJrePa1QFZidEmy,36800
Tineidae,6FCqoR70dTgXBYkzwKBmfx,20400
MIKTEK,3eckuC16P1YKHG9fb7rrP7,11900
Benet Walsh,4MqsYgT5rDgG907p84pzIY,59
Arovane,6wNOfYFlLoZxi37nmPIB0c,25300
RayRay,4FS6bomikvJR2E9JHNwiAM,234600
Ikuko Harada,37bsUoMW0Hbqj1l0MxDkDw,10400
Ceephax Acid Crew,3Q0VPr02bPlokDVsv5T90I,10000
Satanicpornocultshop,3efTLFzg1ojUw3xePQhlWK,35700
Vector Lovers,2LK47LL5KdPAUJKFffzp9B,6700
Mouse On Mars,4ZgIWfyg9BkcqnJJ2xVR3f,35500
Pancho Barraza,5dmU7FrmtbQaSzIvGsE4Jp,6800000
KASHIWA Daisuke,5sGsy5o8hBSMmDUFTC5Q2P,24200
µ-Ziq,7AiamoV760pPGGM5PbOC6X,107500
Telefon Tel Aviv,53N4oJpWtmnB0KGLLserGC,52000
MMOTHS,0MLOZd8nYoXxHpOzDH0vXJ,11700
Sonmi451,1rQREdU6Zyil9kuBQJvaRN,8200
Mari Kattman,2cx9xvvWgLn451vQqnGuPC,2700
Yimino,4ZfR36H0qPMwB77F0bjIyF,3600
Ed Roughton,2QEzavViQW3cX9kBoO2LGL,0
Paul Emmerich,1JSx8r57MXhe6WCbF89k20,723
Gimmik,3FJQ5pXR8QMsR9zzzLk09T,2000
Stumbleine,5EX1l1RWYdxc2iDXpY5B5h,36300
CN,,
defrag,4GT2dQ4hmjwesCxdalSjDB,694
Plone,28HqZ2RaUbI3uewbxWDW41,5400
Mara Carlyle,165UIU9o6ULboTQs0QYXj1,4000
David Zepeda,4DJbeGjmwJ4NVOYlGYOKo6,14700
Yoko Duo,3qS9rCN3k1e6uBRYzuxqAf,13100
Stimming,2yPveJtn9DpeN0CgNJHvAQ,123600
Bola,4bas8LVLM8nEy6c52oSP0y,14
Near The Parenthesis,0w0n5GVOQZlszSi4WN1Got,11300
Infinite Scale,1CXiZvcWBURJnYZprjP0gA,3400
Melorman,7eCCg8PjF996Aq2RPynMrE,7400
Anne-James Chaton,3kPRLLnMixPQJ0X5PwXs7a,1100
Ilkae,3syDQTaZptGpu5iyYJxLnl,10000
Luke Abbott,3rVAnydRNnaQr24T3reJZg,24100
Casino Versus Japan,5xMtVcziLHpIwD9iNWPOM6,75900
Freescha,0TZfDwCnRJr7CmqjLTxVBu,4800
Boy Robot,4d8qOFpRIKGOKiAhf4HcuO,363
Two Lone Swordsmen,33Ztukerf3He8FeKk5acn8,37700
The Black Dog,7qdsk0UXx2jCX7jbp6rxeq,110400
LFO,2M0T4a1pkOC5nifN9W6e9e,96100
Bryce Dessner,5HHKeO04SOcxUxjruFXf5l,428800
MC Focus,2WZK4ltsxqMCsLbsjzfGyY,60200
HWLS,4ODo634wVqDxqgVSlXE2LO,45700
Anenon,1nDzzoDVAeT9c5PkreI1yI,14500
Team Shadetek,3ykncH5It4crvCwKUQRcQX,1100
High Priest,2Th7cxxMcOA78c0iIEK4C9,748
Freeform,20Ti5ZZdBtvDvrF6DNYgLo,204
Autechre,6WH1V41LwGDGmlPUhSZLHO,193000
Nobukazu Takemura,1iXLUp5POcP8TLvg3p2ze9,11400
Gescom,15gVTrdUtcXOz3utK1GPp2,3400
Adam Johnson,1mpZvM3DHU6o5DC1lJmw5Y,2000
Coma,3OAmPUVxyAIpRfmo4xiS5A,1400
OSAMU SATO,2ssvisCFlLv8BweTmjqIaA,3500
Luke Vibert,0HfxCluo7N2dhr4oRM0wBv,82600
Luna Goami,0lhdckBJixaWvqoSSo7y2X,233
Abfahrt Hinwil,7MTVlE5MFeIClfw5Zf2XoV,3900
Milieu,1wI0J2ZhJdaZOPBbt3LnWF,13800
Tortoise,3WggbHDpj4rPKbL97zG5MQ,86200
ginormous,1JsuYtR1GEeN2kf3vm7IUl,564
Daisuke Tanabe,2xQI5A9WmqrOPYdfl23MCM,10700
aus,2JHQIdLnjfyobZpDbVGdKV,34500
Pleq,3KM3C5enn7uaAOpZ2uUGdO,481
Hakobune,5tbEjgs7Twqh89pq5Ef161,13400
Voidnet,3WQnrXUftP8r2KIZK5UhSd,6600
B12,66I0uUVKgpOPlEjTiy87nm,10600
An On Bast,4qIHzBkWUueYNuEl3xCDHs,8700
dreissk,1yq2ki4iU8gNvHMlUrU8QA,893
Bochum Welt,0DDFk56QBhetDQ1wwNf8oG,24000
Funkstörung,4K9tGGFyw0Rab8akZVBMQR,6200
Jamie Lidell,6ASGmWCYupa0CXGtsDdYSI,308500
Cavern of Anti-Matter,71th4FPdhGaAHVeng0LfRt,11000
Cepia,6enf9pAQzUSPYxwYugzvgW,1800
Kelpe,6D5qrT7NQXcdvFTtCJNszl,18000
Quench,7KxmXTMMSMu1DIYA2G3CNZ,47500
Nicholson,7ak5W5CiG11tI24HVUJlqw,14700
Lake People,5cX67ZYgJm8VM5iN4XnLfl,136
Tanzmuzik,2dCDXpqE2gj7qHlqpzcLta,638
Wisp,7scInd2tt8fsEC4LdYAASv,291
M.E.R.S,1UrOpbndWyOfecSmL8myV6,179
Michael Fakesch,0K03rm4nHswn1zQZLHzOgn,1400
Qasim Naqvi,3HMjcIM1vwBifTgdYZlv6D,11100
hatis noit,1VMXdJgyzy12hZGmEk8LPY,6500
Ryoma Maeda,7Ep5uEh8liquhxBTAsK24s,4500
D'Arcangelo,3nEL9Ylglfn3CY6CbWZx11,1000
BJ Cole,2k0CTSpfHwzEfYnQwNIiHq,4300
Isan,7a7MvRxJIoVblndypH8XgC,17200
Hior Chronik,0WwDqOLT2m5PuAsFGkEybC,67500
Aoki Takamasa,7bjmjTh6nb3Sslb0AHWhJP,19300
Tujiko Noriko,7n9eKttEekbKaDErD29u7l,22500
Teielte,4zKoRVXYWUNUAdUYtlZirU,5700
Aktive,7gWmjYSqrYyY3h2ATvP87g,325300
MZKA,3IhTzTaOmDF4gg4cSLGNgE,104
Tim Hutton,6UYCdd9bVbbYumgn50nsJ4,1100
Skurken,2tQYZavHAlURIF4Z4HspDJ,189
Sonic Area,1kyzZNCQmVVERAnLJb0MSW,1100
Griss Romero,36eqG3jM0MhxTR7Cuw7BQA,456000
Oval,1Yti3CsDazWVjNMXBHx1Af,12600
Go-qualia,5SIYuNgSoTeUHSuCSnrfW7,772
Subheim,3sajvkViwU2f1v50atpMwv,11100
Leafcutter John,1CJCThhtbSHWSihjWWRY9r,2300
Mr Beatnick,3znZaFxK0ZZXSSrmBqmMIV,3000
Stendeck,4aWBtlUlXnofYoJwZTsqLS,2400
Karsten Pflum,1V43tNeG9XQG3i4qGzVjYA,700
John Tejada,2JWmMcE8Z0vapxOIiT7PLq,212300
Posthuman,274XKvuYk5OFrvf3wl3xGe,6400
Mac & Ward,3MlQmpzjIHMRPAzYo25UG9,340
Ensemble Modern,3VoMlEsMCX6sDnTmqYL8Qp,7500
Cybass,0qKOvfud2ajAxBCZySk29p,895
Monolake,4XvKzACpcdk5iiZbWNvfbq,22300
Seefeel,0jyH4jtanxaysaxwDVhR6f,45600
Metamatics,0MWaIWO3tQOJccGmcL8TP8,3200
Cylob,3rUTj1FI3FvdUHfS1nmRv5,13000
World's End Girlfriend,3lqgWxgqJb19h62n19FKQp,16600
Boy is Fiction,1lFZID8gnbCThEBKh0Pq36,2900
Push Button Objects,3KMR2Qv1uE6eNA0koPhvBz,210
Obfusc,7mxWXS9vNabNww98k0dyDn,6100
metoronori,2Cj4iRQwQmzWgMjGdb4kwJ,475
Secret Frequency Crew,6LiUaRLGMwgryrHMWyTqO9,216
Charles Angels,54oV9Hs936TiyvaamP1txl,60
Yui Makino,6EtarAFCJoZ2AvMuleZw0G,55100
Cristina Eustace,7FtrcbGYCMT0b7FFvdv0oT,7500
Itaru Baba,1UjHThHwAFe8boz4FQwzwG,43
Kettel,0R879eeczZPVAwTrbKXREp,25400
Secede,2TX49iaYgV8gRIyRw6Nx81,18700
Baseck,3osPFn4n6nIX1cI3EOaJMq,3600
nebulo,15ukWOuzRBz1bKfUkE7Ife,448
Datach'i,6ZULITXmOFWJwJKilsFRm7,3700
Bitstream,53yaYwSbk8NYtZ1FAZPZbK,521
Kero,5OhyO7D81b0sD67BJxAFrQ,93
Jodie Carnall,1CWXoXcgTPoN9fM3YK5usH,10
ReeLLove,6NtKY1QOlnMpKAZBvWiDCe,82
Dryft,15XyOjcwHR1BLzZDpcja9f,678
Lexaunculpt,503hICfx078zJ1Y4Vhl4Md,793
Mrs Jynx,1fk2SqCITKPp4UvJfJhB2Q,17900
Yoshio Ojima,311stj8V2orjkfjvLrLvfa,17800
Slag Boom Van Loon,20Yg9gqsN4nSGc8sGStkOx,18600
Team Doyobi,3PwebPlXy8NoRTcLIMmOrw,327
Mira Calix,7yop5VpIW8Wv2l8ReGzbSq,5100
Brothomstates,7dJoiDu6p9jcAESCcRYU0z,8700
Yasume,4A2mQPUdFa4R3MldFyenPR,619
Loess,07kl8MZmJbVzBoNGXEBj8M,1300
Nick Miller,2KYf4jprcS4U9UqTMJHGoD,0
Gina Beck,6ueVDVaATzI9W0BPCeR4WU,0
Baccara Smart,1iL3kpBIzxBaj6aYWmiAlb,0
Amanda Zamolo,4XxUwd6Dw4bEtGlDpQCR7R,18300
Access to Arasaka,5SFU7HLhBYOfksGMeRUKnR,2200
Richard Devine,4GELr4GU5inBcvzDntZhvv,3000
Björk,7w29UYBi0qsHi5RTcv3lmA,5600000
Blamstrain,7omHde2HZ8LCWFgOD0EvHw,1500
Jake Mandell,4TEmw2MVWUXaE8rC5YftFh,78
Recue,5mj7XFu4748dKRGkLZQpUX,5000
Cassius Select,3ANxMohX86hAwLMGhIJd7B,4100
Pilo,6fpl7Mo75rHjX90o4hE2Ck,3
SubtractiveLAD,3EhLkPpzlO2zkJZEmW9rkw,1500
Boc Scadet,5ohuWvWijUnG5BXnUfciJh,4
BVLVNCE,3S7OaqLCbH99kcVnZU4kyW,6400
Zardonic,7BqEidErPMNiUXCRE0dV2n,214900
Lateral,6EsYSMHy341qHnRMUW4GGR,5100
köttur,2eOwyQBYQJFzmpbnTFcWaR,3
Disjecta,1Y3V4laUXSpb4AewWU0uJH,146
Pede B,05X5qdeeGgBQe115bTNlWu,87900
Bauri,5IDE9Dg0DiZ3golNikr7kZ,576
Nikka,6R6YXFfXIt0E92AmKux1e0,2400
Neotnas,14hIyWkjBnuUF93lqL9eel,345
Geskia!,1oJe2DB51wpixuTsWXsE5G,193
Electric Company,4mTX3X3aLW08gv7UorzOoc,208
Anuv Jain,4gdMJYnopf2nEUcanAwstx,21900000
OAFF,2k66ibJfgMigF5QWqUgLyR,1400000
Savera,3CVXA5TAWpmfGPqyMqXpPb,714000
Lothika,7yZDrVInKssNCaZkAkQGTX,857800
TUSHAR JOSHI,324yz9K4ufBcGkcgUhTiHH,798300
Rekha Bhardwaj,3cqeO3muWIW5uSmUDNCmyT,11400000
Kanishk Seth,4hGFNXuWut4b2sfJCJJNEo,1800000
Shashwat Singh,6iv4lysB1yHXoZJ2gfqTdh,2300000
Antara Mitra,2UwDJeoMqYers5Jmm75zm2,9700000
Sreeram,5iSzaah2lEZaCgm5f1bVQm,6000000
SlowCheeta,3XwzEefwYfxlv9xVyT7r63,22000
Anvita Dutt,4nJ0kto93jDLHQKmpGeYS8,2300000
Sanjith Hegde,1plObTufEAfeL1hk8Qz24v,5500000
Dream Note,4o0mCeiUIVdknPUMhpO0bd,576300
Hesham Abdul Wahab,50iBEPSw6kQ8GQkumXz7XZ,5300000
Nakash Aziz,4kq8z3vydHjPDggxb16ErB,9900000
Sreerama Chandra,2bfyLSCw72lQ5qoD8cdVBB,6000000
Arya Dhayal,3wgZfKbyO4MfUMvfDlxdQp,60200
Nikhil D'Souza,39fT56OHEL2E98zDKrqBsC,5100000
Atif Aslam,2oSONSC9zQ4UonDKnLqksx,31000000
Javed Ali,4W91bbPB2CTSsHwt7eqNl7,22900000
Irshan Ashraf,5OG0IXzIqYPB67VMlEJOo0,4300000
Shadab,0NeoPmJb4LMYLHhX8OVaNA,4900000
Shafqat Amanat Ali,5SuRAj1A9FEHj5NxS86YAm,13000000
KSW,2GhRzK7XzixKuZYEEfUkBR,1100000
Vismay Patel,43jHbOAD9UtOEO1la8CVHs,368000
Sandeep Shrivastava,7qATomOqJzoJiuEpAaxOXd,3300000
Poorvesh Dave,3U4ZRBChsjzagb4wcEXutU,1500
Kuxh Beats,7LSYV8cUBosvmspqoBVClx,716
Javed Bashir,5diMmmNkRVfgUnXJrzXzjZ,10100000
WORMONO,5osbiefpwljgv3pRQNmbFO,138400
Tejas R.H,4cP3ymK1Xo0dqBLp98g95J,0
Mohan Kannan,0iqFHwswV50GDerCAjulem,1900000
Deepak Rathore Project,1VFIeAFbzMVHmvGQtfE6OI,338300
Madan Mohan,5Uvn1P3OFu268QovsUAnDu,7500000
Javed Akhtar,3UpmjPgIFSGqnxXuiwD014,11500000
Pranish VP,2RXTjV42UE6r9i5izVsiKa,154500
Shaan,5cB4d4jPYjMT326sjihQ4m,14600000
Soham Chakraborty,2vdTNHzAv3vnaxfiz8MYtB,799700
Akriti Kakkar,00b3Pvuypd6TYcNIIEqwPT,6000
Amit Mishra,2LgKrgRJcbJlt14i1LTzDU,3800000
Ash King,1cfG7UM0OD4O1II1nd15Qo,11100000
Akhtar Chinnal,0rCstvhcy1BZyDomzN0YPE,2600000
Lata Mangeshkar,61JrslREXq98hurYL2hYoc,18800000
It's DPK,72alqzixeOnANB0JmmYUoi,33900
Anupam Roy,5LZ894xYE9MG1sal0gjt5L,1200000
Rishabh,55qSfu1GHECwVFoT2d6ibM,123800
Joi Barua,1UdYhDdrXVNJMAKghjdU6v,1200000
Suraj Jagan,6eMFGgGDh5iXU1POAK0cpe,2000000
Jaswinder Singh,2IP4wcE4hRbDi1zdV8Si6g,4300000
Shiraz Uppal,7DcUua74PM7MmBljTTjIyy,8000000
Nitin Shukla,20YfM15fU24Wtzq7D25LTb,2900
Zodiac Wave,3onhR4FeK0vglwIn5t2Xsy,70600
IB,,
Rik Beatz,67FkRI7BtnWzL0lhS8GnPO,122
Suzonn,3xZ9z6k4Suc2O8cAiwMt7h,543100
Nidhi Hegde,3DDBJ15CB00jnSrlhrHDel,32700
Sanjay S Yadav,6rgc6AL16aoiwofPPzsoLU,254800
Jammy Weirdo,64QCKFA8kD38Waf5EXbSRp,301200
Abhijeet,2ZRrPOjBIWoKK5rHedLijj,14100000
Sowmya Raoh,1tspa3CEV2XqEDsgehaNBz,4300000
Sameer,65HJdDJYZm9KhX1NzqQhKH,55
Shaarib Toshi,0FJz7XR37hH69traaHLijA,20800000
Jawad Ahmad,2gXOOKY8mmJG6iwHrTq9gp,10000000
Ranveer Allahbadia,7mbCjHfFP3PTvpbU1IAOF1,0
Ujjwal Kashyap,6RzPQpJ5z2JkOJlmsCVxJq,5000000
joyvegas,,
Rudra,3vonMRN5QTCEVKlvJ0HqXo,344
Neelesh,0XG2lJ95ehzGpPUJ1SH6hJ,84
Twin Strings,0cPN6x5LmDIZjp6gFmAkqw,507500
NAALAYAK,6BWd8VpOoODhMOPks4sI6R,418700
Kamran Ahmed,2OMafVUM7PrgRrasNPZbKN,1600000
Muazzam,2HRUxGGvyo4L9mJwMSQpd3,565700
Rizwan Ali Khan,1NZmeXpUniRdDTTuKsTXEr,297000
Soham,6icGUGLUKCVB5esdQXdjiw,1200000
Pardeep Singh Sran,2dnnS3sjCk9OHns6kAYI19,1900000
Anurag Vashisht,6o0MDEgo8moHPwQ1QXIs4c,133200
Jay Kava,3BsJIYL15XlcTao4V00kjx,116000
Murtuza Khan,3v8isPrc8btWVMF3bnOIcj,6400000
Qadir Khan,2gTPBFjo3M9rvMSZWTk9nT,6400000
Nikhil Paul George,7HHLBC9hUb55SDUcBlM8FQ,408100
Zariya,7MG3yhSix4lmNCAAwc55hb,0
Aseem,2Z5Fwohe32YFEjPpuiSAo1,71400
Amrita Kak,4BTpn8TkJe0FnqlpTY1ZJ2,3700000
Salman Elahi,60X8hzDUpAbID7G8cU2FPT,200400
Kedrock,7D2MUg2cnFbZnHzedomxwb,2000000
Sd Style,64DWU48XFNJjT0wZ7xyl1X,1800000
Arijit Anand,4SCDbi4KztQTP0HoOuCNjK,202100
Ankita Barwad,5TFZxLxVzFec55swRGsGdO,65500
Sahil Arun,,
Anirudh Sharma,1yxElNCCvyGH3Ee0lqgZrn,24500
Karthik Rao,3aAy6jFZLqqDUlMGSZcyaZ,113900
Meet Bros.,0qpsFfOT3SmdGmnyV6rOhS,10200000
Kritiman Mishra,5OD147PIZedUodUrxiEqEX,453700
Nazz,2bHrkZwj7sYYsMHe5tHXaX,14900
Taba Chake,6AnOY77z51J14nEUVsFKTy,316500
Ravator,1cZXy31snJUWXKwhWRyDgs,2200000
Dominique,3Y24UY463kttOxNYMH9X2u,1000000
Osho Jain,41Sw7HsskHGbJOJXhLUTEK,2000000
Siddharth Mahadevan,7hwEGO7U6JwQ7M1teoO8GW,5100000
Sameer Anjaan,5sifufajls8Q6k04Y4F8mH,23700000
Silk Route,759QiRQCMliwkrJqosHbmm,307300
Ankur Tewari,1ciT67XXpG2HOVsLQjKdv6,474600
Dhruv Bhola,4b0Zi3RZUUv8QdkBkMhc8x,0
Nikhil Vasudevan,3hprnpHtvBrFI09rVHkjZZ,0
Ashu Shukla,15iD55LPew2DyTQDqoV0F1,343200
M. G. Sreekumar,3wjaprBWmoSJn4KP9tgkxt,4300000
Gravero,0g4FyrO2K2vs07oAwWraAj,440900
Happy Pills,4rgPItfFsz5c623LYz1OMA,172200
Anupam Amod,69EjD8i1YtmeJRBou0I21r,1800000
Punit Singh,6EwmtaDi2j7PzQQo4Tyqpr,71500
Paras Nath,01CtjxjRRR2qw4CWGWcLoF,289500
Yashita Sharma,6pgJBbF3h8R4XlwetvZ9J3,2900000
Coffeekids,5E2SH0HRkFmN5yp1BVumH5,2100
Tragedy 999,0XhEQxV7Runz3yoHwhxQF7,23
Sanah Moidutty,5PRw7B1MlnXte2taK1ePlC,1900000
Rajlakshmi Devi,5hmsOsxtfe8yR1Cxo7XVvO,530500
Chinna Ponnu,23FJvNYt7vCPHtpOQUzDN0,1700000
Krishnaraj,7MDmRUuLmi5m5mz9Ux2IWM,1700000
DJ Sa,4rbhmiCpAkyvqqtTRzjJGf,153400
Akanksha Sethi,70gqhziA790XfoUL5FWD16,76900
AMAN,10H83AFY6wbiZCiOd8guQR,28300
Sanchi,6QxNIpuAHE6MqRUCHJdLt0,311400
H Dixit,7wvgnpRUlQW1vogF8FYcHn,0
Lofi Person,,
Adnan Sami,0kJO65h553i1iGsZutBuqz,7300000
EXE ROHIT,5tX9xh9VreUOfLMKftfgZu,24700
Tashif,2zkA1ViVkeyILtn6RUuUik,305
Milli Mourya,,
Jitz jz,35jfEFdc4HA5X0C348irt8,8000
Javed-Mohsin,2zvJLk0gTH7r7A5Q6X5Bq8,7200000
Rohiiieet,3EI4cO1Esti4SqvUVCYplQ,2500
Adarsh Rao,6RaFiPHsbMRHJ4u4UWf6II,213000
Melissa Srivastava,6TRkbVu5prWSsBreC4tw4K,9500
Shadab Faridi,6WixbETKEXH0xBf0OB9kRB,6700000
Charan,3hbwOFtgWSNfeRzF2o7Y65,494700
Omix Music,64CQuSKYjYqIdBUxzIGtND,0
Sumangali,0zrmN8yC9afj2HfZruE0HN,0
Dikshant,0kTAB5SUakX286t6K7J3QR,2600000
Raghav Chaitanya,3qpyErDI4i90q5EGgSRmNK,10300000
Harsh,2tB1G5cwuQBTJ5aOknItI3,1300
TM Bax,0RN2n6EdV90CQmfhfxqv0f,159700
Radhika Madan,3YdyN1kW3803p2ovKeuPel,176
Riya Tickoo,1udEdsMhKt2shCnGdDJC8F,530
Sanam Puri,5kiKQJrz4BT7vFWVECAmHH,9200000
Shipra Goyal,7gOZcXPfLtLbFgUyHGV7cZ,7500000
Vishal-Shekhar,6Mv8GjQa7LKUGCAqa9qqdb,32700000
Addy,6TdZFYf4hBbD0dG6SN5fgU,562
Bharat Chauhan,2sSTjTnRtGa3KrEjMoMaAe,472200
Akashdeep Sengupta,1Taiu6ysv5t5sVhhMYYucf,1600000
Dino James,45PG2L6Fh2XvYL4ONzpdoW,971000
Mooney Tunes,6E0mkX5e82a2mza83653qh,5700
Rizwan,51CkNYOrEaNCFHaW5XHeQ5,339000
Shabab Sabri,6uZv9f2du7TdOlOr5IjLE1,2900000
Manas Roy,3R2qNg70D86iZywZ35avba,26700
Jubin Nautiyal,1tqysapcCh1lWEAc9dIFpa,20900000
Poorva Thakur,0uYXA6rup0VFj0XOx4loE8,27000
Epr Iyer,5tusfwYTSzhe2meWRNp9tj,103400
Dr LoFi,,
Shahid Mallya,4LnYRxNZVCTsDCO2xKjOn8,4800000
Tanmaya Bhatnagar,1kzKlwoZunQPBWRLCZ7ZvS,36900
Sanish Nair,4D7bTD8ATpymbHHOQ36344,152
Mahalakshmi Iyer,0Yb0T3wUUNiIvHjqnfkbuH,13300000
Narhen Ellalan,77Ro7BMFZJZZUSnBvevTlX,25400
Ramanan Nathan,706QvBwYDZInhMgivRCRX6,25700
Axonn,4RTnzVmBI3XDDZmfhpw5FL,15300
Malkudi Subha,2QoUkjikGTWFn4bGjT28yS,191900
Aditya A,4wwYGgSpeBtvk5WX6HBqzw,2800000
Thaikkudam Bridge,0kf7l9HNKxJcq6cgSjSWGI,150000
Suzie Q,12y9Nfhf113GiJI3CnJwGd,177100
Kaavish,6znPk9JRNmg6uyB6h8nJu3,1300000
Madhubanti Bagchi,4ojkMVHjuDZgDXSJy5qs2h,14400000
Emrose Percussion,1NalCaAKH4haEOfoADOB53,39500
Ravikiran,6N81HI4ps75CIfYgs1is2E,828
The Ghalat Family,2TOUVQAEhJJDSvqjLS4X7x,28400
Ahmed Hussain,2bQv65MFDaU3dRb26fgNr1,547400
Mohd. Hussain,3dGFv554LH2mIFQqmNB7qe,474200
VICKY SINGH,5xCwGA4dNswK7zR0QJgVOt,225200
Shilpa Surroch,1ZYCMyQKFPRWYyvVnIh10b,49500
Skeletron,3fWeF8YvJ8MHEPppAbdWfj,109000
Shamoon Ismail,5bxVbtf4t5k1QPmy0XDvgv,171400
Ami Mishra,5ugsiK49gIkIVh8U93EO0z,6100000
Palash Sen,33132SkzbRbOGL6fQBWHqQ,246900
Euphoria,5puYkZFJ4JkrJGEYnMSNVd,218500
King Shubh,,
Url,67oiyHAEuxQk4ns26q6ECw,799
Shankar-Ehsaan-Loy,0L5GV6LN8SWWUWIdBbTLTZ,25400000
Kamaal Khan,0oXD3gW056DGEfWuEWcs7R,3500000
Dev Negi,04FsFHujpuqonrPXZrEJlK,4700000
NIRAJ,3PBJ2C68OZBg9aPz3LJrIO,21700
Amartya Bobo Rahut,4dTwJ84ivqIRkRI5qKB9vB,85000
Suhail Kaul,42jgHGbOryNOmlSgJPGljN,74400
Neeraj Rajawat,3yjKvP7LiyIw2dzB5CCGxM,5500000
Last Minute India,6yi4BexeHDzQeuiDzXqTcg,299100
Rono,7nAIsV0i8kg2XRCK14YUB6,19400
Raman Negi,1ZsF8DeNQav5xvu4X5KsYB,15900
Anand Bhaskar Collective,45m11y8OUyx5EgHiKvEC3c,60700
Carryminati,4zEoVSkyaIZWC5DSRUvvbb,10900
Vibgyor,1avgZgHpbGyHJKqh7TlCca,0
Rana Mazumder,1cQNjl59FDiyiqDnmyhMvG,864700
Abhilasha Sinha,3FJ13syehmla1ybPZYHYHW,19000
Asrar,2pLpp8LjPF5qJAj8T3zzPn,532200
DJ Lense,,
Nilotpal Sinha,5JJJXKgD03icW3z2dkjTTV,5800
Hardik Chauhan,4gq9u46ADAzHYm3wObzS93,2300
Shantanu Avinashi,64BRoUsqACYpTLeRwyxyIx,3500
Goldie Khristi,1ADpLceILI6clLsEWPyIXO,21600
IndianRaga,5DbZM6EMfteh7XubuLMtoC,140700
Vinod Krishnan,2TyxurDE5DjnzVrsKZkRtT,65099
Aditya Rao,1R1TnxUWLvnOzsBChmemTa,217800
YOUNG AND BROKE,1WdU3ugWO9JSNgowzNmz35,48000
Lofi By Swattrex,35wBnGMNya9rLSvUHib4cm,22800
The Two Locks,,
Tracer,1AqH8ohVfcK47jV6NnpZcp,161
Jordan Muzik,,
Agam,4DHXXUP4qza7DacDKVT23G,260600
Amandeep Singh,6oKmc16rogI2WP2d5J8371,7
Loy Mendonsa,1KIKn2xA1mgC7uJTcS1hEU,4200000
Enchant Music,435QwHMhuLFyzBSEnGkRZN,0
Neha Bhasin,4E5oyNFcB3uXLkLdjYmP9Z,4700000
Kayan,3lfolnS8yn0VWK2FKM0hWs,23900
Samar Mehdi,0kn5e77RPjL0jdsLYcN4rN,27300
Subhi,2n4qix48iT07tbyBdxAjM2,31000
Soham Chakrabarthy,4iwdpXHGVdQmBDm0UOAUKK,89700
Ramil Ganjoo,2tQF5y205UlqIPUB4kSsDg,117300
Surade|3AM VIBES,,
Hamsika,0ySU451Z1RKPLEjrjeJCTB,195900
Joi,4WE5a7bSjZ1IDwwSIuW3YM,188700
Avanti Nagral,2Wwa2Sov84hVY7Hxfqu71Y,6100
Mikey McCleary,6p4FpOvJaSSljYGlkKsS40,1200000
Shashk Tiwari,48JO1GtW9B4wMWJHSoBay6,295700
Sachin Kumar,1ywko0O5VJYR8Ear4bXYgQ,47
Jeet Gannguli,2kkQthS9OLpK4UqNWYqoVl,20100000
Shubham Shirule,6beOaVvPVwBvJMHZZox3p1,191900
Harish Budhwani,1Gl7igag9ejxcepMCPDg4H,20300
Dhruv Kapoor,25RpK0wKK891C05JinG9ii,3100
Agnee,66VUlJ41NQs9bRTflM4eGA,63900
Pranay.M. Rijia,71HrTeGyqSfLY5ekfmCaBl,7700000
Joell,3CdqGIsvMjWZCyJrnaybHr,2400
Swanand Kirkire,4q7O0NIvhz0G1IgyfOmdcz,4500000
Aryan Sharma,6iDnEhYCosvLsFtoZJubyj,18
Kushal,16ANXaEXnXel97VTnF3kWV,347
Denny,6KozIqto3bkoQp4lksicOA,959900
Barbie Amod,5kUIbepyatUILN8QNg5k9k,79700
UNB,2DoYGYX1wrAANxqVbOQVRe,72400
Yash Chopra,4uQodNxbtN3iAuSGSEg8QJ,84600
Swattrex One,3l6Nvv04sYNAg0Km1eYqMP,3600
Gravity,7LGmzpEzhmalpuXaKD5tPB,2200
Babbu Maan,2ENaPFnsKa9MlutVokd6es,1800000
Suzanne D'Mello,4HQeSXwG2BVH0KvxHE5oCf,10100000
Subir Malik,0GUULpt9IvFRrY3RnG4tOW,0
Jasmine Kaur,1jKO7eePUCtEhfTzEIRE8G,0
Rupam Islam,1pRruDTNcEFpBPvpFZU76o,553200
Rohan Kamath,2Ni9NexOwtEehPqRXNSdlM,5200
Dj Sunil,1XgKXdxIUPxjdZQgrv0dbR,22300
Harshit Mehta,5phosdmfEAdAgxbyWW03ot,17
Jaigo Gill,3Bh5Ju8RvcDnMid7dEkk1P,33700
Rawal,3XbsFoxsYfrJyo9VZrbM16,269600
Bharg,5mUENA9ewpJd5z9KuwOKrd,489900
Swastik The Band,740SYcL7Hl2TatDM2wYV8V,44300
Authen,0FNsBZmuLy2zPNjbYI5qKw,8600
Kutle Khan,6RBH1sfqF19q05ODygFOZE,1100000
Rishab Rikhiram Sharma,1tXDFZbje7UGfRIQ2C7xXu,984100
Avial,5lDgXNhxpkteyt1tjmqIEi,164
Jigar,4O0mhPUgsrXDOYxCHw3A8T,729400
Sachin,3ReIQon5ZkSQK8eC2OvRha,395000
Sunil Ganguly,4ZXVQepsPMXs3ggf73J2dL,34600
Bombay Bandook,3VkYRrfqoEIhBfcHTvdYGs,25500
Kaif Imam,,
Siddharth Amit Bhavsar,2DQZm7ErqpqiT4nxF9i4a2,2100000
Arrol Corelli,0vOmOWhCwishGqWUpiiv5o,78400
Kiran Kamath,6vdtEGdFKh4hO5EcZgG7qh,729100
Umer Farooq,3hVxqR4x3D6PaJWHICzhpt,89600
Quratulain Balouch,5r3gdJkUB4oAcnuIGXEB7q,1300000
Kaash,0GCJCJGSrE0iyB83DYTNqf,28900
Raga,4MJZBb8KABfKw0gzfgacpO,1300000
Ink Heart,010tbxYFwrOC8Nl2paePR6,45800
Hashim Nawaz,2zurwnLzcPvY8n3jJEse5E,132600
Advait,0ElquLHlmTIBJ3WBvr4RhS,365
Piyush Bhisekar,3HUf0l1HSBzHw0F5UhBOpA,108900
DC Krma,5NP7DIhtPHohPstcEAVegj,174
Outfly,3lpYJAdDhRGm9mFyPxEKBi,57600
RORO,4AuHHsxMRVg7bXSgvlrAff,1200000
Started Off Poor,22zwCeuPE6wYAkTcFvQEmc,1200
Jeffrey Iqbal,0QJN3RYr6xAyScRqhkephw,39300
Ayush Panda,1Hl4S4akSmpcQ3RAzturBo,3100
Ditty,0C0j9lysutfQB8ZpPRDI4J,13
Aadesh Goud,5FC1kfyWQSWjCoBkn9XNnI,72
Vaibhav Bundhoo,2qV4ArHDzLVSdX6GWy5R1z,161500
Kamakshi Khanna,1HMOlfBc4CK1WXcIeNnLPq,29600
Raghav Meattle,7lTlD9L3QhfOH13Z0n1ibN,80900
Neuman Pinto,6LyiUcIr0wG0mC8E01kyI6,977500
Khatija Rahman,3FQoWZ1cZzYzZKMg2MaAYP,156000
Deep Joshi,0n4gsf0B7OhtXn5pbdhOcV,22400
Ankit Tiwari,0E02VcvA5p1ndkLdqWD5JB,14000000
Piyush Kapoor,3QSkMsj71gq33qVAGpXNp8,83200
Chinmayi Sripada,68Ia6L2UG0Aw6grtMwibMz,20000
Ritu Pathak,7dlRYB2xNL7gYsiXfSQI1f,1100000
Kiran Dhormare,60kysL4FgqddaXHTvH9nGr,14000
Vithu Prabakar,7vjxpyt4SCxTddvnt0wH2S,236100
Shomu Seal,1ILdhQv9tNFuyU5L5Ik4ut,88900
Tonmoy Krypton,11xdTBXZsWxzggXkaUhAgb,176300
Sannidhya Bhuyan,3up6Gqw9IAsQ9KqLzVkyTN,255100
Debabrata Gogoi,4vOn828v65dT85viYmnMzj,155300
Rajnish Saikia,4vaiQ5q8EHmInyRKHslm0W,68700
Badkidz,6CXOME0iQ8CJ3u3sNQC4gJ,18500
Rushaki,6Zq7pJ0J340DzglOhNFcnl,44
Manish J. Tipu,0UwYqzsLSeLUrZZEIyAED1,18100
Geet Sagar,2794Yv56Ut2J2gFz1p7uce,58900
Keethan,6pPhJfUm9223ZTDFuz3ISJ,574800
Amal Jose,0adrpvmCYE99S0lZEl9ZRK,9400
Pavitra Krishnan,6MweA91gS8GfzoAOF7fjCA,65600
Shravan Sridhar,0TMLPi3f3qrkHV8y7Ccvec,512900
Bayaan,3atMq790wQ7IqjeSO0HFeP,4400000
Yazin Nizar,2pVurQy6iuWWx707gilSdX,4900000
Nikhil Swaroop,5UjCBnXQI2Kt5DvbLZFhqR,2600
russhhhi,0pYLSDCaAapnuwMK5HKWZf,0
Alptam,7oKFXeaBJ2iDN8Zge5a9E1,844
Sarwar Khan,0cGHc87UV3xdjlFlS2xEeH,80400
Sartaz Khan Barna,0rPXtq1DFqaWtWxL70d28q,80100
Ajay Singha,6tDbydAljjt6gbWl7F9yFc,202300
Nirmalya Humtoo Dey,0P8grWtJ4Z4bMpOBRGyBEg,28000
Jitendra Thankur,2UH0ojRdW8KiHRVQd5OVXl,33200
Abdullah Kasumbi,0GlE0oxdKhuakcFHkeZ7fR,177800
Glass Animals,4yvcSjfu4PC0CYQyLy4wSq,24900000
Sub Urban,7gXb99Sf9nNmpNYeAgIQFG,6200000
Måneskin,0lAWpj5szCSwM4rUMHYmrr,23400000
Pranav Das,6OwdhjSwx9S20xgIhe8DYI,355100
TOMORROW X TOGETHER,0ghlgldX5Dd6720Q3qFyQB,6000000
Roshan Sebastian,72fjH95OAer1Y0g78l5QaM,29700
Robin Sebastian,3S2Iuo7ze3YXAhMJZAOGdp,7400
Kevin Jason,7yOO6yMlVVsX6tve9hVmD6,0
Surf Curse,1gl0S9pS0Zw0qfa14rDD3D,12500000
Beach House,56ZTgzPBDge0OvCGgMO3OY,15500000
Two Feet,5sWHDYs0csV6RS48xBl0tH,6700000
Echosmith,1PbBg2aYjWLKRk84zJK15x,4400000
girl in red,3uwAm6vQy7kWPS2bciKWx9,14700000
Tai Verdes,2kCO8LXN1usaOPL3iEE28I,3600000
Wallows,0NIPkIjTV8mB795yEIiPYL,7200000
Tanir,2dY3koBKXO7P8fpbYBpSiF,9600
Tyomcha,4qK1zEpqO0MMDXT0LKpnft,3100
Sara Kays,7Lk9V7E1u5gqSHmtcKlOqH,1700000
Sajjan Raj Vaidya,1deQzOQwArAsUgm2WdjtyI,410000
Rishi Rich,2DpITTpb4v5SQtB3iA4A44,966700
Roach Killa,62RUJAVFb2U8n54mYnZAmS,3400000
Kiranee,0A8jiUMRlCzO8eDWnvtE3Y,34400
Beach Bunny,2vnB6tuQMaQpORiRdvXF9H,7000000
Ricky Montgomery,0ZUvK7zGdXLd78mQr3t1Tw,8500000
American Authors,0MlOPi3zIDMVrfA9R04Fe3,10000000
beabadoobee,35l9BRT7MXmM8bv2WDQiyB,24100000
Ritt Momney,7MPGCB854Qo4alYMOPkBka,1100000
Suki Waterhouse,5GGJosGMs08YEmKTZJe1fL,12800000
Abdullah Siddiqui,3PbkSdpJnYRF18jau74b7R,3200000
Yot Club,6FugQjLquBF4JzATRN70bR,4300000
Omar Mukhtar,6FR7jutAadVl9LMNooryDl,305300
Sushant KC,5R5EUMWsrYDt3ItavrP6C5,626500
Gracie Abrams,4tuJ0bMpJh08umKkEXKUI5,36700000
Zeph,502gYHkFCtLzBIcU4ctPLd,1400000
Mikis,1F9C9phm9hDzU2xvSpCxHo,111900
Sunwoojunga,04L3elxyr0XFua2Ek3domW,335100
The Marías,2sSGPbdZJkaSE2AbcGOACx,32200000
Lonely God,6pF6MN603wSrisJcf7HS5v,1200000
Roar,7dIpKWlEeAljA20vFJ82RD,4300000
JAWNY,25pd339V2rRJo84USlcSRP,4900000
Neetesh Jung Kunwar,5uVTzyCO2MknEPABhTCIkz,254400
Tribal Rain,6So94AgQzV91d8k5xWb6wU,187100
Vansire,6ft7JnxMyZhp7N52qzHymY,2400000
Mitski,2uYWxilOVlUdk4oV9DvwqK,20400000
Mad Tsai,5C2iFRY2UldL2hv9THw4aB,1500000
Nithya Balaji,7f0dOsULeYhspGxCDZxTco,58
Abhishek Pughazh,0W6yV529ajj6imwa7W7aZZ,5400
Natasha Noorani,1nGL9DljVpkRcayU8Wi285,150600
Talal Qureshi,0nES9rTgJJV7uJF2cIkJNS,368100
Bartika Eam Rai,0iK3Z8bWIvj3PKVcUoOwGM,244800
BAIG,0IJYAmQhqf7gY8FkoSCSwZ,120300
TV Girl,0Y6dVaC9DZtPNH4591M42W,23200000
Christian Leave,2G8UkPZnQ8i78L8TfqP1X6,504400
REI AMI,6U1dV7aL68N7Gb0Naq34V5,24700000
Forrest Nolan,3M8UUCqb0mIEn5S2lO13yv,654300
Sebastian Sathish,6GcZrOFUqlkFcEu38xKMgT,0
Adithya Gopi,,
Still Woozy,4iMO20EPodreIaEl8qW66y,3000000
Paravi,3hu0zovv9ZERrUy09lIsTH,123900
Hassan & Roshaan,5hjVqhHwLYWW9ZIxuILJF7,172400
Shae Gill,3bWIy9AUrQdiNeS62Bp3OP,659900
mazie,4adSXA1GDOxNG7Zw89YHyz,975000
Lyn Lapid,4pfy05cNNTacuOQ6SiSu4v,1600000
Raghav,5PVSEFUT4Inqu3yEq56Ku9,1700000
Iceberg Slimm,02tXL18Ewrn90apmP2xhzY,324
Shyam Nepali,6UjLTrSgdmvXGjPwYxkK8M,441
Maggie Rogers,4NZvixzsSefsNiIqXn0NDe,8000000
Del Water Gap,0xPoVNPnxIIUS1vrxAYV00,1800000
awfultune,1vkWdqcabQ1swciXipkLBj,933300
COIN,0ZxZlO7oWCSYMXhehpyMvE,1800000
Maisie Peters,2RVvqRBon9NgaGXKfywDSs,2400000
Death Cab for Cutie,0YrtvWJMgSdVrk3SfNjTbx,3400000
Men I Trust,3zmfs9cQwzJl575W1ZYXeT,6600000
Her's,77mJc3M7ZT5oOVM7gNdXim,8199999
Yabesh Thapa,1D0B4qrMRfjzDfBlijs3YH,529900
Bipul Chettri,3sauLUNFUPvJVWIADSYTvZ,197200
Remo,4XfyPRkEiYA9mgP4GRmAEc,53
sad alex,3i8iJVU0mtgzbZsuF1AoJ3,214500
"Car, the garden",0gqEtTORPrOqWJWElLvDQ3,21100
Tananai,35V1WomiedCJeGfupcPm7s,1900000
The Elements,3bLWp801OAckSYWrb0sgsH,142300
Axix,0doFTedUcSWhEBXZlCvn5F,219200
Wilbur Soot,2XzXLjXRSeFtsic4ieyLJy,330800
UPSAHL,1294QqYm1VuxxjRiL9M0h9,1400000
Caloncho,2z3KntXLyEF5Lvz1kpdBoA,2400000
BETWEEN FRIENDS,2HkSsS8O2U2gPhnCGVN5vn,2400000
Strawberry Guy,1AbJ2cmwK400LSvdvBL5Jc,10300000
The Black Skirts,6WeDO4GynFmK4OxwkBzMW8,1300000
Liana Flores,5zVu34ozw0BzXIcNHqkO0u,4500000
King Princess,6beUvFUlKliUYJdLOXNj9C,1800000
Iman Chakraborty,7gjiYwM6O5sNuYBaCdpCXA,240300
ELIO,2XiYcXsNdMO7Oc8MVVzFSO,0
Caleb Hearn,0EiNdCUwM4B5GkTInLAyuj,2300000
Jake Scott,0DxPHf2flBAcV2SnZPg3SV,943100
Penelope Scott,3u6lPufHw4Oww6D88rv6sB,2000000
Tim Atlas,3CiuXDKttPUT0tWGHicFUH,542800
Brijesh Shrestha,09Dgzq8dbeGVQ6G30PRSEI,250500
Nikhita Thapa,7qJMxVmzgjWaA1EW0T2Trf,120600
The Backseat Lovers,6p2HnfM955TI1bX34dkLnI,5200000
TeeJay Arunachalam,3HXoAXanyNRqXXAZLZ1zhA,32000
Bhoomi,44o6dtkK8YcX4wbaL93rjX,151400
Dhinesh Nagarajan,7F9j3YZmUVUSBIDISKbwbt,11400
Delaney Bailey,3Os4q49SgEN0Tv3fxKw3Sp,959800
Daisy the Great,0SrIPejckovMwhrN3MZFPB,933800
White Panda,1mOUOvOOaoTF2b3kDjrety,565900
Abdul Cisse,3dlRc0817G9BHzFpfFsSdl,42700
bôa,5jTtGLk1mGFMY5lQOvJYUj,11800000
Samra Khan,6RTvKMKR11gpANguOSx5vv,6000
Bikki Gurung,4Np2Az7mDMNpHNywtL2jQA,191300
Solace Her,003RCo7NufjcwyuXRTWlGM,35100
TJ Hickey,3Q2AyLfZdQ108qXMWJf6lv,107100
Bino Beats,3YuFY7xFwOIcJAtaEXHX4d,2800
Abstract,2KRxlw9mxjPm76tvGzGQ6h,2
Prakash Alex,5SWR0sXeoxKCuU987oQTUz,214200
FLOOR CRY,0oNT7doR0CV9mAXYDSk8Tx,122300
10cm,6zn0ihyAApAYV51zpXxdEp,2200000
Josie Dunne,2KgFtUjEtayfuximKppSAq,339900
Thomas Headon,0dn62y7ayEAxcIcMcBWXIE,131000
Alfie Templeman,6QzMY3tnu0m56eKUnr4uCF,567000
easy life,4B25mGkyJfR4jT2ON9sLGU,42
Absofacto,7gAYvcQFmAruyvwGjxrSUr,822400
Taha G,4sqyi6AnMdNtF5H0UD1Nv5,106900
Hi-Rez,47cR10sIeO6QwCwYnKjnm1,0
KXNG Crooked,6fFfnKGVI6X3lkCr8Qw1g1,135800
Zella Day,100sLnojEpcadRx4edEBA6,1100000
Vampire Weekend,5BvJzeQpmsdsFp4HGUYUEx,3600000
mike.,5G9kmDLg3OeUyj8KVBLzbu,2100000
Hayley Kiyoko,3LjhVl7GzYsza1biQjTpaN,2700000
Ralph Castelli,4o16FybIZV7WPD7tOl7PUd,1100000
Juggy D,5Lt1YtQ7PK7ANlfAM9vqVj,106300
Princess Chelsea,6SrA4711bML5NvPO13Tr6t,3200000
A-F-R-O,1zxOrBQ8znO6qNSdVXNYJY,49800
Joell Ortiz,1q13yHC6Syg5Y8iPLrRnCq,136000
Twista,6vbY3hOaCAhC7VjucswgdS,6300000
Bizzy Bone,23xTTTcfVHvWRIPiDAOAE4,134700
Charlie Burg,0ubGY2CcC0tvR0eE6hJaT8,814100
Isaac Dunbar,2sBVpvpeQxK01FqIt5t816,253800
The Edge Band,1fzFGucHkW9lOqVPSrKz7q,217400
khai dreams,0lawSNBxNgJFQYJnQzLH8c,625000
Chillies,2xvW7dgL1640K8exTcRMS4,1100000
Suni Hạ Linh,,
Rhymastic,0gGd4WhPXBSgDX6fdOHcOw,1100000
Lasse Lindh,4ehBGotbRDOgqcrUomjJyd,138000
Ryn Weaver,2MuFzH1J5I6gGFYo2qhZmX,528100
Big Wild,0PxzGnCYBpSuaI49OR94cA,2100000
Surfaces,4ETSs924pXMzjIeD6E9b4u,4900000
The Cab,2C2sVVXanbOpymYBMpsi89,1600000
bekcha,4LZnOLFXHlPo74mgrPhX9H,98000
The Uglyz,3ItMODusDsn4Krkedm8fb9,35600
Slot Machine,6TNTFjkJA8PhP16Ds7CZnz,888900
GIRLI,4XX9YjNQrHTZfZz3DCX6DP,448100
Orla Gartland,3ajf12ub55b51qcS94d9Co,583300
Riya Sebastian,,
BANKS,6L9h5cN2DNOoMqFRgIv7uU,1100000
The Band CAMINO,6d4jrmreCmsenscuieJERc,1400000
Briston Maroney,7vtSUU3zpHeYJfX6BPNrJd,2600000
Mooroo,2RfI4XISnS6FG3xXryReUh,222000
Current Joys,0m5FakHKCQdA7UN0PIzMcL,9100000
Ollie MN,5sH4dr4r46Vm0Qu84PAYvk,111000
Cesare Cremonini,396Jr76018oUMR6QBnqT8T,3100000
Albatross,3Ols8mMOUzTAbtPmkm7HTa,203400
SanGan,0iisf4MnGLbp7eCd3NK5nE,33200
Frances Forever,5uuqghaOBgtv92jDyDveQl,412300
Rohit John Chettri,5CzMXgbioXfdYjkS0Kpqcu,74100
Elliott Smith,2ApaG60P4r0yhBoDCGD8YG,2300000
david hugo,0IErJSgNHRD1DAH0X7yHvn,284400
Lostboycrow,5PxCTrv3Y1xVACfngpt7D2,277800
Stephen,64N1HzkQEXvjlJBQinWeu2,529300
carolesdaughter,2hiq2iBnUik3mrOfEgRSpB,706500
Sivamani,1AKT6xQBxHKLR5e7FWGLEs,107000
Cassettes,15Fx7jOBnTFHEUKPJfDcAy,1
Frankie Cosmos,0x4xCoWaOFd3WsKarzaxnW,1400000
Bleachers,2eam0iDomRHGBypaDQLwWI,10500000
Sir Chloe,6rniTPs9zN26kYnkPdFl1U,1700000
Amber Mark,0tbeZu9lv8YEKSQ9tZSslu,2500000
A R I Z O N A,7hOGhpa8RMSuDOWntGIAJt,1200000
MisterWives,5ivCbtrcD5N4rD337xIb2z,798800
Yohani,6hyCmqlpgEhkMKKr65sFgI,974300
Rashmi Virag,5r2baeTwcCJnuIsDIlxUJo,17500000
Surya Ragunaathan,0GiAC4VvvYCypjRH6IiasK,14200
PUBLIC,4vxaQs6vK54nK89J1VtLex,2200000
Starla Edney,6zFexQuZduSVGrLq28KhvY,172900
Lipsika,60KsrtAKDyaKrsBAXwcgSt,25700
Aditya Iyengar,47DIrvE03m9rQzgFXu9eJo,1000000
The Walters,027TpXKGwdXP7iwbjUSpV8,12600000
Dinker kalvala,7HwltF8ExwWx43i230aJXM,614500
Anivee,4geIqmrfQoa4HDIF68vgiy,378800
Sricharan Pakala,3lnECmHir8dXsqVV0QuruT,549500
Sri Sai Kiran,5qGB4a7ofOTfizCOQX5U5b,1100000
Ishita Parakh,0Fb1hND25pyPt3JSQAjIIV,41100
Prashanth R Vihari,1advv7h9JDw0JqezZiVAN1,738000
Karunya,6qrS6jqZfr8HJe3IWkQqv2,1800000
Saicharan,5jr72Y15s6MQIRct3taVe3,16
Ritesh G Rao,2n2CcYTvgrHcpKGDHtelgz,1100000
Chiranjeevi,1ufJdfFZl0Tui0VKz3qpXg,256800
Salman Khan,68ePdYvtRgq9CiPzv6fapI,3400000
Bhuvan Bam,5lfGXaGmQck7m2077vsKpy,105000
Tenma,2DrwyYWGYEu3ULzRzEGajY,27000
M.S Krsna,4qVLx0XPsO5EInvKYH6Pxx,136800
Gana Muthu,2oyLpdrvnRrkgwc48UZFSx,3500000
Sangita Santhosham,4dXWYL9FnxG8CKIv2EgBnn,18800
Kavitha Gopi,1xDvHwPzrmRQB6CPlyIoTI,43200
Karthik Manickavasakam,3YkUMVh7nPai0811Q22WPO,23700
The Rare Occasions,1QfpRUtH14JLoY6F6AYmwt,10500000
New West,69bG9tC62d8oTFC9aTTosn,12900000
Fousheé,6trIghKwHRUyxwvm66HLHH,3500000
Justin Bibis,3KYrINL7nZTQEVAu83bHw5,201500
Foster The People,7gP3bB2nilZXLfPHJhMdvc,19500000
Ashish Singh Rawat,39KTQMemyrJIX024TmAkY2,4000
Ranina Reddy,5wr6cv6sLD88vQKkMy8w2H,3900000
Ed Maverick,3JSSjGYcIkgsrz7892CelT,6100000
Bratty,0UTzLuwz9RvFOCnwAZjUxn,1100000
Cafuné,581C5Qwl87TskfBEzuoisu,9900000
Phantogram,1l9d7B8W0IHy3LqWsxP2SH,12000000
Future Islands,1WvvwcQx0tj6NdDhZZ2zZz,2800000
Manan Bhardwaj,3pQ4aA7dkolyjUAMrVScgh,9400000
Arunraja Kamaraj,3jw6WnDlhrKkNjgcp8JGQe,5200000
Saiwariya,34Bsd6kohYGNWw1zvqkVd5,2000
Vacations,0U7iI0Dk4Ojvi17nZboNO4,8600000
Chowraasta,7l8YWhszshSlwN43NtokOO,63000
Arooj Aftab,00JAfwtx5gNiiqyor88Dr5,429300
Sam Fender,6zlR5ttMfMNmwf2lecU9Cc,17600000
Mumzy Stranger,3Ufqd4oqfv4LQ4G0cP71hj,0
L. V. Revanth,2OrTfOi3k8VMFLuvC527bB,2300000
Gershom Penugula,1X1xyTwRLksTzUnLzWvN3K,534
Hriday Gattani,0xWGBvlwCBHAgXyR7TmPwp,491900
The Kooks,1GLtl8uqKmnyCWxHmw9tL4,6900000
Jack Stauber,1vVHevk2PD45epYnDi9CCc,2600000
Mother Mother,0e86yPdC41PGRkLp2Q1Bph,6200000
Molchat Doma,1nVq0hKIVReeaiB3xJgKf0,2500000
Somlata And The Aces,6kVSwOn5ZEbrjIOxED9Ria,233600
Somlata Acharyya Chowdhury,43t7ABAwiLwVJ9b738CWOh,401500
Tedua,1AgAVqo74e2q4FVvg0xpT7,2900000
Sfera Ebbasta,23TFHmajVfBtlRx5MXqgoz,7100000
Rohit Shakya,7mz57vhpn0t6ETubyNa2Lp,194700
Siddhant Bhosle,72FQZIJkOLdKV0YKqS024h,1400000
Sidanth Sundar,7dZSnK80hQRfAVZaBlf2Hx,1100
ARIETE,2T4kh33TYdnDesvlQyRst8,518500
The National,2cCUtGK9sDU2EoElnk0GNB,2900000
Cody Fry,7dOCnyDR2oEa1hQlvTXvdT,1400000
DAKU,7iiDTVZCfvdgSVLDgvurmN,438
Frizzell D'souza,17j8WfojaUlIDrnDG7IfIQ,22800
Anoushka Maskey,2nDgCBr8jDMiGFjTkwR6ph,10500
Cosmic Grooves,3dhy3RnTmsYSl0kZwIPOpn,7000
The Wombats,0Ya43ZKWHTKkAbkoJJkwIB,2900000
QUIN,3sHS70DMNgPxRqx2fUNrRA,158500
Shakti Sivamani,5ZVPABvdsomwTnJsZm5Bb5,72600
Alien8ed,5XaGtP9Q1DUQXapxnmJQqW,2400
Foals,6FQqZYVfTNQ1pCqfkwVFEa,4300000
Dardust,6JhUHne9H09NdkTI5E9GSt,666700
Astrality,6KGv020mJkIjQH5YPDSBcZ,1700000
Siddiq Ansari,5P0itn2JRIjugxZgkORwmu,849
Marcus. M,25v0JsJOdkuou4Cuxg2eKP,831
Reneé Dominique,2Xr7M6vawpp6zwKOMU7iBU,311700
Sabino,0zgFL90nGTrH2iOMD8Vysy,2200000
Porcelain Black,4fwikkWTgDv0A4gcnOFpcm,83000
Dope,7a7XNau0Xr11yvQiwixzvJ,383
Death Grips,5RADpgYLOuS2ZxDq7ggYYH,639300
Styles Of Beyond,5bf6yYgHODBW5EreBZshpX,783200
Nonpoint,6BdSOHfQ6kMg0tbAFlXR1z,976400
Zeromancer,0tQn2q1TIEenLgodtb8Nhx,48400
Ill Niño,1xJ6l1VXgGuyZ0uhu27caF,578700
Feindflug,4wSMRIInYxJIH3nji0kl4R,7900
Skindred,3jTlKw98Ql1jGRPYqhqHap,1600000
CKY,3ZQEU2arcWXSv3oz8hwWBK,812400
The Union Underground,54akiBa0DkNM3qkhnGRflb,280500
Golden Features,2SrWifjYv7b5tR8EzEmn1x,573200
Rromarin,4JEwT8UJ2ihmM7xWjrtPqP,208100
Element Eighty,4Iyvo65peG4ImDz5AzTqQB,151400
Pain,0hGpZy6ws8FofByMkt0CV1,484500
Mindless Self Indulgence,5R5MLOQbI4lb7GHYioPqoN,3700000
VNV Nation,4KlYg0F5KG9QNDFKaeTNAy,248800
Powerman 5000,5imUS9dQyCbAjUEJJ9QyWC,1100000
Pop Will Eat Itself,5rIXueJu7zVE2gDZjUM6g8,148900
Wednesday 13,6Cvzf33JDzCIw2eJU8npQo,69600
Murderdolls,5qrZ4EXMTVH4e6odErsQjb,139700
Centhron,0UW9Tl5qFmdPL4U9sTVHZo,22200
Sevendust,35Uu85Pq33mK8x1jYqsHY2,1400000
Front Line Assembly,5QYAExYvxixCVwX70SRf7F,69600
Earshot,6eeYhqOX2cpsiHY6gVuvPA,795400
Blue Stahli,4DWnSG0RYPAds8EIKY26q3,338700
Helena Deland,0BJeP79i5wKgCqsEEiQ7G0,203800
Deadsy,1RBQSFgtcUFw4LXSw0tUBq,47900
KMFDM,3V4IvzRQYP5mzuVtkcHgVa,1700000
Ministry,1DXylZlWbVvlckNqwvjTEt,683200
Front 242,2tyMOS8xKREgpEwHnLc6EX,131600
Project Pitchfork,0DLfONSFG8AA0cQvh1yCrz,99500
Imperative Reaction,7vwmOoJ4uuLnacO4jxbTWB,12900
NYXX,4oGDcMV2mOoHkfhq4Goanu,14800
Aesthetic Perfection,1Jgp0YCPHCJx5XD7nlfGVN,122800
(Hed) P.E.,0xIChbcTsuYLueN1oEsX9v,329500
Danny Cocke,2M7JkcbtuTMqyXlprvWXG7,24600
Inversion,4pjxBayRpsdAJMPF3v8kIP,1500
The Birthday Massacre,16AVsBqzmIZTNHd0eX8VbK,211200
Project Omeaga,3KXu6shULZzVQdMbeUvatx,11400
Pigface,64mGp5QFpsekCRHe6RqDYz,48600
Machines Of Loving Grace,7p8Z7MmqMYCa7ZKQKxRBKO,121500
X-RX,7rH8vpDNenEoyRm1NDJWzW,24600
Area 11,3jULn43a6xfzqleyeFjPIq,24600
Psychostick,2kfVqdz3lJshqH9GUHhtMr,195900
Psyclon Nine,5Wqztnja4JFJ7WNcGLzAzb,26000
Locked Club,1qGCxiHgY9rBU7aNeMo9kc,90300
Soil,4PoYwGOztIrPpBfRIlMSxP,391400
Puscifer,2pAajGWerK3ghwToNWFENS,633500
Faderhead,4tLIGM52ee6vMMdBtDZFi7,176500
Vast,48dSb4OvI8hAPpHqBBYyig,235200
Micropoint,0PWktSXIpTcyqFqOjSXUqU,7700
Nitzer Ebb,7EnAgffrVyerTWH628TJ6f,77800
Blaqk Audio,2pumHFoeb64XWvvGoGqsIr,35400
Flaw,4hFScNSgSkApFw193xlyH7,408500
Otep,6iswhpc2w6na3lS1vehFXF,181800
Beckii Cruel,292ZlwqNqc8lbEvzYN82Ey,1
FGFC820,32raKeUHkfUVqgGHbIPD2u,19300
Priest,5oxPzdFtEmChsHTXZNzGHN,1800
Lights Of Euphoria,4o2H4Ep301KwKiMsa0EkHe,39200
Razed In Black,7yz0vJbLEFfVLg8LKSvxdB,32400
Collide,2ybEnEKYd8hw5Mag7uieQa,30800
Circle of Dust,60GtR6PIcDY1pikPgKHNk9,44800
Snake River Conspiracy,4D9z4fup1x9lkmrPTOWw8A,195500
Helmet,0qB0cTENhSUc0feov5qbg0,875100
Amduscia,3nasc5I5Nmzq7KgKENcetM,13500
Revolting Cocks,7vCJSBATlld5vDKTH87tpG,39200
Numb,6M9F2a9VYR7XzSWEW5SUBR,167
Lajon Witherspoon,0vWxIYduLUVIrf0jCB8bOb,6200
Swans,79S80ZWgVhIPMCHuvl6SkA,182400
Wynardtage,0Otr6qbVo1lS5CYmp3CsmV,7700
Suicide Commando,4N99bzdRBNRi7hGNCpMuhu,70900
Angelspit,7Coo58A8U3BCpCl4nQ3pda,30500
Grendel,28D0LIS1y01QS8fbh9dXVk,39500
My Life With The Thrill Kill Kult,7FfAD7EYZbQ7aHPy9ujduD,101200
Apoptygma Berzerk,3OHbToMuJihWhRcqzKjpBd,84700
Kenny Beats,1rHOtdmGNr5vcYNw5v7QGC,3100000
Night Club,3OUOnyTJNDDf8UreCAqJpM,184900
Snog,7ebUI6NYL5xuA5G81lE2CL,3100
Kittie,0ImEDe9tW5n4pxHOK39zIc,765600
Funker Vogt,6OSOjC1W6jRkFKKS35TnkK,25600
Meat Beat Manifesto,3AO9jmM1JTooPNcu9tTyZx,86200
God Module,1DoGu017HBH9armSl4M0Sb,30800
The Klinik,2KczmhlmHUuDVVtkXJjgAc,8700
MC 900 Ft. Jesus,2S8nYaxyItH72O4dhRWTPq,33900
Hocico,5cilSDFcAQcLwh0dNqMhrE,110500
Stabbing Westward,5daXMUbrPh8oX9Nd4CnToG,230500
OOMPH!,2mZITUvfEwrKlksoGpHTsM,347600
Combichrist,43cDNHhDAQabilqQk7SVEk,1800
IAMX,223iUzG0kb5V166FJP9ovD,743200
Primer 55,6jnxIScI1LhNdbLNbTDNwY,438500
40 Below Summer,68crB0FZHHJ4skP0JgMFKF,65800
Clawfinger,1xE3snzm12GBK259IqEFlY,191000
And One,6OAueBADydAjR5lP5NqTvv,1500000
Dulce Liquido,42eth8deySzysdjgtjd1aD,14800
Skinny Puppy,5Mu0EMEsUIVE132pNMywns,123900
Stereomud,0XyWrKlieKYjGrIkA3Kieq,35700
Rotersand,0zUDeBCtajKzgNJTeWQiNi,58100
Ashbury Heights,3rclGaNhwMNMcU2GkN91j9,294300
Ra,,
Angst Pop,0U5oAaBbYQ7IM93OkB1Zpo,7600
Technomancer,1cxwVW3CiUuZFar8IIPFrh,8000
Nachtmahr,1wGcs6i2IJbgXxE3bDIm9k,66900
Niki Istrefi,0Rx7qgEFYklSZgXkFgwLZL,115200
SKYND,3Ca8UhvMDcgM1zyfAZGw3M,161300
Emigrate,29fyAsYdzkCIH96xB40um1,210200
Acid Horse,124h2eB6ISVs8O85yQoluQ,4100
Substaat,6INCGubplcHxkyniHIeJa9,1900
Sister Machine Gun,7B4wpEyW6m6ptXf0OJzQId,28600
Coal Chamber,69k6uTSZMPLpSnhmLCiKxQ,499900
Sara Noxx,7f4A7MBsvMkeAGUBU8YDyy,6900
Lords Of Acid,3O3qPC1hmSp7442HYefx5w,188400
Snot,6TnlohrPbZ8D0JvJp9S1t8,569600
Dive,4yMiDG6xmnKwBWwxc7JTYj,5500
DYEN,6LFELkZXRJs04hi8gywM2A,347000
Melotron,3rqALSvaM6NU1mHBQq9I8B,18600
MDFMK,42rBYWqiCzxYUFQM0iKWwM,35600
Prick,4hILJw5uchW1ZZJO10icIz,16800
Zombie Girl,4BxPAlkpM9WCW8HkRLCl3J,42000
Sebastian Komor of Icon Of Coil,6hoAE3TF0FWlmgKFfMRNOQ,0
Genitorturers,3hiYKNf8gJkrqjdRPVLnTC,236200
Cluster,6muNOCYNkZNb4QUPTmFjPN,5900
Haujobb,0qp8mfuI3N8zOHbRDNHrkZ,10200
Shiv-R,51K9RxNw2NFKjwvEXtmwNF,23000
Saul Williams,11K0HIZKfdB6ez0VhIgxPm,148400
Heimataerde,4weRrUTN1RKEnPsZADVS62,10300
Crichy Crich,5ctLSa7S28dXgRLmTizmXR,8100
Ayria,4BTJnYa0TMqVLjAJ0yFoOE,14000
Rave The Reqviem,1NcsVSxFdXsnwvE64zV9xX,90400
Pailhead,79tGKVjStKuAZmHo6qA14J,8500
Assemblage 23,7pwThElmrxl0pjTwXMojCx,39600
Claudia Brücken,3hgScOR5Vi0of1URWqB9IC,13700
Chris Harms,4iBB0ZxqxKEsGo6xbMuYVD,39300
Trbl,2laXBk7t4EScDiHNLBCzpR,4000
BXTR,5DVHsT32QqMheNUahCSEAA,12700
Benjamin Kowalewicz,1ysul2Zu0lQs8JMWXSnEa9,0
King Satan,1V9mrCXH8tey5uHZlsAxKW,18200
In Strict Confidence,5TKuTLuNdfcZ0U9g5sHafC,45500
ohGr,00DSeUAdyYqUyGFqeySG68,37300
Godhead,1HINQyW0VMYvvcmTPFGcHR,69300
Scum of the Earth,1kVyqlhXybTF1PixOp5stJ,21900
American Head Charge,6Ig4qybKXgMN2FLSM7GKau,91400
Morgan Lander,6UmXnQCZQvayT1eZxAIvz5,2700
[:SITD:],2McJOiKebPtBGqyEYyZQFN,40100
Dennis Schober,3xlcCbEtpGbH5lHptxVKnh,0
Sono,7vBGVjjUKLWS8zLNSYwVVC,209200
JOHNNASCUS,1Kvu06TxgDMSFkoYQEj6Rv,36500
Tones On Tail,5aBEGOeWQCJfptic9xyaAb,66900
Willo,4kDwV4HdrqFf5BorQdkaIj,58
3TEETH,4GHi4xklo0FT0l2CNuLFh2,197100
Skold,71Yh3iYxx17VectgWOMvUr,60900
PIG,5riS4sDqcjVAwvC37jxTP0,29600
:Wumpscut:,3TTbkikkCAbUg2j5i9UrTV,38000
The Cassandra Complex,3NhBwiq1BSgJg7HMJPlwVT,6700
clipping.,5HJ2kX5UTwN4Ns8fB5Rn1I,168800
Ludovico Technique,1QLq3DjHn8KdTfUig43wP1,93700
Flesh Field,6yf3GRyJ6hVtk9ahV5kflO,10000
Youth Code,15VmPRQCJEZWaZWgHEroj0,22900
King Yosef,2pFb8zX41Fp6v3ImkPzy8S,11800
Sean Beavan,3TPL9Dg9bEsYITHqtSATGY,10200
Bile,7rBp0ChNSds53ArYsOJNSj,14000
Informatik,1JSd97m3gyQHGCZeududat,11000
Devine,78GKrUbcASdNxj2j2kQe7M,755
Five Pointe O,32FPp67xfQWGeW9t2YtABh,575
Mind.in.a.box,7oFwFLcW5btR2tHAnPqnDH,18600
Rabbit Junk,3Cnkej21cJ1XgbAh98CbaS,68900
Chemlab,6fJTyAeSgv4A1LR9LamLnY,97900
Crows in the Rain,2Xk3Hc122tA7NeychRuT0u,4400
Alphaxone,0xQT2z6WHQccGmAwXLRmKY,7100
Porya Hatami,6qGn1dMbzeGodjzNfzG4gZ,16100
Confess,03ysR3qEbO8vik71NHDwGw,34200
Tomotsugu Nakamura,2wsKuzRDoi9crzR10UVyk2,7400
XERXES THE DARK,1f8K98OPRbpgS88c7NF256,1100
Dronny Darko,017ViJJeeul1vKk90lhwqJ,10900
protoU,2tOu8J6pOihmMTrImxsgR0,17300
Sote,6xOjV520Oih4xkYyk2dqFZ,779
Onasander,6PAdLBaXzSGzXQXTaxDP4x,0
Saeed Dehghan,4Fur00fBe3AKKXw7tlVXmr,50700
Dariush,2jvB5M73tBZlWybPmxIaw7,180600
REZ,7gOBWpAvPnv2y9shomO8GO,169
Mahdyar,0FNHT8Xv2B3q4SoBAXgnq2,744
Hichkas,2X90kCLyxyPeJ5nynJGbvT,53300
Roberto Attanasio,4fxSvYRPo3oYerTlk5QdD4,14700
Aaron Martin,1AsoWIju9npgZobKqN159G,56700
Saba Alizadeh,5BPiJFY7v92eJ34VFOSjSS,954
Siavash Amini,7Ef6YFLZjlHkCcpC8fFSZo,1100
Eugene Thacker,4DZvOYyJFkzV2zG4i1Uycl,257
Saåad,0nCUh5WRa55qcNRwiNUVBa,297
Ali Phi,4hbx0gzmutWDVSyQqv7lus,223
Padra,5IvXuUxXGleUe6qe0tIjgs,218
Baaroot,6ravrJSIY0SU1kmBawiQGp,64
Kahtmayan,10YK9u8zEELnbzV5aAtDYB,386
Tegh,27U8Mik0ZBxuiZ5LEvNPxi,223
Adel Poursamadi,4n9TYRDBdn7oGWlgUyiuhQ,179
Electroqute,2GsJFln111htk3BFdzW5OV,194
Arsames,6pcgRarkKGB2oYxathxYWA,0
Anoushbard,4vn1sbM398VhKpkvXMO78d,89
Dariush Dolat-Shahi,39QmuP5UStWa8Hnj6WSAC7,239
Saint Abdullah,4etazEwJ5tHdjhCyFihuIP,4800
John Butcher,0ci7QTOgaA15OkgT5GvZ7F,364
War Angel,,
Beshenitar,0KyPYnTQWaXxz30hmdLPI0,112
AMONGST THE ASHES,7zqcHo6jbneyrYZkp7fgBJ,40
Ixuol,7yWXMddPf1IHQ1RzMKNUvk,0
Winterise,46QTjtzKxJALYNkTZsme26,2
Arash Pandi,1ubo0P8pmWfZ6XiFYsXvVz,1
PERMEATE,1O1Ox7ggla8MdKSUypInCo,1
Arash Azadi,1TKqNtY0ZiyMguVGl9ssQv,15
Nyctalllz,5Z1YjGOsIomNoMVOyy6k5c,13
ArtSaves,4g4KtfFfCDYMLsQ9caSmHr,48
Leila Bela,0Dg70cv0JoAn2KcLGKqeTJ,0
Jaleh Negari,1w4g7XxDMiulyqqdRC0uqh,0
From The Vastland,2GokTeefN3voeSJMse0c9d,479
Rojin Sharafi,06dJQWaZb78Os1J5XKcXMG,153
Najand,4dsmqqxCtxnJJ9aavWwmXn,16
Chaos Descent,3c02vWmtILgl703fnLqwuW,535
Idlefon,6GWjQF7BsUlDZpwrH8RS0O,80
Nima Pourkarimi,6wiJlnJLXTy52Tatx8Jm1s,0
Spuntic,0wG4NLWc4NYGtZFULvYFEM,26
Deathtune,0Ug86Ca8QLDcjVovHvJkUe,22
Azooma,0CUANddIJj36G532OdkTgH,0
Alireza Mashayekhi,3xUlGpF509opEfefS9khSg,172
National Symphony Orchestra of Ukraine,1bsZDVLTFL92sG1icXNVCi,53
Vladimir Sirenko,5RTOnpcqFmYGGHgpZdaUNV,2200
Pouya Pour-Amin,17HJ39158ZPXfeLcQ9cN62,51
Kiawasch Sahebnassagh,7wshwYC3EjoacjSfQZu57a,56
Djamchid Chemirani,5WYYdTCptFzr3YW16bIuoE,162
Tension Prophecy,1Koquigyoa3rcwk0e4HbFe,28
Layla Ramezan,02y9zOLEuT5Zk41pq3GcN1,110
Farzad Golpayegani,6BDEfxWlzHxp6eQDtXrx10,129
Soheil Soheili,0ZlzdD3Ov3C8GkXjZw09S4,14
Sina Shoaie,5cwh90rotgRXGY8CFk3oxv,8
Martin Shamoonpour,2zvLpyFr9p8SVUx0WRZttX,251
Mordab,1jRUpUgDQ5nseXl7kBjaPA,43
Alicia Mv,1cN4mVw6Q6MgOfGXHrL3XS,0
Aruman,5LwQVBPNyhCEoZ4sPWlsdY,9
Baramant,7bMSJsmP5f9V1BOoIDg1P2,30
Hessam Ohadi,6eaebAMUyjHNMhcnYoemGk,0
Zhoobin Askarieh,78BjRzl539XG83wCSRexen,10
Stampf!,,
Out of Nowhere,4prh8lGbndv5HV5S14MkJN,13
Mehdi Khayami,6uNgsUx37un6l8v9GIi80j,20
Martina Rudic,1qLPQciZ1gRoYAd5zusgGe,23
Maria Grazia Bellocchio,5CMeZb13HGI6sCKPKeAJP5,82
Ekwon,09AeYBonIMral4L1QK1vHL,3
Hadi Bastani,2RXGoJJnI7hBHW1U7VtCJ4,11
Asef Akbari,1ELr1kZhXFWJYPWjOctTVG,2
Salar Mahoor,0qVaPNkIkfnRxkEddzcVsv,10
Helzgloriam,,
Keyvan Chemirani,4v8Xn98JSySsLpTJYRwML5,4200
Masoud Shaari,5itEX5aEegDQVXw1Gyjl1J,2000
Amirhosein Allah Yari,,
Rez,7gOBWpAvPnv2y9shomO8GO,169
Shivered,0WrcVVVGOnFjv79Fwahp33,54
Ali Sasha,6BWmZA7UrggB0SMBP57gsE,3
Andreas Spechtl,5aSbCRh68NaXyVY4NPq2ci,99
Kelariz Keshavarz,4RkFlR0uMqu0ofFilKS6xF,58
Garhelenth,07SOGAMmgOty6gB88bQWbS,45
Angband,4CcAXHqJ8Sc0T5WO4rTQGv,0
Leila's Cat Loralie,26oxZAUX0PhjHXT8JhqOwn,0
Parsa Shomali,6BZohKmtmOaXxz7HK1ZW24,15
Atria,7zIkAxhnP2xTRE4XXNhQXQ,25
Connate Exasperation,1r8VsWL02AYX36Fru4ELfT,7
Farimah Ghavamsadri,3SZGQShOKH3ozaDKJwQhki,4
Ali Ostovar,57kDb7eKkG3yJzMk5nWKur,27
Hani Mojtahedy,4u6WezeJnoWI28umFSAU1M,8200
Shahram Mohamadi,,
SarrSew,0lPgsSI5z7mMPeyZYjGFav,46
Azhirock,2vh8ZeDiygDZkW4JUtgRwH,39
Ahoora,6Nc4yKjzBWhMAxvw5JOy1o,34
Idin Samimi Mofakham,2PkLy5GxEX5k08sgXBMkpX,12
Parsa Hadavi,,
pan-tea,53r2A1lB8Rd4jFcJNaObk6,0
Negin Zomorrodi,4HvPcAbu3dxqArtrHhaYVC,0
Ostravská banda,76KaNSFnStp7qHspJWV4G4,75
Ata Ebtekar,4ILB9yJX2Rq5Re9UD3BypO,64
The Iranian Orchestra For New Music,73KZ3khVwzEcai2rKde6MY,26
Integral Rigor,2F43bvO7qOQMx4UGg1YYd6,21
Marie-Thérèse Grisenti,5gS5C98OWyc21bzsx1PiSW,13
Marc Vitantonio,4ehATkSfO44Y7I1wirW1Pz,13
Duo Grisenti Vitantonio,5eFkZhawRB1vdogCdDMYDA,13
Pointed Mutation,5OxJSshPJCdyHE5RmQejRQ,24
Nathorg,0LTMA6avXICcAqr18U9YIr,8
Cursed Kingdom,,
Sabke Morde,0YGjhgeUWr3yuk1YVI60Jf,95
Trivax,2GKeAD3kQ00xMm8iGusJ2q,3400
L Jorgensen,0jbdKugV2lURtPN2c7UcMG,0
Sohrab Motabar,,
Nima A.M.,2HPYAx2C73h9snrZ3fkQx0,0
Silent Path,0oHCG6ibm3CW9QuHD41dF5,31
Reza Solatipour,1h7mShZNUibUELtxfNy6Mf,7
Beatbynajwa,3I36QJUwnZzyxnqIQJkZcy,4600
Ash Koosha,6fmVG1KjVilXPkZ9x9UG8Z,1400
Vista Versicle,4whBv0d3SjNuXGnSluSnzQ,0
Roj,1Rdnsxdsr0VSwEp7CAbjJA,443
Lorenzo Gorli,5oRo1y8Wza0BZDhGU0xxso,10
Eternal Griefs,2A77s7pQNYg2Zxub3zrnlX,26
Kimia Hesabi,,
Ying-Shan Su,,
Kamyar Behbahani,2YiASOiPR8iEAAJGx44t6G,18
TarantisT,2wBXX2NS9h0oh3BUbaayFT,0
Witness the Existence,,
Nima Alizade,06tOlqT3g2cdHurTzlZbtw,0
DSM,5Yi78jSTaR12K0xGfmgPvz,0
Rhonchus,7BeMoRem0cSkB3sKkHcLPK,4
Mehdi Jalali,7yXZV5xDnlmJE7P8ViO50j,0
Pé,,
mHz,6OEPgVzpzKlRl33fpMUQQN,92
Odepth,3PPVs0qgg9cqoxVPyogoLK,11
Downtown Of HongKong,0mmGr3fRt2sODckiKFvTf2,6
Nesa,4U1XL3bIXcJYzWIcFttjMU,13
Javid Psychic,,
Safir Farsi,2JQP7CqXVNeM7wwB6IflqR,0
Zeee,664DhUnBDzB1Nke3bkN5Wa,0
Pher,0nSqvdQSOrHHliAxtRrz7N,13900
Leila's Opera Class,7gzsQfS3HOjfENzJ72tRRk,0
XSIX,7JSjvV9A1FPcu89Rc8AYZA,8
Buddy Mv,0Y6Yc57RnskwS6mQ6KoZtX,0
Safir,6tei4FkrWl53MDzwdJN5bs,9
Pari Eskandari,4Yonol5RNlZxLYyYCmc0mL,84
pOverDose,0y7fgPLtajj3CPwITErG3h,0
Ehsan Imani,53WzCh3EWNE9JGcNrCBlWe,18
Andreas Lindenbaum,0k62ClpG5ekKzfe7SEZVRI,56
J Koran,0th6PPPAPdZnxQuCeS0GCt,0
Powlatzki,6vhWPHEJLsZKOGoZ6hL4Yy,0
Bassem Hawar,7I4UKvAZBJ5a2SAlpziv9Z,113
Julia Ohrmann,7xKSxT0pNawhiITX0u35ws,0
Erfan Pejhanfar,2jPikoE6RqNV47Tb5fmZe6,0
Kioomars Musayyebi,4q6EVNQXguqHnay17i7VTB,85
Matt Finney,1Z3QBydRiDUaQErwPlzqrH,0
WindCrow,,
Zhinu,,
Mlelm,0VYidP13qqJ81C41J4SHpG,34
Remy Boyz,2s0yxtiHiyGe6CY4mbDYFi,446
FAKY,5oLb41tSEDtY357HGJCIK9,47900
ØMI,6hgAxdLyAScworv2mZucqK,54100
Blackstreet,2P3cjUru4H3fhSXXNxE9kA,8000000
Queen Pen,0VbIlorLz3I5SEtIsc5vAr,116300
DEAN FUJIOKA,59m6Auk4r76d16XDpOznCY,218100
WEDNESDAY CAMPANELLA,0bp9CvkjQYhUJvWRHjFRWI,419800
EMMA WAHLIN,5vLM0jSwj4TMVhnWuocoaD,141200
Flying Lotus,29XOeO6KIWxGthejQqn793,836300
AmPm,5Xcbv83o11Ez2XPHa1n8Pf,117900
みゆな,2eg5oiMWKYEJ5vVwW1YFCC,248900
FlowBack,0gXdjWalwSp0EkSetJ612q,6800
Michael Kaneko,36a3BbcVBJMiBGeHzpAxHb,63900
Montell Jordan,0iVrCROxeyon7MZUW3MfzT,4200000
Maharajan,0gmt8lcncffPLWNS1Dphjs,138
Gerald Baillergeau,1NDuK5FhI3abpZAOhXg9zb,23000
Victor Merritt,2LJUQAQQ465KKyzRNJT3yo,23000
MC,,
De Antennes,3QmBJvBv514utGusKaDdb3,5700
Binum,3IIPrGbdMH3ddTyUvBO0Af,62800
Ryuji Imaichi,70OLJdY31J0j1JgNcLsvSc,21100
DA PUMP,3NRXKeatDxKe4apH6XawKX,504900
Banty Foot,4WBZSqhp3CgTL5XUgfXvBm,220900
EXPRESS,67rLYDUix6KdyrG7BztwpI,117700
DJ Greg C,50tkdBS41CVOFuPoXljKJh,53900
Boon-T,1lK7pm0y7hwcTOfNvArSjs,5000
Shuta Sueyoshi,3NSKTb4t386KNoI3bP9XVV,145700
Wino,2UEm3mXEPGyxeWQJYc8WSx,2300000
LOZAREENA,5lRAsaQysYDBzpa1CT0qwV,120700
CrazyBoy,4BsB9scJ7QBOA47tGqNndS,0
Yo-Sea,0ayU6CR43tInomJqB9JfRw,318200
BALLISTIK BOYZ from EXILE TRIBE,1dZ8IZ8BXP30yhG50TH06o,102700
DJ Furax,5Fr2hRHMxRV2Lu0Gnov3an,368900
Redshark,5RLS1cV1IXte7606b6g2P8,23700
Miri Ben-Ari,7i0Z1tzWVamskO8eLnZ3Kx,949100
"Young ""D""",2ybfFlvm4VB8C56wI1yOQs,13600
Afrostringz,3VgBjPHdZSAreCUZmbxwYc,173
Guy Arthur,7I82CsIAyE2RTFwtP6gcrP,42000
CTS,1M9P2bEpbn1Lf4EKsBnR7g,27
XTassi,35mpUd63hfaIhq2vW6e1PK,637
SASUKE,7jwE5FqGmCoX2l5HYaLfkP,3600
Rhumba,4ArQFrp2O7mi93LHMlTvuO,11700
Takeova,6cbOc2OzLcBuqqBnM19lkP,40000
Teebone,7EKEWaFEoX9rnWtCchWER9,20100
Templeboss,3DsduvWldBK1i2THXJLyTg,9800
Notnice,3xE5Mbgql6pnTTaTifw8UX,1000000
VILLSHANA,57weAzpeaELcDcAuqngdDo,126200
KAHOH,1rknkKzJEuqVordsoo3B3I,68900
I Quu,6ekmiY9adRvHaifeTUOIXO,323
Unknöwn Kun,5zfNAxbKj2jx54fC0GzNMl,43700
The Boys,4leNVM0TMKp7ZdJVH4c33d,424
Yo West,69mSqOBwX79RGTBZvFGKSV,7500
D-Major,3XC2RnJHl1Z08ZamQVNpks,183100
Rytikal,2XmUEusYfpe4UG5BJtRwgX,474000
Jahshii,4pP4fxW65oev1NdRd2Fbn7,183600
DJ Hella HIGH,,
Tatik,2MJT5iXdO2amV4LQ4QYOhQ,50500
Dub Akom,3faVtoAUmN1R5gAENd4coO,32299
Luigi Society,1Kk7AJK8pdfjn1SKCxtuXo,16400
Black Kids,1oJolWh3meHLWUcyIijst7,209900
Ricardo Gowe,0gON0auCT1Yo7OqZRY9TPq,19100
Leola,5WpHAEOowRK9peCx0CIdMy,38700
SWAY,1bElSTQqO1Vd1pia2t7JeS,30100
EXILE SHOKICHI,4XwgSK4cf1mOO6wqXwYU8o,19600
SALU,2AwGvrbcvOSx5HDwc4OQE3,208100
Bobby 6ix,0IYgOcukUpbC4nISgoVfg9,6800
ShuuKaRen,2q4DyDrrCWAlIk8foYvVWC,5100
RockWilder,44qVOHAihzGKRQC0RaoEoK,8100
Kiprich,1K6FlvOftq7555uvKY0m5v,92500
Kim Kelly,0VKDm3EjL3n93uaRNlq8eP,15400
Moyann,5XV9d7Ee7IuJrday4LIpKc,70900
Leyona,4sllRDaXOp0xJqpqk78MI5,7200
Ansel Collins,0IH1Rx8zeWyZLVrBloZp1Q,23100
Deal Casino,6VsE82GTo7eDAW9XaDO7wD,36600
Norris Man,2rVr4KpUNe5Kyxnir7RCbW,25900
Mikelino Rutz,6OmApJx7xiGKEph61h5NHn,70
Filomuzik,09EgqkJobTD58sPxu1aWZp,10300
Sheba,4xApCaTgtmPbREvzkKnbtv,2
Shemdon,54DqQBZR82mqlZZGAlaHi0,606
Devin Tracy,6MfKvHA64hLnQEJ9E5M7FT,343900
Ruger,1nF1lEcS3GEV7LwQP3xE03,0
Birchill,4MuPg5R8uv5DbxKUrlNHwM,437600
Jafrass,6YaA8jbfVVyMzSp6bUq2YU,45300
Fanbrown,0pJiXyozCdysfr3YXdp1al,1100
IWaata,4G2Wcbw8eZ0vViOycrgVZR,150
Extended Play Records,7HSXIaQvbdj1EHTJFJfqJE,22
Lt. Stitchie,6nCT8Q18njk1VYe5m7BVgU,16500
Fantan Mojah,224iUwyJmK9mbPT0aLtS5W,586100
Damage,6Pwy6Wat9hp8g83y6gih5g,347600
Mýa,6lHL3ubAMgSasKjNqKb8HF,5300000
Zimi,1CDJaUv1aGeoQQFlIGrqDA,869700
Black Ryno,4J6lI0OoIr98AuWpXdle9C,15300
Thundercat,4frXpPxQQZwbCu3eTGnZEw,9400000
End of the World,0b59cVa1STVENq3i7wkcHV,106800
Grim YG,5RPC6fZjSOiRnHGYNMRDSM,12200
U.T.G,4pfqKZfQt6elfLWy4EJqti,2400
Wildlife Pettodene,0JcdxX5zHvwTpEdvqp5M8C,7000
Gaza Indu,72dBdTtN4gkTKgUzsJ7Xg9,2600
1mpakt,5Qp7Hwx3YqaiucEuqI6H3b,82
Laden,1r9TFb2qiExyGx9xWkyEXY,6
Lisa Mercedez,2uL8gbwzpTKZKSNcCTHm0p,56400
Yaksta,5vtwMQzntImyhUesG7tt2n,64200
Dj Syke45,3rsvoOZNKnqQ5QJ8HVhXN6,489
TripleDose Production,5NGtp8gW8MmJqCTfCv8efx,9600
Fadagad,4lTElMDpf9zSotVaiqDTkw,1400
Pryce Wayne,7LmDvVszOtjQI0vQNg4Wul,0
Navino,1unWua9PzfEERRjpdGV5ju,15600
Tanto Blacks aka Real Rich,37AANu4WQ8gWfSwzGNlXq9,216
Vodca,5DjdhwvHjmFYdmX9qtY7ax,216
Daddy1,1KgNeTwbXBsI13ic0uGxNi,38400
Droptop Records,1xsWbdVn1gyHsHnDYTBAYG,256000
Jack Hylton & His Orchestra,7unA1Br0p1C0Wjs5GlBFU6,29600
Tanto Metro & Devonte,4mVpYIVAOE8sEdYuL8HDpd,908300
Di Genius,08erObvNX7rs7d4pbuaRCQ,1100000
Stacious,1s2DqKGaElgMSZsQlH8qRD,135700
Furnace,5iAQ8rJPGj1uEDqPigO8Hn,646
Yemil,7g4cPtKxNx146qdaY90TG4,320500
EL TACHI,4nmvGTxCPfDRPoVkWb2xfR,0
Funki Porcini,2RNUVT2Tl938bULcNzDRNw,136400
Simpleton,6a9dRIQdjTzO1aSa5aHfDM,81300
La J,0v1XKISJvhtqFqnZole4H0,0
SHINJIRO ATAE (from AAA),4NISquFskcZFDo3gALrgWx,194
Nae.Nae,2PzZpKMO4PQ7tR7Ke0w7EW,104
Blakk Man,5PpCIxJLYTBonXL3UIDAWJ,3500
Janet Jackson,4qwGe91Bz9K2T8jXTZ815W,9100000
Pamputtae,3qu3PIngYcX3SzOVcNGSTF,31000
Esco Da Shocker,1zvAFqFUEr86lXG01W80o0,3400
Black Shadow,2p9Ir76xCg114T9P67Hk1z,67700
Gaza Slim,7mPRzTE0BI6QMFmWhevSog,842300
Pink Boss,0BbxaB9z3XIhXisJi2edPl,116
Ai Shinozaki,6FAPEHRcXZiOWZKh7l481Q,1500
Mobsta Muzik,,
Masterkat,3VCqohGlNtBjSaNu3hQf9d,5
☆Taku Takahashi,13FGWDOwAoQyIBuZLtCjN9,289600
D Mafia Muzik,0g4odQXN4clOaeUqIvm0Lc,0
Stephen Marley,0CIwCGmQMqHqiblnZlFia1,1500000
Don André,37CjuBNVFyzFe1exTwBlfa,20800
Shawn Storm,6UsCuzFNa4JLDTfsNQNOFz,47500
Love Star Music,2GWF065KbTCh1fcP2dpLgt,28
Voicemail,0b5u9it2uTGjcDnROf31fa,113300
Delly Ranks,5tivL4voLKjvjVtTqWYWrl,6300
Bogle,2iSNFiMQr0C8GSc8CJYwdR,5300
Redboom,2nGbcIW0i3MjNhs6mVYJoI,4
The Attire,5DPoUW5HGgfsoAelpybURt,26000
THREE1989,43pUK083tLA3lk3JQr5ATn,35600
Black Spyda,3vWTgKuPWHwwjiXj8URhLt,31000
Astyle Alive,4P6LAPSZ5NFxmzAWcHwrRW,44800
Blaq Rushan,1AzZUBoIZZ2h8hw1HXmzZU,0
Jucee Froot,7BtDOCA9U1krM87JITg6bF,97900
Tommy Lee,2sfQCt8vryixkiNcBOUlxV,66700
Jonny Blaze,0sjn33zPThDMZvhx0dBJSH,74800
CAPSULE,61KJdJU38zrAW4c3PI9C9N,292600
Sky Bad,4E1aNRAl8V2hjUsIloufph,58200
Christopher Birch,4SP5dlLbdlFqyFyScNpf9h,1600
Robbie Rule,2BdrylDsoOFtodAwgDfFRc,71
CIRRRCLE,0kvuzARGuGVDWjuIs3Hzwe,3800
RUANN,3oxSOwzkl2f4KCEv5Qv3jf,11600
Renee 6:30,2jyL1N3OKQu7ksAa5j1xpz,909
Thelma Aoyama,1AU9Y5Y2Taxe4yh7AI6JRD,624900
Shockk Wayve,2jQvk0yV63ziUWJwonbSLk,651
Only U,4rFuiqSv9uhr8JcBSof72C,286
Michico,72vmjWcSg3ZvKkxGoDzX3I,811
NEO HERO,4jlSIjaiKyQDhRnLUWYWbu,1400
RAY,11XXERdBUPHGsCBbpyaMwz,7600
Rekko,0Abol6dNMq8DCKe7XEB3M0,1700
JP THE WAVY,0hBYSjDjcAaAuSZcpN8jk9,706500
KDL,2Oz9WXdk6nsT64jTEn9pVu,13300
Usain Bolt,2PIYZpNwZRt8BDALIFazZh,21000
ZJ Chrome,10RdVSp5OiUPHjh4bYKBMM,246700
Fresh King,0SFKjV7bs38PWdVTEQrBkB,1100
Ms. Thing,72cbi5bA8U2sMttAnKIaen,33400
Assia,0WKc7pYKaii63dISJolHAQ,137100
RED DIAMOND DOGS,56L69pTRrbMIVQoO9wbaS9,3100
Tranceball,7f2w66iBAMcDI9X0IU8SGT,87200
Sikka Rymes,0BDiVDhMNHA8WcxKxEbBjr,33100
Likkle Addi,1gbC1B0H677ryBssCEnIIm,178700
Likkle Vybz,205X0050nYrtDk7oznzvDf,180000
Aikodon,32Jf91Uj2J3FqKhCpZhisl,7200
Nae Finesse,5pypn38hJtJLOxlPTZel2p,7200
TEMPURA KIDZ,7nlyMY2FWpc2hDfc40a6Gy,13400
Don Richie Music,4KCqygLPe5LdqkrNdEyXy0,460
Fastah Selectah,1IB58gi0dQAvYcHoFuqwXT,94400
Panta Son,5V71g4C5n0DHMp3dlOowUO,16300
Extol Music,,
Gabeana,5XxcIkEqr6LkZn6TshIIxU,1500
Louie Vito,5b6skEVNGLqLINQ4Qzsxqm,20000
Bayka,7pRxYXACpWZf1i7Chd8Sk2,247300
Ikaya,4Epj4KV1BezXbmGhyV69uZ,36700
Deep Jahi,2C1txvaUAQoIuXPo2abhnC,38100
Pablo YG,0JFNiVq6LHCFEJk9ilmh9K,134500
Vanessa Bling,1PiEUwpwwtIostNXewLUG1,65200
Stephen McDonald,7fj0zqRon8Zau7VoDb5o9M,624
Dinesty King,7kK7bhNgnXrtXjXfN7E3Z0,32000
Tarik Jazzy T Thompson,6sFoObgl1BzplimWTBt6sD,3800
Keshan,75Lay9RhM5jpTfb0AG3gek,2500
SSMG Productionz,2rk5hjUNkM0J0Ti4WVjUE1,1900
Damage Musiq,0sjTBvvHmLPJ3vcmAjitTJ,191600
Nogizaka46,08lN7bm4Etec8ETFxaTUmq,721300
Mariya Takeuchi,3WwGRA2o4Ux1RRMYaYDh7N,1800000
Seiko Oomori,24YRwiUM8Lj1bamuYNbeEr,392900
GIRLFRIEND,4jMAPB1oOdRVwqvGOnsNGn,73100
Seiko Matsuda,3E5NLQpQbd0eJ18XO9zC0h,992300
BABYMETAL,630wzNP2OL7fl4Xl0GnMWq,3400000
Keyakizaka46,03E7w8NrBr4lNCK33TQyil,309300
Perfume,2XMxWKPKCxoLkSdpCViCnr,1200000
夜光性アミューズ,0iRD2CU2dIFxQSuNsayWj4,36600
=LOVE,1j2WhcTW00Zd2SjFYsJVc6,1500000
Shiritsu Ebisu Chugaku,0hWvpmIrUgyPKOYvEGcERp,149200
NMB48,1DdzMfvcBzMgdX5iPu69wk,136900
≠ME,3e3ubSlRDBFxokscDrbvpF,324600
Kyary Pamyu Pamyu,7Gh6fW49xfXLP8DTWaLVJP,1200000
BAND-MAID,5Wh3G01Xfxn2zzEZNpuYHH,246600
Momoiro Clover Z,3Zl0EsuYV23OgNw6WqGelN,540300
AKB48,01wau5CL3Z1vfJJWkzBkqg,1200000
F.HERO,2MnMuRYL9qsGvWPsZGeDGQ,1600000
Philosophy no Dance,2DUhXuCbn5RWAkRaKh8qaA,40000
Shizuka Kudo,7sU5H7XSVz0GC1RyM7jY2W,382600
花冷え。,4N2I7VsF86h59tbsvVoB1h,340800
Yui Horie,7LKC71aoVTsDcHP9weRH9R,96400
PASSEPIED,115IWAVy4OTxhE0xdDef1c,51500
ZONE,1v15ZHys9Uh6vQdIvKN9wg,3900
ノースリーブス,2VM81ux8Ip6Vq2RsDdeGXW,21900
Akina Nakamori,7140bcJ0ZySe314nUfOo1J,680400
Tokimeki Sendenbu,2lqUcuIdIv7Qyuw19ukFKP,26000
Sayaka Yamamoto,0MkmM5Vy3gj9QX1JHiYCiK,38700
SKE48,5G8OLQcvoCxiMQzwEcuWeN,60900
Tokyo Girls' Style,2mUoXdIOsE0kFnXdNzS3wx,8800
SUPER☆GiRLS,4zthDDKQvX4jJtGfo4ouKr,18000
BiS,686Q2yJDYA5wjFy1PJXjGX,11300
Tomato N' Pine,3cb7IpI6ujGhCdKyknSSky,7000
Dempagumi.Inc,2jAtwNClGACPlYgR1QFAIq,59400
NEO JAPONISM,5HumUo2OdKgqtpk2vz1A10,8500
UNIONE,6UNEONDXoi7dQe8ulQFvXP,8900
Kai Takahashi,5vp0Xrp0OxMrfiRyxgVpGV,10700
Flower,0VPLGnexd8K6BGbpLiPPVj,139100
Last Idol,4MoN2GVxad69TdfvFf0pZ6,20400
二口魔菜 Futakuchi Mana,6nhHInOnQSWKRxntTHBH29,87100
Idoling!!!,4MMquRKVnKJLWy1FW5vVKO,57500
Sakurako Ohara,5TS11vZTUaDP4maTjFCcBU,338900
HKT48,4gEIINdqeWnlTnmdsCUVBf,62700
Mayu Watanabe,404KSG1w1GP0oWwWeT8ZIt,7900
Kazunobu Mineta,5557aMYf4K6C6BCVpHsjll,2900
STU48,0Z45lR91V2XYj0YxdiFxnF,28600
E-girls,6CKN3GUiWMrESH1RKn3ecz,321100
Yume Miru Adolescence,75tFVzJkjQFglSQCCIZgQD,9400
ROTTENGRAFFTY,5VLauD4FsZKQzCZEuJsxSj,93600
Phenotas,3WsvGdRJVNDoigGw6uXMcV,48900
Hysteric Panic,5gcxdZ3ZghD2XNc8ptMLZq,7900
Wasuta,62lVEFzoouKmA6vwwLrdZf,40500
Night Tempo,76B4kqqCUdVdAo9AG5LNWF,305800
CYNHN,4zvPQPSgKeFCeHup4yu4Dg,8100
You Kikkawa,3QA6cyQrZCYkFyuWZxMiEr,3100
Chisato Moritaka,5SXR1ytzVrYGLv4EpMQERT,435900
GANG PARADE,221zNlzeMJxLOPMYUIAaLx,13100
Ayumikurikamaki,0UDiy9fLk3rtgfh5lDqRqu,25000
fishbowl,1nyeiKFHnbe9QsI8bOjGK5,7300
NGT48,4wZjP2p0Sm5EHM32uuAgGf,23900
BAND JA NAIMON! MAXX NAKAYOSHI,1y2BdZ7ihwRkZQCohhNfQq,15400
Yuki Kashiwagi,2BESLc1BVykMjAMNKjiK6H,5500
MOSHIMO,2wfyx0p7LKFYZh2SaM9pXy,20500
虹のコンキスタドール,3ZdRpXbuyNbMM6MQFJMErr,38500
PassCode,6AIX7SZPkjZ2u7gZaw1uQo,77200
ELFENSJóN,5vomJOkSx5xcnZg09Q8XGt,28900
Chris Hart,7HKv46ONX5fJFCSygtx9R0,228000
a crowd of rebellion,3gy7nxZ3l2Q0Xz9sXAXrVX,42700
Joakim Brodén,2U2L1YxD0FCUkCdDfEbHm1,39400
Negicco,4PoAqzGXLjpuYMmTRv24q6,5500
SILENT SIREN,11FVEsg4m3QWzNfaK7vykQ,577500
松井玲奈,5s1PXU7kbtjkSneOkmRYCs,63
NOCTURNAL BLOODLUST,3ufWwEY2l678hzrJLBgn4N,16400
kamiyado,2AWzGewZVrlcuI3DwbB84b,319100
RYUTist,4BSpF4yQWrGiYdxNsLRdX1,3000
LOVEBITES,4H1S8RTYv4vN3SiM5uSZSa,38200
hitomi,63W3HOGwdbtIHC6LWG2Obc,60100
Funky Kato,3eyArt4atpqbHFYnHPMLvY,7900
Mary's Blood,7KIjskeqDtip66aAMMvX62,6800
Aya Hirano,3i2cfgYBlN8krGOtCqEYHj,167500
後藤邑子,125fR1G9GJOC9YD8ZQ7a0Q,107000
DAZZLE VISION,1dYHBviFFOem5Y7eYFIDV8,3600
Sokoninaru,01XDGcFHJd4v02CN2tuMGF,53200
Tim Henson,2cMK99GYN2qw5buZecbKH4,195100
Scott LePage,2jBipF7DotEupjgfBqSdO0,66600
TACOYAKI RAINBOW,3Gy9YFDrhJbxoGPm05v3rq,1300
Dream,6LArUyIoMiHmDvvOAsE2cd,268600
TRiDENT,7rZdMuqbboWedMFTA5hsrh,34200
Team Syachihoko,6BHbR0Nd5D3BT1oucUy9xn,6200
Yui Ogura,4BVBO54UlQrzDW66hSEefy,47400
Hitomi Shimatani,34eavfJpWV3DnvwqOmml18,427000
TEARS OF TRAGEDY,1VfZ7ea6UA8spw6YSbNGYM,20400
Dougen,1NVKAJV1av0EJHropRB7GZ,8
Nene,1uNnKxEFiPfhNAIPCvGRhG,116000
bird,00KRI9HpAd5JEcJFEEEW5U,6
FES☆TIVE,3VkzOWyUWokxM09rftK7d8,6900
YOASOBI,64tJ2EAv1R6UaZqc4iOCyj,7100000
Fujii Kaze,6bDWAcdtVR3WHz2xtiIPUi,7100000
ロクデナシ,,
AVIWKILA,5wZoqr9DBLE7BYXUC1PhSs,448500
Nelly Furtado,2jw70GZXlAI8QzWeY2bgRc,34200000
yama,7kOrrFIBIBc8uCu2zbxbLv,2200000
Yoshiki,2EWIKpC6npt0GTe1Cq1KDm,917800
Vaundy,2IUl3m1H1EQ7QfNbNWvgru,5900000
『ユイカ』,2EqaSEa0WkE59Aca9iXSYj,1400000
BUMP OF CHICKEN,0hSFeqPehe7FtCNWuQ6Bsy,2500000
nobodyknows+,7lSZHedda1CjyJwI6Z9Zlj,990700
ZUTOMAYO,38WbKH6oKAZskBhqDFA8Uj,2300000
ヨルシカ,4UK2Lzi6fBfUi9rpDt6cik,5300000
Diana Krall,5z1VAFwT35EVvCp1XlZZuL,1600000
Clayton-Hamilton Jazz Orchestra,3BDNDjVtAxrIqFDIO5cUgy,5600
Yoh kamiyama,3sIalaTfShc1biZjHCCVkv,512100
King Gnu,6wxfx1yhyqjCPYwwxJktR2,6800000
Creepy Nuts,0pWR7TsFhvSCnbmHDjWgrE,5500000
Masayuki Suzuki,7HRu4Npbza5TBWn74TkAOF,799100
鈴木愛理,5YnNfqofR6jjU2DDoGfh2h,119600
Monkey Majik,6U2dgcU46Iy9pF3RQBj5hG,530100
YUI,5WBO8UyOuJ1l7ZBqqBimpO,2600000
PornoGraffitti,5jQa0f5MIMPEK7udL7UpI6,2600000
SEAMO,1txC4MvuCHFRrtRiy4cwnR,228500
Novelbright,0jWCX6zp4RjWrmZRxJ2uri,2300000
Gregory Porter,06nevPmNVfWUXyZkccahL8,1600000
Anita Wilson,4rEGEwaOU6Mtdj4ylW0fjS,258600
Madeleine Peyroux,7nXyULtoL8k7wP9l6kg8Ef,1600000
なとり,3lagKxU3X84fGgnH9gekjy,4500
Mika Nakashima,3D73KNJRMbV45N59E8IN0F,1100000
OHAYO,6UZw9wULGiIBh6jCOn2Er9,51800
Shake Pepper,00VRVxKWiqy7BMVNohf8yU,0
Yvngboi P,6OpF456GdtGi3oqOafqVWW,58900
Da-iCE,71UIOLnsacxQHlU55TvfiH,1500000
ORANGE RANGE,4upiYMjsFfLRieGo8RVRzD,2400000
Miki Imai,64Y8hjY7esLUC8ucjtHYwZ,359400
Jamie Cullum,3XxxEq6BREC57nCWXbQZ7o,1100000
Sertab Erener,4W31XN2JH8mC54NkHdh04s,4600000
須田景凪,5dWE3G7COO82G6vRy2Hpum,1100000
Namie Amuro,4BmWSGKG6HiYvLuJvZ9afa,85100
I Don't Like Mondays.,2DKISYy7EvTDO7eJHBK6yF,318600
Riria.,1J6OD7vLbjEuFVgVRlusmS,490300
すぅ,,
本間芽衣子（CV.茅野愛衣）,6Ft6iUd8wRclZv2vqqwJ1u,262500
安城鳴子（CV.戸松 遥）,4Yk6VO0E6sRSsHQ48l71V6,262400
鶴見知利子（CV.早見沙織）,1auIZlPiXupfHjk1B3nm74,262500
Tani Yuuki,0B1ce3uNrzkdm76NXI4mhX,1500000
Anthony Lazaro,4eMIZNb3qBMQXkfwCaA31H,605200
サザンオールスターズ,79nkC8XZ5ohEVU0Xlf5Ael,2400000
GLAY,00AFbqxvdDK6T1D6MQZ9c1,851700
imase,4TaSvnT5o4REFwhqfrmK27,4200000
cadode,67zlAHPEzkbMQrkdC8QwPr,41100
Anly,5yJK9kmUG5wPAPDfaaandz,341500
れん,,
Joe Inoue,04q6GxPQU1OTqHGrUxeufd,289400
milet,45ft4DyTCEJfQwTBHXpdhM,2200000
Shonan No Kaze,70x6gPIjIhWtxjczooKl3p,1400000
Mr.Children,1qma7XhwZotCAucL7NHVLY,2700000
My Hair is Bad,0d4XqzcMpgP6eQZ6TIW2pI,978000
EXILE,6zGmypGQUBXD4ZC9EbfMme,1200000
Yamazaru,6VuxycWaTHHrz5ZP5sNSsd,393000
Senri Oe,41DTvjqwAz1jgZCAZ6KTJG,84200
İlhan İrem,52ZUYpWgLZaJJDEum4P2KH,406300
Doris Day,3ESG6pj6a0LvUKklENalT6,1500000
Can Bonomo,3vJJGsSAF5zQegZo5sJEh6,1100000
ラックライフ,35AeYLIKrorZDAxsb40vVZ,237000
Fujifabric,2QgdUzpKFNxey5IuwvsGBL,965800
Nulbarich,2yPOqQXgXAw3TVjCNReIrD,183400
Yuuri,0ixzjrK1wkN2zWBXt3VW3W,3300000
Ryokuoushoku Shakai,4SJ7qRgJYNXB9Yttzs4aSa,2800000
INTERSECTION,5yzLjgtXt52UUcOO0y88ma,58300
D-51,5uisl58N23dXm8fGfbLF8m,786400
FUNKIST,5bsH582oaAKCAcPMkOP2Vu,320100
Static & Ben El,0xHa28taiElkcQf9o3z76g,428200
TUBE,6eguDrQPz9yvJUn8stUeKU,114
Andien,75FhU39jo2xmyiObiDGXAo,1300000
Rin音,2sd5k8N8cAOm6Q8OCcePw4,219500
BOØWY,0pr3ep0knQaPHEZ2X8niA0,586200
Skypeace,67B3zxnhGAjiz0OVdPidXk,78200
Ayten Alpman,3ABivHBm6ULD624ig1lgOg,1100000
The Go-Go's,2mG8HHQ9S9kcbjcrb5N1FE,1600000
Ayano Kaneko,,
伊原六花,2oHiy1x5X3FnhsLrrS6IEo,225
De La Soul,1Z8ODXyhEBi3WynYw0Rya6,22000000
Che'Nelle,7zVOa12T0RhNRzpbwZ4OCt,702300
Crystal Kay,3yzQHdj9G34CVZ5rVUDrOM,578600
MFÖ,2jbrqAuwSdvwcMTbtvncND,1200000
Lilas Ikuta,1qM11R4ylJyQiPJ0DffE9z,2600000
Yumi Matsutoya,1LQQtqc1vQ1neUgZrjYlEU,1100000
Didi Kempot,0obaLCCWO42LOegAmHhEC4,231800
Demetrius,7oDv62RzIfPrM9665OHrAz,117600
Leman Sam,4Y8MfXiMkqE7xnMWqCAn7E,671600
The Smithereens,06KgaEpSluofkcChSo7TNr,198200
Long Shot Party,3JdNagrq4kPXQ3Coj6INjp,243900
Brian the Sun,5CVx8gIHxBaYMuQVXr8ogM,168600
BRADIO,4bykb0rz2eT2t2kzihCsne,270000
19,,
GReeeeN,14T8NkbwXVZgbOvwnuGV89,2300000
B'z,7i9bNUSGORP5MIgrii3cJc,1500000
櫻坂46,0Ti7MfCiVVQAK8zLSiqlto,251300
KOBUKURO,0llYwFIMgF9Jzmp4ZY7wbr,1700000
Yura Yunita,02Tq76MwpeoRu3BHIAiaio,5200000
Little Glee Monster,2N19kPGlqKY8GiyE4DkAtp,934900
鈴木鈴木,76QUiw7IqXtPsy2dqmr2ev,357700
Levent Yüksel,3OVWvBHwlq5w8iRJEBoCp2,1500000
Bo Kaspers Orkester,2VE6Ge0qFHrqDC6KG6ECJn,352900
Ruth Sahanaya,2MoFaFNb7uknA3GxKqpMYz,297200
Alice Babs,3omPckNeXtMpCdOXVfcOST,47300
Titti,7IbS2SEpGqbjRAgEgplBWp,15700
Vince Guaraldi,7gXUrN8vgmVhKVCkw9pavV,205900
Lee Mendelson,2LaTrnk5WevO0W0G1w44wB,83
Vince Guaraldi Trio,4ytkhMSAnrDP8XzRNlw9FS,767400
花譜,,
Rude-α,6ZtYpkBBZ7wfpM99Qxm0KO,213200
Cécile McLorin Salvant,6PkSULcbxFKkxdgrmPGAvn,246000
MALIQ & D'Essentials,18PmEN8ZiHBQlDpxrgR2xs,2300000
Yeni Türkü,5Oo6D3FLRpWjgBn0mqfiA3,558800
Jehan Barbur,6PNzOVat5l7NQQC4lqY2Fo,223500
LINDBERG,1fwyrDSLYLNCWHRv3Siyd7,472800
Vanusa,6JLlNmdxxY4xIsD9Kuq9bZ,216400
Robert Broberg,05JNHlwtdHqPJ6wcW7Mil5,188300
Öykü Karayel,0DtKhTGFdIbsetKUA4TsIo,15100
Billo's,1wYnOpmok6wrafg9RQ6tI1,574
Omoinotake,63ylN6WBUUxxMsySiDmr0B,1500000
あれくん,7voEy17zvlQojgmQYUlKDK,248900
Utha Likumahuwa,5CqfTDAytUttoCHfln3Wl9,545000
Ardhito Pramono,3TkSKriI4EZmTxSFyzs0fd,1500000
Glenn Fredly,4rUYk0fV0Z4pOtwVbEAyK9,7400000
Tanju Okan,4cuKvPTMHl5NwNjdukeWYb,331100
go!go!vanillas,0aqPTOZlKG6ltJHv7BNlsm,294300
neguse.,7jiFTNRWSw8zYgUj9wNJld,1100000
Frida Ånnevik,0SlejFsyHq7i1ZgWoRWdH2,68200
Lisa Nilsson,68QvqbdqwqqjW39YpUJHdG,313700
Paulo Sérgio,6hbes4iSdsSK1fRbCf6k3W,32400
Frank DeVol & His Orchestra,2N0Yx2ISFxGV0yt7xffcnd,441600
Maoli,6EKzehEG2fwJtRMH4KbjsA,1300000
SPITZ,5kjGRHClVacSyllOUqU1S0,3400000
AK-69,4Wet9Sqa5LrEjBeV4k6edh,618200
J SOUL BROTHERS III,1g51NlHKUXlgfvGP22m0uD,514600
back number,6rs1KAoQnFalSqSU4LTh8g,6200000
C&K,3eR0Jeo212WCF0Yyi46Pzj,544200
Sharam Q,1kK9HRCnY3kiEgiEZIjHVH,616700
WANIMA,6YqdtpUutxodni6lUD4stM,2000000
CIMBA,4m1VqbQb9JfD9dqacZPP5k,140900
Mr.Low-D,2roo2COKlo7wDNJdCXPGJJ,72900
DJ Law,2gaiUroFQIDvcplsJ3KTtV,3
Yuki Koyanagi,4DevUOKYHHOfBdxfSDz74z,494200
AI,,
Horace Brown,5Ag2Y0TZZusl7Ky6dBjvuE,133200
TEE,0vVVbvjnwS4QsyrUDW3oJR,22
Decada Explosiva,3QlQQVS1AZ75vxXERCvxIc,46700
Dian Pramana Poetra,0gMJDsAWXiu9Dq5rrsKVSo,103300
Deddy Dhukun,5WoRRz0RV1NO95XAOdWN4C,4500
Nazan Öncel,4li4dx5mFgZlMVeHlARBHP,3800000
Daichi Miura,4UTEZqrPqLDOhBfraPNciJ,527200
tacica,6iglpAqZTAmvm0ffNKlaFS,241200
Sambomaster,5ydDSP9qSxEOlHWnpbblFB,1100000
HOTEI,4cShXyYZpvnVZYeE3Oukns,506700
SHISHAMO,6MGHit7sV38BhpChZYByFv,1700000
CHEMISTRY,257kEbQnBziYfmtmqiNuNE,614100
The Happy Fits,73rPcaYEhBd0UuVZBqqyQJ,776400
Ryoko Hirosue,3Mq2pWAg9g0MGi7Hv50B0f,176900
Ceylan Ertem,2crPPfVdmrxn5yUHLQVqOI,474400
Melike Şahin,16GyR4WfCnIT2XST4ZLl2B,3000000
Ello,7C79KmO5JTPok8G8qZeT9o,14400
Maki Ohguro,2iTndWRSbuvR1tQkXzT59b,793600
Queen Latifah,5m7wCUhYhBh7A3A3YMxrbt,1500000
Almir Bezerra,7cHOBhWT73Svw8pFVcZEYS,56700
Nikki Yanofsky,1n02UdnML6G4wR162YsSRi,114200
Doğan Canku,7lAMAZizRgc9vwXHQOULe4,113000
Luiz Ayrao,6muMNqF0HrxX1srzLdxg2w,267300
もさを。,71KI7v1YqVU8cIFzBl47dh,452100
KIRINJI,0O1UtbTe4ca7HabaiMhYZ7,572100
すとぷり,2i0kSiF991uhqOBfdKfB24,116500
THE RAMPAGE from EXILE TRIBE,6E94YMM50nYraxpkixvQuW,191300
Gündoğarken,3vcMKbHLV3BQnsi5H9Snei,508600
Marie Fredriksson,4YkPXMsmFf3K2XFHPddqFU,294900
THE CHARM PARK,2QKf9jr434G3Mo8Hr9npPb,83700
J Boog,7oEWmZ9dKlAVxTgmjUbYr4,2000000
meiyo,6ggtLFRSvZsS61lbxLujd9,514900
ミドリーズ,3y1b2eef2HLeYyqFJLtH4p,16500
Rusted Root,2M3vnW1p5w4uPRkLYTbvdB,5500000
TIA RAY,70paW48PtCtUjtndElrjrL,453700
HOYO-MiX,2YvlK6lKiKVjXxsjvNbnqg,2400000
whaledontsleep,5lEzAveEBteB85UVvKTanp,263000
Perry Como,5v8jlSmAQfrkTjAlpUfWtu,1500000
Özdemir Erdoğan,691svprNZf0oJTi1L0eYy6,976000
CHIAKI SATO,7fD1pCIsnPsUt6mHizHGnt,193100
Naoto Inti Raymi,77SZmOd2zA3L3n9x697iWb,407900
Kem,1f2e3RQf7LHOum8NU61q0R,842900
Audy,611ajYp7fMbkU5CYF08tje,592200
Yabai T-Shirts Yasan,3GP0RQRnBvpYVgdVYfcaGS,370400
Superfly,5M8AXrOifBT8elkLKbGPQZ,2900000
Aurélie,15sWbVhRSrvnyOXg2y6Shs,7
frederic,3srPc1Mytv5GmTWqsQuoXW,824300
SPICY CHOCOLATE,2zfrJbiT7DpWlzwJaJCFiC,373900
Tak-Z,6LvbiOyZ8aOUWZ3isV32uB,57200
Kotobukikun,4wvIGEABEGjvjXhtGXei1C,110400
Novel Core,4CNZyuclyT33od27ZSjJMD,140200
the shes gone,689D5sYXTKmpBXqAkAu0H7,276800
indigo la End,26ZBeXl5Gqr3TAv2itmyCU,1600000
和ぬか,6LesPuO1nhgJ2acJ4MjyBI,486000
MAISONdes,7LTiBdByoaUd329wCpmMcM,740000
asmi,3UY1KK0iXeC0mpaK0ltFza,217700
GENERATIONS from EXILE TRIBE,4HfuyMMy295oBvbIuXr0v8,417800
The Connells,3zAhmxuw1F3HmulPuy1RAb,1100000
YUKI,0v7wBYCfX8VXylRkMFI4y6,66
Nükhet Duru,7HLLY3hnsKLpq6bq3OwNNe,710700
Hinatazaka46,0eQSoTI7sQENREQM8Klp2j,194500
ケプラ,1vJQ33eLhZQw9PHiHoA8ZJ,131000
DREAMS COME TRUE,2mJOGcLR3aCHkM1uAF93or,2000000
Cornelis Vreeswijk,5B38ZGYpd0msq1LKOyz2r9,471700
Tulus,3YIfnAdb1VsyR6wCSmQen7,2400
Eva Dahlgren,7IK2JpZglDYTrso4ILEKE0,166200
C.V. Jørgensen,77fc8T3xc15DmT593kRnh4,161200
Kiwini Vaitai,5bE3HtCcvJ4gLtw8aMQpyi,66200
Berry Goodman,4PFC7IPuGWwwYQUuuvSnrw,350500
Bo Sundström,6a1WisWTClXHwQj0WGAyIz,19700
Ronnie Von,6inPmyLhCY3aWR9pVEfVQ8,74700
Jack Jones,6eVCRmRG2HcfL4yx77A9WK,149900
Mike Mohede,0uGUpFXAdhKMgiHwbueiuf,503400
Stefan Sundström,0NsAbGr86qKQMaXTuWwVKj,47600
Junko Yagami,6ooFYQBSq3sFEipwHfw5gr,608300
Rie fu,5HBVmmMKqtwAw1cruQ1ito,7
Tommy heavenly6,6ClPIi6VMHv2Q3OZ4R17wV,430400
Shota Shimizu,2ZjWbNQAjL74Pf4aqikIz2,1600000
Big Star,3UvcmAOZt64oKpP95f6MMM,282900
Dohzi-T,75fJo8lqLY56OmNsR9zJjF,278500
Lisa Ekdahl,4SJSGUVZ04tezaGrxc96EE,534000
Asu Maralman,49cht9n59NXoBFK1gIolXJ,257000
Reynaldo Armas,4f9PE0QPtTbplq7CUj0Ots,257899
SiM,2BM933ADIluGGrPBOhPgIt,1700000
Hüsnü Arkan,0Z0wQc5Y1kqVxgMgSXifZe,275800
Birsen Tezer,3i5LEBNq1A00tgvcmB97vV,405300
Frank Zappa,6ra4GIOgCZQZMOaUECftGN,1200000
cinema staff,5upXI71QNPjLwir1YZgKEx,286200
Plini,3Gs10XJ4S4OEFrMRqZJcic,288400
Eikichi Yazawa,6r4KqrquvtAy0fcJUU2VGB,294300
Müzeyyen Senar,7qMU11EGOWoOFrHlrHpbLd,372100
Kazuya Yoshii,4tgnOBWTNWUtp3uhUiLCkj,177100
Bakufu Slump,38S2jSY9Fr0AcZZWMrKuqC,235400
Peyk,6gPaETmwMTVwGdrd5eIiog,173400
Humbreaders,32k7rSC70F3C7qif9Pgavi,279600
175R,40y1P1mpPSpiRxL5LDv6aI,172100
Feyza Eren,1KdspywjkW4wlGcOHgVF3d,0
GOING STEADY,7EyYmxeTBOeaZ09aaAAtCE,76600
Zülfü Livaneli,3ZV2kReDeCXgw0RJaPV5wX,423300
Moğollar,5dMPhj9s9v91MpdGNpInLy,222000
Paté de Fuá,188pkeHUWXnROe7lFVYRRa,621900
Österreich,16gEZTmX8wNpdWCgD28LRx,128400
Qujila Yoluno Machi,3hdtbNgPSlPKcE082xdCMq,17700
Evrencan Gündüz,6rxgxAlUPT4sDElRZeVec6,233900
BARBEE BOYS,0W1m3MMY33283949YlU2bD,179600
Bobby Darin,0EodhzA6yW1bIdD5B4tcmJ,3900000
Gaye Su Akyol,0VsS7WKuNEsKGNIWuiwSyZ,130699
Natural Vibrations,2u0CzUCFU8OEoIFORUq6wJ,129300
JUN SKY WALKER(S),0dJJhSKpO4ixCTCsCkJxgr,102500
HIRIE,0HYbyzzhI44iTHvYnf1nOs,288500
Godiego,7agr01GMFpbX5ie9UsTGxe,313800
Twiddle,0hNjIdUHXWhd0dilzi6c12,327200
Angel Parra Trio,06hxCeDcTDV3cuOyws488C,30500
Julian Peña,6dcxR5wrqjFmXjYmjCtJFD,17900
The Green,5RkXaPxdZ8L7ERNgDZXlKh,1300000
Sean Na'auao,3C90HAmGUrbOaARgM6uo4c,30400
Kaumakaiwa,7xJHIhSVjAwSbyZargj2f2,0
Kumu Hina,4veQJllYy9ay5vai9u0Hgl,0
Shogo Hamada,46Y4IAsvxi9vMQjqL2wdfy,349500
SHE'S,6TNooB9HDJ9Xs1GFPl2Fiv,159400
TENDRE,6cMnpAZ9QN0wn4dVd0Tinb,124200
Hümeyra,0WkxC6x6tZhtSj8BT9ZWaU,491200
トライセラトップス,00J5DWQel4eH9qQnDS6qrn,33800
10-FEET,0QZqdhoRQkn1VphAa5eX8h,950400
COMPLEX,2ibvDiUxAdyKlz0YrXFyZH,21200
ルサンチマン,5LvaknCVL7R16LCiSktKEm,51300
King Crimson,7M1FPw29m5FbicYzS2xdpi,1100000
Bülent Ortaçgil,1eY7YyYjc9jGnsHdJka906,266000
Düş Sokağı Sakinleri,2QsEbhCFyEzogaOtMYeXO4,131900
Saucy Dog,4WqXqPmUuenMIr4QaFrZXN,1800000
MONGOL800,2zUQjYvy0TevSi4d3PjqQO,1400000
Teoman,40KlwpvpKEQtZTJgbml8lT,2600000
the quiet room,6MVaXzeRTiCkjGVAdnodAP,6300
Yasemin Mori,1PaWbLip9XRxkmxmkzee1p,183800
Yaşar Kurt,7jNvyyfgfDOM4ixD8LHhzW,156600
flipturn,7FKTg75ADVMZgY3P9ZMRtH,1900000
SIAM SHADE,0CvWmx0ZwvjimskCJvUjXb,201600
Rekishi,0ZNOGQWBmBxJPBQG0HS0mJ,167200
阿波の踊り子,1Y1eYeM798ZFdFfemMlUCk,0
オレンジスパイニクラブ,1wJL6nbdvPwqPYuoqiw5aN,376300
Hi-STANDARD,5bqCpmhZzNzRzzKSbbDkeH,218100
LOVE PSYCHEDELICO,5V7OCRPNS7vBRLRkrMVNqp,114400
Noriyuki Makihara,3vVDusnDA0LcPH3NvZpoyM,1500000
Tompi,3FxQst3IlItxaNPGzjl17G,1100000
Dave Matthews Band,2TI7qyDE0QfyOlnbtfDo7L,2500000
Koji Kikkawa,1S6yZL1OIb51tEtbKg3iZ1,145600
Zuhal Olcay,6XTIDpYqIA3fUeQM8zA4Ix,173700
Yavuz Çetin,4inwzuD2iBZK8Ck3ft7Wlk,121400
Ryan Montbleau,5Q2ZtOZ0vOdtcjGDOq6ZQc,387400
Marshall Crenshaw,73YLmyaazO66GncUVHP0KV,106200
mol-74,7sVShwPweG5PNLgVPdWlbx,63300
sakanaction,0hCWVMGGQnRVfDgmhwLIxq,4000000
Raspberries,7Kkx4dACo6kFSeT9wjfVA5,662100
Elephant Kashimashi,24ljrnVUlUZ2apxF6GZsrm,758000
Eduardo Araujo,174ei3FILBgIlKRYlolXd9,31200
The Fevers,17FmMM7nHu9J8Yu7c19dTq,396300
PERSONZ,6n9RT2nh15EFHJk1grNlBO,135200
Soushi Sakiyama,1IEretLePzJKj8R6KCEaBA,526100
KALMA,5zHSpvhwGmYsYCd3dgo1Xc,51000
Camel,3Uz6jx81OY2J5K8Z4wmy2P,318600
Suchmos,0O0hxUrO2PKxZknken3R24,1100000
04 Limited Sazabys,6Gem5Nh6gd9PCtWdzR7Odh,287700
Kinokoteikoku,61H9d7hbIfFNxJJQmIL9AJ,462300
Tsuyoshi Nagabuchi,5hHNaYRpbcz1qo09jeVcg8,354200
齋藤摩羅衛門,5oeQcom6jY2jiupBEhAMr3,0
ハルカミライ,75md6zjRjnsWICkdIzl8iI,214000
HEY-SMITH,4sgIT06hThtRXxnHNGcZTS,0
My Little Lover,3v8Gnj6Kvl1fShyGgacgu1,737300
Dancing Mood,70XauTb6oEJbXxFoH6wY9F,84200
Leo Jaime,2TjzEhCBd9s3YPWKPwKZYo,390200
Renato e Seus Blue Caps,27hFv7JqcDVyqgaCvLHpy7,103900
Fagner,5j3htXVskZF0u8qWY5zcF8,2000000
Leno,68xhplUZZ18723PccI3i1G,179
Golden Boys,6e90eYChXG3b8PbkAPcPcn,71700
Jerry Adriani,5OBXrPtAgpRVJgua6rgbs6,139500
Almir,5CvhPUYvooZds2Lb960Rv7,0
Chatmonchy,0GtBUVp1cWdIUKwm2GHTHc,275400
Sharon Van Etten,2wJ4vsxWd7df7dRU4KcoDe,987100
Dian Sastrowardoyo,2z03bPWIFofruoPDCNj7GG,18500
Fuat,6tRmpYzDIjWoRHzbJO7Cpx,151200
UNICORN,2TnexIQfrzd5X7a6QMyQx6,454
KEYTALK,0nES8AwBZpeQ69oZZp47OL,120000
Hazzie,087QaLOI8MKeT9yHgjPu7P,341300
Base Ball Bear,3RkPaFeTMrHIsB5HMEUdNt,127400
GING NANG BOYZ,2dP0aHVXt8dDPCw5d2Jw0m,190600
ZOOKARADERU,0mkwliKa9Bf7kdXMV1iuMp,256899
Bulutsuzluk Özlemi,1x59izw7Q1MpfZyzJpTfb4,280200
Kyuso Nekokami,2ZlX1yKrkVz98AVtQCRJbb,60100
Crazy Ken Band,5kIOu0jisbh3SI7gT6rgq2,77500
The Del Fuegos,5I2TgxUl2Ovnb65E33evR2,17400
Gentle Giant,1hrQ50kU6hMQBVLatqUqnO,124100
SIX LOUNGE,4Ydb3YT5NeQT2rRoD8NJph,2600
STRANGE REITARO,56GlPMUHPnbBDYMMbgLHN4,66300
Kegawa No Maries,2x6MBpahMkXTPbtQGr27P8,22000
Chico Buarque,6tOsSffQQIXmK8TqsDck8t,2700000
Ken Yokoyama,4pPZ7nNH108ax8A1sjxfpX,51000
"Grover Washington, Jr.",05YVYeV4HxYp5rrWalvuE1,8300000
Harish Raghavan,6w4OoJ1ZPsK6Nd9vQgZKwJ,1400000
Mahathi,5YeT9gYVH3yHYwKPmUdmJK,2900000
The Commanders,3VrWSWV74xyECVDt2zBy4T,24200
Nat King Cole,7v4imS0moSyGdXyLgVTIV7,6300000
Dean Martin,49e4v89VmlDcFCMyDv9wQ9,5600000
Johnny Hartman,7qVvIFc9DktkAc0HKzRhNo,1000000
Chet Baker,3rxeQlsv0Sc2nyYaZ5W71T,2800000
Shierro,7EVtRX3E2y1wcAwd2YituJ,249100
Natalie Cole,5tTsrGPwQRWUsHR2Xf7Ke9,5800000
Tony Bennett,2lolQgalUvZDfp5vvVtTYV,2100000
Melody Gardot,2P1puQXmG48EVLBrHbum1J,1800000
FKJ,2FwDTncULUnmANIh7qKa5z,6800000
Bill Evans,4jXfFzeP66Zy67HM2mvIIF,1200000
Living Room,0sLb0ouettR8lDLnEgCSVK,953500
George Howard,0MDjU3FoGxwGH0rbkcwF2f,98900
Ituana,4gus7u7NSeJ3OGIhOnNgIr,831000
Ronan,3e8TWuBQYgKBa6feub25D7,549900
The Cooltrane Quartet,3tFvFDca4inwWMY5vupFbX,669900
BADBADNOTGOOD,65dGLGjkw3UbddUg2GKQoZ,3000000
Samuel T. Herring,6K4I1MPd7m8IztUdtrF4YU,1900000
Dpsht,2VhyMRukJ2e1CgZ6k7Tux3,353400
Bill Charlap Trio,5isSr1JUeHt5cgh8oWz1Ja,184400
Brad Mehldau,2vI9KFm0fwSfPrpEgOeIbq,347900
Julie London,3qUMmh5biaB5hqpF4LqS3m,1100000
Michelle Simonal,6Q5cnVb5SfF6RWedEp57Al,626800
Natty Bong,212Jq222D4QnciSA0uWrVN,426900
Groove Da Praia,0wf8Rn6bjZgEkKp0eV9omw,850100
Sarah Vaughan,1bgyxtWjZwA5PQlDsvs9b8,1300000
Clifford Brown,1HJHwWck1EY096ea2iPAHO,278000
Oscar Peterson,6zkX5fhrSD4tdVOmimR9wB,1200000
Harry James,5MpELOfAiq7aIBTij30phD,832300
Dualizm,7q0bttnSm6LD4zu9RoPEkz,51500
Grmmr.126,5I9DfXCEBU6PwpWqnySRYK,28100
Kris Bowers,2wWBoQpcybsDVpouFubTqZ,936900
Mr. Käfer,79U1adgS3jIlP28wwMHqGJ,669400
Art Farmer,4L9xEztn5PKQIO5WnI5W3u,153300
Caravan Palace,37J1PlAkhRK7yrZUtqaUpQ,1800000
Leslie Odom Jr.,3cR4rhS2hBWqI7rJEBacvN,5000000
Daveed Diggs,3twuAojvYNrlWZpMkxLm3P,4600000
Okieriete Onaodowan,6G3sPhnj4JBCsBVBGvZnkk,3300000
Lin-Manuel Miranda,4aXXDj9aZnlshx7mzj3W1N,16900000
Phillipa Soo,2OEGI2wrCVmvavKEOMlccy,4300000
Christopher Jackson,6sLwRSXSUF5JTUnQaFenyj,5800000
Original Broadway Cast of Hamilton,3UUJfRbrA2nTbcg4i0MOwu,5600000
Anthony Ramos,660YptcR0hNHJ8iEr1qcse,591300
Kenny G,6I3M904Y9IwgDjrQ9pANiB,1500000
The Dave Brubeck Quartet,4iRZAbYvBqnxrbs6K25aJ7,2000000
Jaspinder Narula,4qf5iWCSqeCW9TlbwO58bo,4099999
Bobby Timmons,0xRqtLGIVSzXM9yg2wFMLC,175200
Tommy Flanagan,6dUZplQfg5blo0h9HiJ94d,108200
Nenei,7675AXKo73FqKM9RDrGbf7,471100
Javier Penna,1cUBpGGDgNQZ3XZn4wIzpV,198100
Lollypop Lorry,78fGkSqH726lfIWGxSg6uX,79200
Beny Moré,1Sp47peMTI9na8FTY4yHJw,278400
Stella Starlight Trio,6MVeEwYSJUvwwYfUVPeZ6Y,489200
Jazzystics,593TG88zhlcUxEYmhMYeIG,382100
Nancy Wilson,5gnpB90GzUR1gXpse5Kl4R,13000
BLOSSOM DEARIE,5bWApG9Vdshhd1J50UnNf6,538700
Dave Brubeck,3kUKwTJdH8FuWzF8p6Dg9E,588800
Eu93ne,19lhY4E6GLxH337OZLfOV4,61200
Oaty.,2S5BNs8nlCRoKvnw9LuwBU,187700
Hara Noda,6ezFSYpcIHmJfQ0ZrGQmyh,153500
Leo Gandelman,7q1dPac1mIOp9NZX12ApbW,168200
Machine Series,1xu1L93nrtesFrEuWRTqJG,97500
Carlos Lyra,3LokxmaXXZpL7sLZASDzCS,107200
Anita Baker,46CH1Gp8l8QVly8bpG9JFG,1700000
Nat King Cole Trio,3OpnoUqoRIHWbsFs4Nw0NQ,498700
Nick Hakim,1Goe2NezNnym45kco2xTk6,395000
Hillary Smith,1Yy8TYDcutF60eKqdmaYv0,52
Kızılırmak,5cDUlytjN75pqIgA5UOUHR,977500
Myríad,5TGFw78FIV0hLV90O8A7an,226000
Project Grand Slam,04BdGdJszDD8WtAFXc9skW,3100
Dinah Eastwood,0fEmrjJq8kgO5Vuomz0FJ9,405100
Etta Jones,3CEdEF8RsuL3hAFJaujvr0,608500
Benny Goodman,1pBuKaLHJlIlqYxQQaflve,867200
Dick Stabile And His Orchestra,0liyb0PPDyu3pfG7WZtsxO,2
Miles Davis,0kbYTNQb4Pb1rPbbaF0pT4,2400000
Cannonball Adderley,5v74mT11KGJqadf9sLw4dA,732700
Brian Culbertson,4WQ8grqJHB2Y0IDjpro1FE,511000
Sukriye Tutkun,3yDRVuxUjUO7l4tJirgCJ3,363500
Adoniran Barbosa,7vTlV3ajnMxl5l0ahupUeP,1800000
Friðrik Karlsson,0pEArWDctQmYslRwrGOquY,7200
Donald Byrd,3ZUZYvTkSr7kJQyAXVpqaL,512299
Mel Tormé,4X8QFzZ1HqwPfwDfyjtwXC,673300
Lester Young,05E3NBxNMdnrPtxF9oraJm,719200
Martin Landström,4S6bYPPOxQPs9hSnUBbGBN,222200
Kitty Kallan,639IVxmzmRDOiAGDYtsPHA,0
The Echo Park Project,6wI0EqWe9O2irhFOz11sTu,1400
Antonia Bennett,7wqQdvcdUzElRrl5pSytMx,0
Delacruz,1MzXJ8AaHdidMAnjgcahS4,6600000
Hoogway,1Mh9G47YfuaLdQs44voLrQ,1500000
Akīn,1KIGjwZj1Iojrjpf9FPrfS,256800
Sammy Davis Jr.,1NAWG3AngjBXyKbmPaz92D,656400
Georg Riedel,3Z1yaFUknAq52KBVmrYpqy,115900
Charlie Haden,5Pqc0ZFA20Y9zGJZ3ojUin,268300
Hank Jones,0BhFfJmScFj7OzqVaDqnSv,130699
Club des Belugas,3ea1ZpptTqS5pwYYpQQVCo,694700
RLLBTS,0gpz8rdbGxZSfiFMO15fRA,21200
Run Wallace,432gmRqwqi91pJzhlXQK9C,5900
Golden Ticket Tapes,1XHE2jFO11NVGUBv25uDVZ,84000
Scott Bradlee's Postmodern Jukebox,5HYNPEO2NNBONQkp3Mvwvc,1300000
Haley Reinhart,5cKlE8f6b26h61Ml7m052Q,3600000
Hoffy Beats,2z92TjllsDfZLyBjp0SDuq,638900
Iamcloud,6bzWspcEBMECSYiZ4ynQCK,43200
Three Four Trio,71RWScq7sSiOx08UQe37fv,21600
Bill Evans Trio,3VEG6gxFIMfl4Cdog26avS,723700
Scott Hamilton,7sBx432MZn1MzHeYHAA5qr,199800
Hans Backenroth,7Cx4H2cfaHs3tzhqrBfwGD,3000
Kristian Leth,1CIFDAKpTPZH16rWPZMRf5,76
Jan Lundgren,4yw84sobRr067mN2U8BNOI,48300
Maraca,3bnyI8zetn8ZgkHAM8HrBT,5
Jane Monheit,7rwI5cbw9cUKFVul2rZMiZ,204000
Luis Arcaraz Y Su Orquesta,5XFKOAxf3r9rhqWOnVVVDg,74400
48th St. Collective,1mbrPxCCWDAO0UJ0p2gaHn,556800
Gil Scott-Heron,0kEfub5RzlZOB2zGomqVSU,540800
Peter Cincotti,1PjKnsWzJra4dV8OXiNC5F,398800
Bobby Cruz,0JIMhbNg4VwToE3unSL3C4,1000000
"Ricardo ""Richie"" Ray",2spUXl3eKq2URO97haSzAc,1100000
Eartha Kitt,1AwO9pWEBSBoWdEZu28XDC,692400
Judy Garland,0hItVPjwJLVZrFqOyIsxPf,632600
j-hope,0b1sIQumIAsNbqAoIClSpy,10400000
JENNIE,250b0Wlc5Vk0CoUsaCY84M,51400000
Alap Desai,56Z4uEVUQTmYESTHyrPECN,47600
Shardul Rathod,7sHlKGTwriTbRtSKthhQFt,29900
Rocky - Shiv,5Obu9ifz8EKdm0uL5CvgUY,4000000
MC Vickey,1eWk4QMHl7GeXDEv2Rvml2,936600
Durai,17g7q1dOGhKiEfUY1BRQNe,57700
Sarath Santosh,4Qv21cLGHUxyffRHV7vaUp,1400000
Tanvi Shah,11PIHAhH0HI8SCdjhJ5zyA,4099999
Narayanan Ravishankar,2eJunkotmRUe8mLJmqW8HD,139400
Ranjith Govind,7zFlr6Y537SdALqy0Xfvth,7200000
Senthil Dass,4TTs2WcxJN7SHkit06rSMg,1300000
Hariharan,2NoJ7NuNs9nyj8Thoh1kbu,17900000
Aditi Shankar,5xLJfbHjlXr4OYawjoGhE8,112400
IVE,6RHTUrRF63xao58xh9FXYJ,5900000
Emraan Hashmi,44oMI9xI4kcCub3qbpYPdb,121100
TWICE,7n2Ycct7Beij7Dj7meI4X0,15000000
EXO,3cjEqqelV9zb4BYE3qDQ4O,4600000
LE SSERAFIM,4SpbR6yFEvexJuaBpgAU5p,21000000
Punch,1l2cYWUr0ClNyeOsbXYUIo,11
Jagjit Singh,2ijWbN5KykTYiBoVmhzCTU,5400000
BOL4,4k5fFEYgkWYrYvtOK3zVBl,2100000
Selvaraghavan,0e2qa5GKTSaX0Q0tYVg62n,1300000
Prakriti Kakar,59pq5Vw16UDkR9txoPKv86,2700000
Silambarasan TR,5Hn84AFwiTEi8eMoI5B9AS,6100000
Sagar Desai,2GD7Jxc5ztOuLNsZIHBREJ,1500000
Harini Ivaturi,1lr0MlyZ8Q24eFtn7gcMmI,1300000
Justin Prabhakaran,3ocTwOjekTkFdD695eKuQr,8100000
Kay Kay,71pcqZPbRdXOWjX3S0CMEX,0
Andrea Jeremiah,5yoqPvofOHrBc3Z6VZyTsj,5000000
Sadhana Sargam,1HGMG8RHvcu1mfdM9MeTek,15200000
Ilaiyaraaja,3m49WVMU4zCkaVEKb8kFW7,11500000
S. Janaki,5Xpg6PBSUOoho2lI9qLjiu,9500000
ROSÉ,3eVa5w3URK5duf6eyVDbu9,27000000
Jessi,64k5e9kV9MdukXjFrR5R37,1100000
SHAUN,72nLe76yBFSlP6VBzME358,2200000
Hwa Sa,3hBBOm9sW2sqatq3LbqdR2,0
JIN,5vV3bFXnN6D6N3Nj4xRvaV,4200000
Prem,6hY6tky2WngAViwIzGkEC7,8300
Hardeep,5sh45yFHkkAMvqJY5vJFPG,48
Jazzy B,25bvyjHJAszeSV3q0TmEhY,3500000
Jyotica Tangri,5wQDQFm7Ku8WWGi5xqJ9lp,12600000
Madhushree,1EKK9k0IAwV1oeJfZITSYo,4700000
Anurag Kulkarni,6LWyVEIBnx7MoRBhQxu9om,4800000
Vijay Antony,6CtYzQvENTdGq5LPPsePdV,6500000
Sangeetha Rajeshwaran,3uPBCzgRgmrixCHofVvBSZ,1900000
Mano,3NzhVoa20crNtp1p4zE8um,6900000
Premgi Amaren,4GxNKj50amLne9azxcrqK2,2100000
Tippu,0PykiHCcDsMPRV7s67qZ1B,9300000
Naveen Madhav,3oVTCMgAvt1x7EogVtX40H,3900000
Swarnalatha,7N0SBLJFpCyQSsv4MfRJ5d,6800000
Mithoon,09UmIX92EUH9hAK4bxvHx6,32100000
Adhvik,7Brq4omogaIOJiHqQwIgnV,434400
Puja Purad,4hSy3b8qxRZksj7tH1e3YS,3
ITZY,2KC9Qb60EaY0kW4eH68vr3,4600000
Rahul Nambiar,5a2WF7juQ5oilpZCqikRtP,6000000
Reeta,4z2U68tuqkf7KaoiSwALNt,31800
Madhusree,4biE0WosCStjKN2dGcSlJK,854400
Naresh Iyer,7FaGCZiP3s6X7jQTB8EhfI,10500000
Emcee Jazz,0qolP4JFD5zck5DUkR9aGb,1100000
Janaki Iyer,71uiOUZtVwyMBQIpzh2WZo,2000000
Kumar Sanu,4K6blSRoklNdpw4mzLxwfn,16500000
Gourov Dasgupta,3o3G8YHpQHYo70WtJ4Hg8W,516100
Ugly Duck,0Qr4St9aCOLu41Nt5QZIz1,46100
Anand-Milind,2owjgBZQ70LoCNHIgW3gSk,10000000
Red Velvet,1z4g3DjTBBZKhvAroFlhOM,6100000
(G)I-DLE,2AfmfGFbe0A0WsTYm0SDTx,7200000
Krishh,52gcMUmJNB3Q6NG0jPWj0b,3800000
Suchitra,3R0YzDT1gl2mMDLMrgdNjR,6300000
Dinesh,7oamV7uuemmarwxLGjHnmg,753000
Mohammed Aziz,3vXBH4XwXSLM1YIrRBt98k,4900000
Charulatha Mani,5ttI5DDy5AJ8AQb35a9LKm,3100000
Priya Hemesh,1FI8Am7UxI2XLUtFs2jPva,4600000
Naveen,4xbLzGsR7W5QMlLS08BNGt,3800000
Bhargavi,37LelbJh9kdExIMyaPBNS0,159900
Jayarajagopalam,2dvlYkPpfXhJwTdmkwRS5L,571100
Sathya Lakshmi,6MQ6XfPZsRDJ8QNYnFQ7yr,571100
Muthu Sirpi,26rblDtQQ9U26NMYSraPYm,128400
KAI,6xHUXzrfhFgnIv86EBR3Ml,1100000
Navin Tripathi,7FO0kxTcyMb3shfLX7cAri,50500
iKON,5qRSs6mvI17zrkJpOHkCoM,2600000
IU,,
Rani Chatterjee,0Y8H8mZN2Aa4OqJ4mTN8NH,4
Sameera Bharadwaj,10CItw8tdXThklMWPI55vu,3000000
Vidyasagar,5TB837uKG65w8Jnz5D0bS5,9600000
K. J. Yesudas,2wPsNCwhEGb0KvChZ5DD52,7600000
CHEN,0UEP2XBR9aC5NBKcAKnBIq,1200000
G. V. Prakash,5VVN3xZw1i2qihfITZlvCZ,13800000
Devan Ekambaram,1HUZ6vfsSWpfLoxjgDavEB,4400000
TAEYEON,3qNVuliS40BLgXGxhdBdqu,2500000
Krishna Iyer,67hGTEU1yZFyiY77m1Dxyn,1600000
Shoba Chandrasekar,0FhP1Va2t4SIXTAt5FdgeE,20200
D. Imman,1QcBqYUeQ4Ux3itkdDaFi0,7000000
Thaman S,2FgHPfRprDaylrSRVf1UlN,12500000
Sunitha Sarathy,5UqyE5tsMWcrOAjOtROW6B,3000000
Ramya NSK,1kymDvCl9hR0bZ9DPy65ie,1100000
Roshini,4ZWAzDyWt9NdjhvZvTaM5U,1300000
Divya Vijay,0JsEu4bfMtGZeV7YhANSTf,239600
Krishnachandar,5dDs8SSQIlpsO40HoQc6qP,1
Sujatha,2JEjaa7hWhE1BbL3OcoeFR,9500000
Bela Shende,60f431EIEmwOfJJOJhdyQR,3100000
B.I,0UntV1Bw2hk3fbRrm9eMP6,930500
Soulja Boy,6GMYJwaziB4ekv1Y6wCDWS,14500000
ZICO,4XpUIb8uuNlIWVKmgKZXC0,3600000
HOMIES,3PpfvyyncoZ79IgYe0Uls0,149600
TAEYONG,6SKusTjOAPsTZ6kareKQdm,778700
JENO,3DZrLuJOQFKqV2sjMsKb1V,345200
HENDERY,5wrZ59w1ndSBlPeUj2f6Fs,297600
YANGYANG,5yyf4YDCKGaa71SC7KRw2L,297600
GISELLE,13YtQCLNw1ZLkh7PcT9SYy,8700
NMIXX,28ot3wh4oNmoFOdVajibBl,4099999
Weeekly,73B9bjqS2Z5KLXNGqXf64m,585900
Henry,1sjw4xq2pAWy5Vdgba5QAt,781300
All Ok,2wQP7peRciPJyvzDDmroBV,383800
Monsta X,4TnGh5PKbSjpYqpIdlW5nz,1200000
Surchith,19TRSKxNJrZtUyG1WY8Nu2,1100000
Bhavatharini,03iJDZgebs4CLNrriGzyw4,2500000
T. Rajendar,4UDzzsfKqZUs5bDy3cisle,2200000
Vinod Rathod,1gHVDWrG6hVra3ZxV7mQWd,5600000
Gayathri,2Ah48tA0TPqph0m9snNNxM,591600
Madhu Balakrishnan,2qJHWT6Ov9ZZvuQx1h7mNn,2700000
VV Prassanna,5FHIw6p4HE35RB4PP76uF6,4000000
SEULGI,2QM5S4yO6xHgnNvF0nbZZq,625400
Sam Kim,4BBN286rBKyCWsSPq2cxYO,1200000
Kunaal-Rangon,0jDWoceJvNWiINX2rBXKPt,268800
JEON SOMI,7zYj9S9SdIunYCfSm7vzAR,1800000
Kep1er,5R7AMwDeroq6Ls0COQYpS4,766600
aespa,6YVMFz59CuY7ngCxTxjpxE,11200000
Mukesh,4etv0ut4ws0GbXBtolzf5e,7300000
Priyadharshini,1cNyLPObGyYegUDLbjT9Zh,631300
Velmurugan,70jbLrKZefy2ynyGrHvVNi,2600000
Sathyan,2L5oss58ihgLZWOepBEHbI,908300
Manoj Muntashir,4cAERazLlAzVGA10ORWaUP,25300000
WINNER,51AsGCbqLNXlz6FYMxhGyo,306500
Arvind KP,2BopXdXPzB3WvLrTE4XiMW,0
Divya Urduga,55t8YMThGmSHnbw7Yyllq2,0
Raghu Vine Store,6lj1uMg8qc9OQzRuqwM39Q,4900
Manhar Udhas,1oMNjZOVmloobqepH8HLc7,2600000
Vineeth Sreenivasan,2uocTdMBXjTsS7QmAj7src,3800000
Ranjith,039RDEPOE07gzSOwxjqpx5,32500
Vignesh Shivan,1yzwPGlvrRLlhYkCRYde5z,6500000
Suresh Wadkar,0w4e7HVbqAHFPN6VkIlvhe,4800000
HyunA,3UwlejyX2b458azZ7eCnHb,715300
Girls' Generation,0Sadg1vgvaPqGTOjxu0N6c,3500000
MeloMance,6k4r73Wq8nhkCDoUsECL1e,1600000
K/DA,4gOc8TsQed9eqnqJct2c5v,1900000
HyunA&DAWN,6JTCN21ovvrR3iPViZTXz4,168300
SUNMI,6MoXcK2GyGg7FIyxPU5yW6,1500000
Ila Arun,5zWKMBKw7KqulFxyz2ULvp,2500000
HEIZE,5dCvSnVduaFleCnyy98JMo,1600000
Han Suji,3QKm0ZXXUBD9Gc3PUo2mor,104400
BIGBANG,4Kxlr1PRlDKEB0ekOCyHgX,5500000
S.P. Charan,1BIAyVQxDuYrMqZ8H1Faja,6400000
Deepak Pandit,2BZwCL3KVpmgrRmowHlU6B,320100
Suriya,5jyOS8L5CughATUjhDX8GP,549200
MAMAMOO,0XATRDCYuuGhk0oE7C0o5G,1900000
WayV,1qBsABYUrxg9afpMtyoFKz,859000
Sanjeev Darshan,6jMkDTgOniC7meOiAFMHrx,3400000
Yoon Mirae,1Do4bSzfUl0KWL9r1fITu0,1700000
BIBI,6UbmqUEgjLA6jAcXwbM1Z9,4400000
Loco,2e4G04F77jxVuDYo44TCSm,2900000
Keshav Anand,7LkdtgIhOIz0JRoigs3O3K,64000
Vivek - Mervin,4hBCDHUWTljP6BDl5AekgW,5600000
ATEEZ,68KmkJeZGfwe1OUaivBa2L,6900000
Rajalakshmi,041Z1VBL5OaPTlrlLTH7Pb,905700
EVERGLOW,3ZZzT0naD25RhY2uZvIKkJ,1300000
Dreamcatcher,5V1qsQHdXNm4ZEZHWvFnqQ,566700
Sriram Parthasarathy,0Eyu7MSg0N3UtTb9NDDDsW,3100000
Siddhi Ture,5wesFSpvU7ZDe0pnXFziA1,47100
Sangeetha Rajeev,3QthfLyCNAX8WDOAiGssHG,48700
Prithivee,4erurHjQOSTltG8N8Xg0Fr,0
Unni Menon,1EYD74wB45dOQXt27hh144,6000000
Srivarthini,2fkzaL0v2IWPe20PlteJLP,472
Dharan Kumar,1IeJ7wOH2CgIca4B1CBikF,1100000
Charan Raj,1ouBpMzbHI9hMAdqZwIheV,119800
Aditi Sagar,79yEkymoTkieurpetMpr9G,68300
Chandan Shetty,2b4BOEtTbGchL0K53fvpgk,620700
Sharmila,4r1cQamhizt9CKe5e0MSI4,959800
Yuva Rajkumar,0coWt0AoKOw75oyxIp8HDv,48900
M. M. Manasi,553WsSLuY1bpGki19tflDL,139500
Sanjeev Chaturvedi,5a4Lwkfl8momi2Two1wSBA,765800
Jayadev,0f4n0m1u8yCAFdb6KrRqtf,430300
M.M. Manasi,1je9s9YuOC4cNNAYCHfv2N,0
Rubba Bend.Psycho Unit,34De0LooTWBuWOFc5DGpkB,115100
DAVICHI,4z6yrDz5GfKXkeQZjOaZdq,1400000
Raaj Aashoo,3jNaDQZQjbidKVJrIhhibh,859400
SUVI,5gP4aEL0OvBlxgvod5C8jL,1200000
LOONA,7ugN9bU7x54gVI2295brJF,2500000
Krishnachandran,6saOx7SAFfrbW3RGS5QK20,354100
AILEE,3uGFTJ7JMllvhgGpumieHF,1500000
Anitha Karthikeyan,0vWyMSeg4ixQ98Srb8E4y5,1300000
T. M. Soundararajan,4y01WeCT5mNIAYRPjJ4sgj,1000000
Supriya Joshi,5DoEZi8HmGHT8FcBP2zpsB,2200000
K. S. Chithra,2IUtwMti1OiT3lkW6RubgH,16000000
Red Velvet - IRENE & SEULGI,6bwp9ObI8FWvMPCIWVBmhl,503200
MINO,2kVtWHg7vhLehbhWW0ZZhZ,41000
MOMOLAND,5RR0MLwcjc87wjSw2JYdwx,1500000
NCT U,3paGCCtX1Xr4Gx53mSeZuQ,1400000
CL,,
Shachina Heggar,4Of3LQEYGgwsZzdHvXuwuO,2600
Chitra Singh,6pDga1iElP4dCa4S5bYvoo,1200000
NCT 127,7f4ignuCJhLXfZ9giKT7rH,2100000
Deepak Blue,5iFKS1bnBNFWBAmd7mi0vf,3500000
S.P. Abhishek,0mT8jQ7Apit18Ny3xJ7r9g,136600
Asal Kolaar,4b1WCDqAVVgxK7KozLkOqc,4600000
ONEUS,3CVYSpM7nfHFG5qCTW7Ht9,372600
NCT DREAM,1gBUSTR3TyDdTVFIaQnc02,2000000
Srimathumitha,6QrOW5VVKkMPUWFYGTR4kB,1300000
Gaho,3ybZTNrlK0QhL4rBxfLHOc,729200
I-LAND,4VbAtGhXMJr2AGXa8fkcRu,411600
SOYOU,3b4kLCI0ZJW47TFsNRqgCb,1400000
BAEKHYUN,4ufh0WuMZh6y4Dmdnklvdl,2100000
XIUMIN,5t0Js3X9t4wpgXGlaiTFe6,518500
Gummy,0hRHbwZ0xSwfVHl4FTv7jq,888000
STAYC,01XYiBYaoMJcNhPokrg0l0,1500000
Yogi B,614RN5ndeqpLlqg1yDbjtm,1100000
Stella Jang,2Y9AUayH5pyZpVfkDYDfJV,445600
Kalyani Pradeep,,
Gana Bala,6HtEIJH43LAZGQx6iNCqhg,2300000
Ashika Ranganath,4wexsazM0emf4VDAxSwIdp,32
GFRIEND,0qlWcS66ohOIi0M8JZwPft,1700000
Earl,7pwoWOh2sbcmRFkk7QWQsS,325200
Blaaze,4DqSAnlpn10M4pHUFPEt4E,3300000
Vasundhara Das,0myVJmNOHZ7v7g8JVWGw8H,4000000
Vinaita,7agdXjlYQGgqNiIBrDhBiQ,2000
MK Balaji,360ww4wc6sO9oobkZnaZIv,263700
Maya,3hYoE1ytUckiWOUW0HHgm4,74100
Ramya,7gVwxXFMkSYwYGNHIt77qU,1600000
Jaira Burns,0tRFWXqKBBQcu5oFVOgVzX,168800
EXID,1xs6WFotNQSXweo0GXrS0O,853300
Amrita Singh,5ZVycSnntFQRyXFpO6TdsU,293400
Younha,6GwM5CHqhWXzG3l5kzRSAS,851800
Ananthu,2UbN2AxPOv8kc1x4J4SGjc,3300000
Mahesh Vinayakram,3dLyuHSyFYR1OeWA67LBUC,527400
Aakanksha Sharma,4OFVqZNj0INA51VvzK3Lgw,2800000
Anuradha Sriram,5ObQXIcqKtQENK14lQyqiy,11400000
OH MY GIRL,2019zR22qK2RBvCqtudBaI,763600
K.Will,1XNC9ksvgXeD1xRJruSA5t,995900
D.O.,2CQZr2RPZmrcvDnaod1ldC,1200000
Wonstein,5o615XColiSVMPDWlslKSk,859200
PENTAGON,1wKpMkucynaTfG8lyPprYV,699900
Suzy,4U80LJd8sG6U9YTFP5izka,727900
Seori,2bWTIIQP9zaVc55RaMGu7e,337000
SECRET NUMBER,7qxo9RTWfEoFKN7XGtNV6V,344100
Pushpa Sriram,5zfOWHAPOcu6ZU3u8mgqQS,280900
AleXa,4jCGRzuZkwo8CxboiANMEU,262900
S.Rajalakshmi,6Z7OsTcFHF6WrDRAmWH4Zc,390400
Kavita Krishnamurthy,6WPmTGeeoymoVlXVtsCwz7,13700000
P. Susheela,0aFGod7DM6b3O5l1AmvFwK,3100000
Malaysia Vasudevan,0qS0rxCY4YfrUx9GCTlDIW,3300000
Lexie Liu,6fs2or0cKLEM2xohWq8SoX,626400
Seraphine,4TqlcgMFDryY96KWcvrhTv,102900
NCT,5iWNGhdgW9MA0l5AqFLqh9,135200
SURAN,1mORehSVEd7lcaT2d7Sl2K,349400
Bharan,1URoTyw01lDnsjysZpY2Ad,16000
Rahul Sukirana,6pWkuMv4zmOWPio2sVopky,15800
V.M. Mahalingam,6mHtkNCvRoFV9XMzvjSF1u,3500000
Thamarai,6z3KmBBSYseegqLrRZXZxe,7300000
Ankita Kundu,0AyBrWlYwDQOsrN1xxOmkG,124100
Jassie Gift,3cowxATurZfjWsJC4uEHsl,4800000
Sangeetha,68Ils6O5bSTA0JzHEjzXUe,824800
IZ*ONE,5r1tUTxVSgvBHnoDuDODPH,1300000
Karthi,0B33QkzBOTcn3E0oTzqLfJ,82100
KIMSEJEONG,1lFLniFTaPjYCtQZvDXpqu,522200
Babul Supriyo,7guD32ltIhsA1tHdf7IVe0,5000000
The Rose,5na1LmEmK2VzNLje9snJYW,1200000
Vishal Mishra,5wJ1H6ud777odtZl5gG507,27200000
Raj Shekhar,2DFCHTDIA0t638a4mm37dK,14600000
TAEIL,1z0Hi3myYw4x32xCq0H3aq,227900
Brave Girls,7t5H3uQv0Zw6cQUnSTF5BB,499100
G-DRAGON,30b9WulBM8sFuBo17nNq9c,3000000
Suresh Peters,1EvTAKGpcJx8wtvppR7p45,2600000
Vinaya,4Gs10cUwZPzeWxhwPJ6Jju,431000
Sruthi S,4DYbnH40pyaEUAtJD85LFb,44700
Mr. C,4KKEvADkhfVx3BpYJyezZr,144200
Ultimate Party Mixers,5O5oACQgv32YxKjqazYoMK,8900
Desmond Dennis,1W14E5ExskpUoE8H9n8fPn,25800
Cupid,0lax1ZgWclW6mZFaGu27MM,1100000
That Girl Lay Lay,6GVYRmhvBibjGCythicOlZ,23400
BeatBo,0hpFvOQB4A7Izba40awb6Y,14600
Fisher-Price,6TjbqpZF5EKmSYlcUZULk1,280500
The Palace Singers,0lCzQ3pkRiYgwQ9oWKO6dd,2300
Super Siah,36s30oXmxBFCjVoJLiOY9P,23900
Lady Boss,5j2OWuPuoas5kU2lEkrz0L,0
Dede Sabunge,6oKI4JYtGa5V74KmN975GA,119100
Koo Koo Kanga Roo,1muayruuGhqmUgY79kQRO4,7
The Jamborees,5fpJ1JmUCDq0xvMuqOoBAo,132400
Cooltime Kids,48QfeGNjlY4j8uFJ7Ghh8e,16
The Party Cats,2hCA1Ydi1AJZAYNmCP8Mvk,33300
Secret Agent 23 Skidoo,7zhRp9EH4bF8lJx7wQtj5Q,25000
Big Pokey,1J6iGa2TNBDCrJzjsnI1a8,125600
Blake Rules,5cdbXEnJgop6zjIxn4ljZ8,34200
Netherfriends,5nYfBUxnHtI6LAp32fl9qY,138000
Choo Choo Soul,1m2JWi9zHH0Wo8fK9tmdNk,53000
Mark D. Pencil,3KujqxdpMdHR2xoTpeY3jx,13300
BadKidMacei,1Ko4mOE2wXmWlaCYLTfJKo,2800
Big Mucci,3J4NyWIyckQkncdfizUmHq,54200
Rico,6DwzHek5dCcuLoa9HGotoG,54600
Kids Dance Party,1fgvh9SD7beKdaE8v4LWOn,18600
DJ Black Rock,1FRo1SI8UhIeVuU6sn3xtF,1
Christopher Zondaflex Tyler,5rRb6KwJPGW9sLXqRfqfgi,1800
Kidsounds,3WVD9BKeC5RSLjKxCnsMR4,9000
Spookie Blue,,
Debbie Doo,5AHUMrHGPwawAnAamJgDJU,11900
John Archambault and David Plummer,2R1aNdEPdzkU1va9WM4H3O,160100
69 Boyz,7qeBsFLeNEuzrDhDMbnDwF,358400
Rik Gaynor,6igtsQZ3o43HIIWIRlVP8N,49800
Grey Skye Evans,0xcZxQPXuEniKbWwUMvPPP,4200
Badkidparis,4UZeW2nqRKkpudcJ2nl8c6,0
Grandmaster Slice,1z5pJz058rKSFj99anP0Q6,9900
Ray Remesch,7KDvtBzHoXz3snZRFillze,59600
Preschool Popstars,7r7msCm1sJiCUv2FxarTUF,4700
Rock 'n' Rainbow,3w4VmCqZGRh2yFuItyeizb,19800
"Diego, Dora & Friends",1FDuzOOZw1T2HHQmcnVT2V,18500
Stevie B,39RvmEYs1splMjYdxuGd3V,0
Babyboomboom,0RJMFqKwqZoTpqPASlIKA7,3400
Ali Fisch,2WjP2KTCWlhDMwgK5QSGfi,0
Pj Panda,5JoLyttlVOhNk4gGBTXsMS,86200
Coach Kody,6Vgl5qX4ArZ9lLzegNnzt9,10100
Top of the Bus,6wwg9WxmjMplaj6kf3U3I1,9900
Electric Slide DJ's,2NypRZn8utazPQ59y4Tn9G,850
KD Da Kid,0Esi4z20YNw2LdsVF57epg,2500
Mixx Master Lee,16JJFeQE378dTzwlg6wTUf,7500
"Christopher ""Zondaflex"" Tyler",32ky8JkpLDzslNyzm5JluT,1
Mini Pop Kids,2VAjBQ6cM2faT2UKxONV93,95000
Jules Barringer,6omg9EEdVny9VqthLgaF8M,57
Jack Hartmann,7okT3a2kDis9lOUAEMIpeG,164200
Shirley Murdock,446ZfKMyzU2hwfHA4CI3dy,117700
Tha Slay Gang,34VL14T5ubMW3QNw32vIKe,5800
Fresh The Clowns,4h2xLJoXmkuOJ1oLlpACT6,2200
Lani Love,77Mv21UYtPr75Y7ZiAIXo2,9200
Kids Rock Kidz,6CmyHNm8Nhkxaqhs31DABo,3800
P.O.S,6PqtTOqDDdBJQzgCW2TbwU,30500
Khalil Vegas,4diVfkUd5y3ZpvmNQhltNn,0
Wobble Baby Wobble Baby,4n8LAhTVrHsnpYlnJN54ud,8800
Hip Hop Harry,0Jdu4KxR4ViDPoVn5VkoLh,19100
Bun B,45a6gCQWq61lIUDmr1tKuO,576500
Chris Ardoin,0ejKajmLi2MClrte6SV5BC,40900
Mega Ran,2mCmDragybleJXqTqsOk5I,50600
Basho & Friends,7fgNm6D4RKigmuneN9srGZ,7000
DJ Chose,28Jt29jw6Smc3ZkzALTouq,560700
Johnny Oz,7GkgjfpYIkFVA1OkGIy7jh,7900
Poop Emoji,5Jg2XbJHuyzowoTo05FsMv,4400
Anthony Broughton,7Dkbc3C9t6HSSwZ08CbuIb,2400
The Kiddie Katz,1QQDGsTG3h7q5JG0ydnb2T,7100
Line Dances,3uEmRaxWzaiK9abdGZBPRI,9100
ML3V LLC,5E27Z7eUwssAbYG6eViR0K,37500
Cody,2KUh0JTln3pljdVrev6A5F,2900
Mr. Primm,1LWRjmEu1mWd95oX6Vqlyb,13300
Scatter,1gB1NKDQpvMNpGVrVeRbd6,3500
Electric Slide Music Makers,1VCtMJoDuOXAqX0rVG8xCe,47200
Miss Melodee,1tBMa6Wiq1b0O9vDgGI025,20900
Little Apple Band,3FCu4XKU7SMobrCqEnTRSJ,91600
Childrens DJ's,3MJ3XmF1gJ83eR2sRXVaVb,238
Mee Wee,53oYcs7ZLh8S3lmt3E5fBp,2100
Onyx Kids,0O0h8rsIXUdIbFc9F61ZKc,618
Leo Lion,43tGzrIhgILbUcD6WKw18p,562
Sims,3REPW9qXSD6VjeAHr0OENv,19600
Pokey Bear,1LbhYtMUmJmv1B6U0eU7VC,100200
Partners-N-Crime,45QC24TiJaUefMd4ZXqMpB,4600
J-WONN,0EePyJpLbQopStamceVusG,39600
Jeter Jones,66cHA84K27hhCReCYTgQVF,29100
Roy Scott,0h1o7Im7eCoMRSQhv1J3Gl,525
Electric Slide Party,2GKYW7wLICTQuZ2qABEtWP,875
The Bad Kids,5ORdf3lpgJEQiJEVkSD3Py,0
Lil' Ron Ron,2J3bi3bkISc9ZBXWCFrYjH,280
Have Fun Teaching,705Z0iFTodc8kuWuq6s5ah,28700
Mr. Collipark,3EtuDyQhDQYISGg1DU5qZj,340200
DJ Krazy,4cxoveFrAi5EdpeCcQl8fp,105
MC Fireworks,7GdAVhUxloi17j8jmajQ4n,45
Mister Rhythm,7q5W82c0ByikBM5VnWMVda,7300
Terminator Dave,1BcxYSIAj23MdudlfN8kPS,369
Boston Soundlabs,5041wCLttayhcfPGMJytPS,4200
Delina,1JuOo0KFlEfBbHBxb87eX1,89
Culture Queen,4IfGc40LRbnwom32WYBhJs,1200
Kids Rap Radio,2YD4kgyo0midNau1KI6g8x,47
Penny Pincher,5IP2xZhgJ1CSXjtYYu0PUY,0
Andy Z,6ETYDr9Q1fOPzBeUctjWgm,9600
Big Don,5CgfMNQljRnqHeS8EZ54JT,813
The Singing Starlett,1cPLMrIum0EqxbyRa9lbxN,0
Young Dylan,3anDcxiJBxxXhrdwZqx7vl,13600
Barry Carl,5PHvmnOw3ONQYISKRUqgqZ,631
Sean Altman,09bSPvjJiuPaVf4RMynNSD,23800
Inna Dukach,5HqejXKj7JNSKYC1FIRJ6Q,249
Jon Spurney,6HmnJbr4IrZPcWLhNpoQtQ,254
Patti Rothberg,1AkQ3MzXuiP3hQakPfdLF1,3700
Eric Booker,7vP9ktUNoEGSXTmOSjsniL,245
Uncle Devin,1qr8l7v727Gt0PLXMuVnpN,264
Elliott Kerman,3kVZF1cWEpN9Cyp8im4Hnc,337
Slug,5yx7UWOJslWkkad2wMewWY,2800
Demarious Cole,2pfCeYQvBTkhTawWPUBhCc,0
Shade Jenifer,0H4RQd6VmuhhYVIDYUhjDy,91600
SJ3,4dhJ81YFBhoRon81waZ0D4,0
Children's Party,3fnUf7CCVt3YRFgSkOc9TP,484
Keelan,5LuPmJbgDnSyfnDkJEU3yk,2
Tristan,4dksllH87LsrZgin0ee2uc,180300
Chicken Dance Mix DJ's,0bD4u6CHndn0nXJe8RR9xY,15400
ZaZa,7ipwVPuLHQUfpP4wRmj1nn,6700
The Hampsters,4bL2WLaShfbnsQemqoGxM3,2300
GoKeeKeeGo,7zsyllxtoU29NBJPu96jbz,89
Pokey,0BpLV4HfpsQjl2bEGi0SHv,49
Mystikal,3LIJJJkO7R5RasRwt7xIn5,893700
Dj Ro,4IyAUBqSyzDQ9SMeFjb9ev,24
Casper & Col'ta,3mWhHh5X42WmVx7Hku1zc3,3300
DJ Cotton Eye Joe,0c9M5nWM6ClgHODfd55fa5,137
Luke,4JPtvdV0f0CWOKhCIsF8qO,69500
Shorty Da Kid,4FPWvoJIUmUQMrq1M58fQ8,0
Lil TerRio,1hIPayHUi2ITUMtEONd79P,93
MC WORLD,,
Nebu,3Vcb5C9cZScsXZ5uVv5Nsa,4
Andrew Jackson,5RSplWKaHB1rliCI4CNSQO,2300
Cristal,6i4nbGTS2gSP0e6emkTqdX,90300
Kayden Dennis,3YczYuflWBOlQfyDrBkHok,377
Lyrikk Dion,4rFi93HeVoNEhJOHdNiPC3,47
Afro Nursery Rhymes,,
Isaac Ice,4UXmvEKMwWruhkXVB9pvBs,0
The Mowgli's,6AGUQK1EWK6nvN4pLIDQDQ,665000
Baby Jason,0Qps8pGjkEHGWs0ZF4Bui3,3
Chicken Dance Party,6NWs9IZUD2fechUm306Dmz,108
Kids Hit Masters,15vYEF4FB0Urzzt1Fdv4xC,5000
Paleontologist Paloma,5G0YQqdQPR8gnBfap8cUFv,0
Freeze Dance DJ's,2vnlIUooL0M6u8zJaJImU9,3000
Bunny Hop Dance Party,7E7RsGtRMYVH8UDRWLBofH,176
Silly Kidz,5l92bthqJ3IR94Qf2kQHPM,1200
Dance Dance Dance!,5xCeDPABuGyybLicrjcWPv,2800
Cha Cha Slide DJ's,7dwkvomsDEwCLu7LBMiioy,4000
Junior Jingles,4YVfM7gXdLCXCB7X33OZnK,173
TheWickerTwinz,6oW0Cv02c0I2to6YrKIaq7,131
Raheem DeVaughn,59NO6KX7wQCG7jGdtH1NtL,230400
Santigold,6Jrxnp0JgqmeUX1veU591p,7800000
Roi Anthony,,
Level,7x6piCyJR9YpMWhTRyHRvJ,181800
Mr Phat,5Oa9Hq3n7uyB5Po3nQk5Bw,0
Electric Slide Dance Party DJ's,6xkqsaVA9bnRw1yaBMvmLC,203
Kids Rap'n The Hits,2BrDz1Swv1kqola1AYzjGI,391
Foxx,2l6Z31DakUv5Gl9yQPbLEl,1200000
Juan Holladay,1s7yhAuAx4Eew7oWLT1ebR,0
Asheville Symphony,6TwLnDRZ5piVdZ6YpIadH4,2200
Marley Carroll,4mjVQFIgNetwBWatbQROKq,84400
The Nursery Rhymes Superstar,1sp0fS9tMLaYmSCMjPuuD6,111
Zuri,3Mfn0ne9hvt0iroDF8qW5d,0
Lil Duval,6YiHht3u7FFszle72kpbdQ,164700
Genevieve Goings,33FChbguJKySyP5Spe5jiN,33000
Prince Royce,3MHaV05u0io8fQbZ2XPtlC,26800000
Feid,2LRoIwlKmHjgvigdNGBHNo,37400000
Dalex,0KPX4Ucy9dk82uj4GpKesn,13900000
Sky Rompiendo,51XrH5fQP2oIQynuKxSWcW,7300000
Nacho,2ayNSoKPCRAfjp6hQ76hRu,6500000
Marciano Cantero,5QzDzXfXC5lepOBeQXBiVO,42800
Jay Wheeler,2cPqdH7XMvwaBJEVjheH8g,23600000
Totoy El Frio,5IYRfypwG9BDDh5ZRPI80z,1900000
Maria Becerra,1DxLCyH42yaHKGK3cl5bvG,17500000
Ryan Castro,7j6DKwmjbxvpQO8h914uEz,30500000
Sky,5yviYTy79A8vuWF8iR6nPS,216400
Crissin,6VOoiigTiLVgsMQPP1JOdC,762000
Natan & Shander,5OBK3iQwjNQqElPmn4TgAE,984000
Morat,5C4PDR4LnhZTbVnKWXuDKD,14200000
Aitana,7eLcDZDYHXZCebtQmVFL25,20200000
Casper Magico,1fux65HMCBvfJHqlBc4Nno,12100000
Eq,,
Alvaro Diaz,5J7rXWjtn5HzUkJ4Jet8Fr,10900000
Ms Krazie,1RhOh9I75vVWEDmzRVkRUz,455200
Chino Grande,1DisOtNFBsfGAuifnt4o8j,330400
Willy William,4RSyJzf7ef6Iu2rnLdabNq,11500000
Manuel Turizo,0tmwSHipWxN12fsoLcFU3B,38100000
Paulo Londra,3vQ0GE3mI0dAaxIMYe5g7z,18100000
Danny Ocean,5H1nN1SzW0qNeUEZvuXjAj,30600000
Lalo Ebratt,1GAymyGBvB4gQy5Z5LZ1Wj,7500000
Lenny Tavárez,1pQWsZQehhS4wavwh7Fnxd,20800000
Brray,1GKIlPFdcewHtpDVCQ8zmJ,13000000
Emilia,0AqlFI0tz2DsEoJlKSIiT9,11300000
Ptazeta,5UN0rzL594mWY2RbOtZqIN,2300000
KHEA,4m6ubhNsdwF4psNf3R8kwR,12300000
Nicki Nicole,2UZIAOlrnyZmyzt1nuXr9y,14400000
Ana Guerra,3MRynBsyLGzv3IQ9Fip6hO,318200
Alejandro Fernández,6sq1yF0OZEWA4xoXVKW1L9,17300000
Brytiago,00XhexlJEXQstHimpZN910,14700000
Jesse & Joy,1mX1TWKpNxDSAH16LgDfiR,14900000
Tony Dize,3LKXWvXFWrkwUzJWxzwVpW,15800000
Yandel,0eHQ9o50hj6ZDNBt6Ys1sD,27200000
Skinny Happy,6JLUdkQLodwXcKVnlc3EUQ,1100
Trapical,1akovilveREPmx1E535jJU,1000000
Ken-Y,4DYFVNKZ1uixa6SQTvzQwJ,8600000
Marioso,3vK6vMiSDE0xwZXm1Z2bRz,3100000
Marc Anthony,4wLXwxDeWQ8mtUIRPxGiD6,20700000
Pablo Alborán,5M9Bb4adKAgrOFOhc05Y50,13400000
David Bisbal,5gOJTI4TusSENizxhcG7jB,8800000
Antonio Carmona,1YVEF2N8QHkkQ84LM51Xyo,1900000
Malú,3TLGNOdp1UWYMnV5XG9HkR,2400000
Vanesa Martín,5kSJMVPcTITrSZxTrHllVN,2700000
India Martinez,6FOpWOxsjQxKEbLiJpU1xV,2700000
Antonio Orozco,1ADdpen72RPuafRcv0YRBf,2500000
Niña Pastori,6UelqIK8qwhWFc2f6nSEh8,3300000
Laura Pausini,2e4nwiX8ZCU09LGLOpeqTH,12900000
Rozalén,5soMpG6E6oApEiCZgrWeVz,3300000
Tommy Torres,264nbMzGPSkDZqTY8nXwCG,2000000
Manuel Carrasco,7qAoXV4U0qDxQAUqhszjAA,2400000
Pablo López,4uyqaioPEdClDxU6zvYlAZ,656100
Timbaland,5Y5TRrQiqgUO4S36tzjIRZ,27700000
Lasso,3SCOuAxngTC1yGjKMcIPEd,8400000
José Madero,62nVRNDLaS8m1p31F6omGw,1000000
Noel Schajris,2uEjXyVi0SA1HPpj3zquXh,341300
Juan Luis Guerra,22119GKONcwaofkpE1taDZ,840
Andrés Torres,4KLOMib6zqzNayKwLWTs2Q,452500
Mauricio Rengifo,7p3ipw2PvGG0X2x6zL1DLO,449600
MOSKA,3xKmiuyEnbvjs3RM3LpGvE,396
Juan Luis Guerra 4.40,3nlpTZci9O5W8RsNoNH559,16700000
Christian Nodal,0XwVARXT135rw8lyw1EeWP,19700000
Marco Antonio Solís,3tJnB0s6c3oXPq1SCCavnd,20400000
Chris Jedi,0qTZZWLzuD59Un5r1speHm,10400000
Arcangel,7viqvBP4uYljgKcqYfLkvu,16600
Ñengo Flow,12vb80Km0Ew53ABfJOepVz,27000000
Descemer Bueno,5luyt0SUvGkDMY4ILP6Qhl,12900000
Gente De Zona,2cy1zPcrFcXAJTP0APWewL,16700000
Young Miko,3qsKSpcV3ncke3hw52JSMB,21100000
La Oreja de Van Gogh,4U7lXyKdSf1JbM1aXvsodC,14200000
Gloria Trevi,1Db5GsIoVWYktPoD2nnPZZ,8400000
Monica Naranjo,0zGM73sadbAOBLev02P8LO,2000000
DJ Frank E,4yt2wdqvcHygghx9iNUb6i,1600000
Andry Kiddos,3mXFyGsGwiXIybo2Sr4EG2,149500
"Tito ""El Bambino""",5fJsY7afrbsyzJj9wdzJMh,16800000
Ines,6EWmctXfY44tJov3N9jXxO,357
Selena,6IE6z7DcZIT4Ml3Fh5Ivch,10800000
Cristian Castro,2AZOALDIBORfbzKTuliwdJ,12200000
Barrio Boyzz,2pEJhUF93gQGPdWJnusnZp,137900
Ricardo Montaner,4uoz4FUMvpeyGClFTTDBsD,8600000
Alejo Alvarez,5VrBzmuTNGwZeUM4GV0N9v,33
Dandara Guinares,4L8kYqKO4HsZIUbo8pKwdZ,28
Elias Manuel Pardal,074Rwv5G3aWhxf5COx01d8,134
Emanuel Maximiliano Cerrudo,1TG4reRLiJckni92hagavX,27
Julia Ferrón,2Qd2n4R3V3fWQyOZAYFpH5,42
Leonardo Jurado,,
Naiquen Galizio,0aOYzr2EwEMDrNn2pts3Uk,350
Kevin Roldan,1RBzGO6Nm3uyhUSxP7EDWO,8600000
Lele Pons,6i3DxIlAqnDkwELLw4aVrx,3300000
Alvaro Soler,2urF8dgLVfDjunO0pcHUEe,5300000
Lyanno,1Ts9of7VPZElwPQnqnDSfW,15000000
Noel Holler,7GAYMj354pCJ0yazsS0ryj,517100
Don Lore V,0Wn2sUjlWiK9P193EOF0dW,201600
RBD,7cjh6y0V9SsyCrWSXTzwOs,5400000
Anahí,0TeVa4xdLB8vdzjsvKH6Ri,5600000
Dulce María,6kaefrHSdAvxhhCVDFTCEL,5700000
Maite Perroni,6ModsWtBph2rE6zCTVxvZt,6100000
Christian Chávez,0aMqt2uGLuHj4eI8oXgVzN,5300000
Christopher von Uckermann,5O8cudluftNZ6PCwRzvYxo,164600
Alfonso Herrera,0veZkZPeWoJQ9gt6VAXlkN,11100
Bad Gyal,4F4pp8NUW08JuXwnoxglpN,13300000
Thalia,23wEWD21D4TPYiJugoXmYb,9600000
Lola Indigo,3bvfu2KAve4lPHrhEFDZna,7200000
Alejo,0ghhJkRV9X3WbUoLuQ4G52,8600
ROBI,6mdVQvlAoyqpPcakFvVVnz,82200
J Alvarez,6XFITTl7cFTdopDY3lUdlY,12000000
Sak Luke,66h64PPbB68JMXXAIgr60U,160300
DJ Valdi,16xYItZLtuL17JkuoGiygc,135800
Denise Rosenthal,73SBwOgH6mrS09OyFHdR62,472300
Mike Bahía,1phfTBIocBW3UwqcYjaEN6,5100000
Mauricio Renfigo,0KOrS1vIyPI4RNJ80VUY8l,3100
DaniLeigh,0XIKGBo9PnK1ApI5tZA60d,2600000
Pedro Capó,4QVBYiagIaa6ZGSPMbybpy,10700000
Carlinhos Brown,5jvQoouPSDvUEwynz5KPpv,861900
El Cherry Scom,1tfhFc2Y8iplDKCteuXjCY,6200000
Fuego,7wU2WGCJ8HxkekHHE2QLul,6200000
Amenazzy,6kq4GHwUcUojGIu0ziSNXf,5800000
C. Tangana,5TYxZTjIPqKM8K8NuP9woO,10500000
Sixto Rein,2dYSrA999b3VYp5V4J12T7,303100
Juan Gabriel,2MRBDr0crHWE5JwPceFncq,14200000
Jeeiph,6ZtLRqHEkAXPWVw0eRbDac,705500
Mambo Kingz,2T1aUibqR2QC2sINIDQOAK,16200000
DJ Luian,64aJYyrXljOodnUG6jvhRD,16900000
Zion,1CVKHwcsqgtMXbKZJlBYID,494
Elkeretumba,6A5jGHSsW8gbCqFy9qJLVt,22600
Los Mendoza,3MWmXactZSRdJ9vvjMIiVc,165000
Emmanuel,2DmYtFBKcxb3ajwWWgA576,8700000
CNCO,0eecdvMrqBftK0M1VKhaF4,9600000
Nesi,0f6U482Lbo91QNqNFH4Tat,512100
Tokischa,2p4aN0Uxkk3iT3HK0cJ2cJ,12100000
Louchie Lou,4DxlG8gbthzgDeDZiywaoQ,23600
Michie One,1otleRGxIU5q64yzCNUHsi,44200
Angel Y Khriz,7npqy7rgdX2D3yfVyWExKo,9600000
"Gocho ""El Lápiz De Platino""",65VADjjC47dZbyOyrgNWJA,202300
John Eric,0IUvQ8DrCymt5IHywZsda2,216100
Kevin Martes 13,2OEZ0KKJrKXsRQ6hU9bbfS,423500
Los Cadillac's,44clbgZfF4GkBAyduMPE2W,146200
Trapical Minds,7lilUV0c5xjhnakgpbmpdi,3100
Bacilos,1mux8L6xg2Cmrc7k0wQczl,10700000
Mijares,3zhijRRIZX2B6G2T7vJl9p,5000000
Intocable,108moq3rq6bm1M4Ypz0J02,10400000
Jhay Cortez,15EWbkPIc4DOahpUEeKu1H,228
Luar La L,4axKuDPr6WKcDCyh8vueTY,14000000
R.K.M & Ken-Y,3jFjgKOGfVLWfXX8q5wrsg,8700000
Toser One,7rpKb1IlFFPINHXghluWTr,0
Lefty Sm,6eXHRfK9Ad3IpMpSAqvcDf,4800000
Ñejo & Dalmata,1ykothWH0xl8drRyJWuw7I,6000000
"Héctor ""El Father""",2TjgzYcbTdsZjbT9OItIeB,14300000
Belanova,3oNy8cjBtJzLC07I70sklp,11100000
Paty Cantú,7K9rdoOJSiKXoVXPlSkGKT,3700000
Juhn,2LmcxBak1alK1bf7d1beTr,7800000
Millonario,2N2aJ1SXQxMkhHD8C6fhYD,6400000
Erik Rubin,43hb5av90CTCWFldaaTp7n,841100
Yuri,5wPk5S4evPJCbmEQdkVCBJ,2400
José Luis Perales,5RwfJb8wxN1fuodcPORVxP,6900000
Aleix Aiken Anderson Jané,1fj80vxEvILiq6RPVOsUfC,48
Slovak National Symphony Orchestra,6h3cTiy3fjPf9moXgQIWeX,23500
Allan Wilson,6KVBv8xrYZTaK5szysZaDK,211
James Hayto,22L2HmoyYqODqxXr1jHKA2,114
Chris Pearson,4RireTBSDT3zvhfIGHNeLx,69
Darran Muller,5IqcIa08F09yETkcbBKmJB,93
Apollo Voices,2qzv3PmWtIAcLFAWVsrw0N,81100
Graham Foote,51ohWpDxnaUN0dqZuVSgEj,119
La Quinta Estacion,7FZj349hdLfD6qzXkJLuAh,11000000
Nicole Scherzinger,40xbWSB4JPdOkRyuTDy1oP,4099999
Lou Bega,46lnlnlU0dXTDpoAUmH6Qx,6300000
KEVVO,4QrBoWLm2WNlPdbFhmlaUZ,3700000
C-Kan,1QhaqxeqF9sipS2gwbEKpu,4900000
El Canto Del Loco,5RK6c1tyaKpwcDpbgCGNgj,2600000
Diego Torres,0LALueHEQunQ2d61fXGeZh,4200000
Timbiriche,1FbygZnWsyUjzjTGLhWVlO,2900000
Ecko,3cwddFGPQc6AvzysPrqRso,102
Pablo Pesadilla,3VHq6BzOook0a9IbbGdAiz,0
Polimá Westcoast,768O5GliF0bqscyghggrbE,4500000
Nickoog Clk,6rHwFb0YjWexAYxTjm4eIj,2100000
Fran C,5NenY2Jl9wwLRxf86go4Y8,2100000
Rvfv,2CCgb0KApjfQDuTppovpf8,12500000
Mora,0Q8NcsJwoCbZOHHW63su5S,19300000
Harry Nach,0NnUMWDCDi1snuMja6IdxH,1500000
Cauty,2QUvtLq6oQaX0LNsYY2fas,1700000
Hozwal,1lgtR3WlcFxEy6yPoOh0J2,837200
King Savagge,7DXregrznS25AM30UY9sUU,2400000
Juanka,3Wb38LDP3N4tkobValgE9D,3100000
Luny Tunes,5pZE9tgrhmIGWAsJZ7YxNK,12200000
Sharlene,1gIUNwemvV0ieFYpL6jbEB,60800
Flex,5URq9Vjnrv8mNIkT8RD5w3,63
Mr. Saik,7fzjOp0zWBmu7M5R7kZW60,1700000
NASRI,7jaIAzMafOmzGMYuVjKcOp,6000
Jairo Vera,5CAruGjgds3QlF5ICtEnnc,3400000
Bayriton,29fcEFHRcOhfTYXvS8POPV,1800000
Ignacio Green Clown,4ex0u8uqsm6f72ldTlkCuv,28100
Paolo Ronaldo,1jgSrMyqcax0Hogl3ajZ7w,28100
Rels B,2IMZYfNi21MGqxopj9fWx8,23200000
Baby Rasta,0GgyFUpOyzWDRDqx8FCTDN,6000000
FMK,0dUyjgCyjfj5eMx6bX2TWf,5100000
Tiago PZK,5Y3MV9DZ0d87NnVm56qSY1,13700000
Mau y Ricky,2wkoKEfS6dXwThbyTnZWFU,9000000
Kikimoteleba,20fLTbSref8bRqtfD82pSo,711100
Revol,2wYOpkTJZGByNEOjEnSmoW,7500000
Chimbala,4VVEpEhC8NcR7AqNEds42U,7000000
Duki,1bAftSH8umNcGZ0uyV7LMg,15000000
Jerry Di,7f02bxFbZIOVdSbYRNYvLT,4300000
Balbi El Chamako,3k090bKo2iSqNdowffKHrt,1400000
Forest,2j6Up11EpEUKQ5yIfFXhdU,478300
Bayron Fire,2IAxPmQzx2NuutHe7ta7gs,2100000
Dvice,3X6Hz7ZwLKzUcXfFUIVtwt,1
La Fortaleza Real,0yeH1le8FnlMczNSy9d4iU,173800
Jehza,3BHSpo1fuUPXqRTsokxL6k,78200
Lyan,2GzKA5uPf3Nef6JjkUNk4H,415600
Jd Pantoja,7yjRUA0Iz3VI4Kqa5oPJZK,914700
Cuna,4sUTtNla7O2qloGXJzAqob,102500
Pablo C Fuentes,1SQ8yCV2mxy7o4726Cjy9X,163500
Neneto,4SRF0I10ZzUX6hFmV1RCXR,157600
"Gotay ""El Autentiko""",6ieK9Ddas29reReO60on3o,4200000
Ele A El Dominio,4SzD0wClEg9NKVJZbCRFqS,6500000
Julianno Sosa,4IC2X34tZmHG3VfTbpzvwL,3400000
Maikel Delacalle,2t7vyRN71qtQT18frElAnV,3100000
Farina,2qcqjAzaBDQU0d6xNU2iTh,36400
Hector & Tito,5aB4SpKYteOJ8pAleoKkg7,6500000
Luis Alberto Ambrosio Cuque,2paOXmsqnHyoJNq9duVzT9,63700
Wilmo Belisario,68AcSpHS0tZKNGWxFkEfce,63700
Víctor Manuelle,4N5fp4zhTsVITZTVfsXpc2,5300000
31 Minutos,1EgVsKobLzbNgILxx9wrVG,613400
Simon la Letra,6hYxQDiGct9yfRlSEv3F8a,1700000
Chiquitines TV,4TVuVFNWiL3zKJVdxNdc69,438800
Chael Produciendo,2iI5KWXLjw1tqLQsdjuo0e,4300000
RedOne,6O9WquDfQTxGRZqZUXVEQx,2600000
FIFA Sound,5C01hDqpEmrmDfUhX9YWsH,7900000
Franky Style,1cLDC1abeY1jIY5AX2Rtbx,1700000
DJ Nelson,2ydZrTy8U3kOMOzx20s3dg,11700000
Jose De Las Heras,7trKViRlVbKr7Yrh9ygHnS,233100
Alejandro Armes,3J9eSTe3nQKjuMyoiO2XSi,258200
Babywine,5DLfGYyYP6BBL0fbh3GuBG,33300
Alberto Stylee,5mgqYTU6dhKlEdi7DOy4uU,792200
Andreea D,3reJRueRGl3Nt8iXDcRPA6,33800
Cyril Kamer,3J1MhhyXLJRNRZVrx11Lbf,1300000
Ñejo,2OHKEe204spO7G7NcbeO2o,11600000
Casa De Leones,26YAHs5On4KQDNsU2cYFdL,5800000
Alex Sensation,0OROVBEZCocg0FcgJpyBse,3000000
Canticuénticos,0Ochpv3RZ8qvqUcJFn2tMr,634100
Huichol Musical,1gxAFRyAsrlZu5Pty5t5gO,322600
Trueno,2x7PC78TmgqpEIjaGAZ0Oz,13600000
Nego do Borel,1B0Rp4SWGnFgGCPU5Pju6E,659600
Drago200,0iBZjEZBg8GsjaBq3lTAvC,198500
Ak4:20,1SiLK8gdECx2iEm2SSj0Bl,1900000
Young Cister,0Yg29FX1M4ayqjXs0ttZFq,12700000
ITHAN NY,0LshXUmIub6xKvOq4QmtNs,1600000
Galee Galee,0x5lhIYknBUEozHuXjkwUs,842700
Endo y Lele,4SPvKcEw9hJKvGspTKaHmZ,282200
Dayser 23,6QIIkw1rFcIwCw9OGnbSPJ,7900
Sayian Jimmy,3ZfYo6sKskRv0wOyrZZdAj,776600
yammir,1Mz5cZb7klbNKaLfxx61cU,69900
Nysix Music,5v0eLOwGUJuH1lvPSzw0xD,748400
Seven Kayne,4C29ETLBPmYKYwtJUepbJz,2200000
MYKKA,7qUmZzfGAo66NPgOEx0MWa,3500000
Omar Varela,5xIOUIBQhGFX7HIj8lhdyU,6700000
NicoClear,5JeI4RRAt6aVdubd7ukQEm,72800
JOSEPE EL DEMENTE,6t90cfIUQ39eOTksTUE0zc,74500
Gabo El Chamaquito,0M7eUGKISntPiFfqjswm9A,14
Alex Kyza,0QORPHk3wnOCjHpmDOZgfP,42200
El BAI,2vnaEm73LHWfchNiQccNBa,2200000
Marcianeke,5XQWXnMwsvuvCPMneXUbsy,2700000
Drakomafia,20BNHnI2SfySwLwWCAu4ew,594300
Victor La Voz,6Jlck8qXRgXVgbAfwF3UuD,38200
Carlitos Junior,0fTQ3jEDT1eDQG3URLTwEo,178700
Yiordano Ignacio,4GzcC1X5GRX9ndJ5TXIk2C,433300
BlackRoy,7dHiLDmaaoJ7XwEqWCcIah,158500
Yabel,3Zan5Poez2lZsuz9xXJfvn,97800
Alexfeer,3BpRAHCGnzL1q1eCPqVlyV,1300
Nickboy,39Sjt2kA9smTRfN2zT9aEI,6300
mantequilla,3Of6Gvmbgs6P4QZHmLfdsb,20900
Golpe a Golpe,0nqpXa8bkBlWgS9FKhNCuj,1900000
Aventura,1qto4hHid1P71emI6Fd8xi,26600000
Lil Mosey,5zctI4wO9XSKS8XwcnqEHk,6700000
Lil Tjay,6jGMq4yGs7aQzuGsMgVgZR,10800000
Noriega,3P4VNQLuN1qQQnL8rMaIkL,6400000
DJ Buddha,2m7JzVtYyAwdU0CnET9IvA,562500
Tali Goya,0LvzywQsf3X6Gt6aGAdlDq,713000
Jamsha,6YIsL2oVmFhVL7EIKwKVQo,500100
Frankie Boy,7qoo1AvP85FXmN8cEwnBqN,98500
Z Jocker,6IaOUkLKnYH0q8Vm2AdhQ5,606000
Endo,5mItAcPXXBACPxZIHaLw0g,3
Dúo Karma,7GXVMEG4H7HAYWFCEoJKls,93200
Drako Mafia,5nB2thUlhbjVLYOV8rqOsY,35
Tunechikidd,0QpMp8Y7jFzwCt8OZjKQdd,877600
Vishoko,19C1rDlK587MsGNU8wctkG,302200
Dylan el Menor,1BWbgLRhKszezkRFvKV529,295500
Benjita Montana,5kCFeFCLAVkTvLXtUX821X,385500
Canticuentos,4R4q5rN3KAEFfLvpC94T2j,823000
Elenco Junior Express,1qpObFWDQW9EPFSzAzi71h,65000
Diego Topa,3y6NjjMEV0m5fSaz6AXTsa,822500
Romeo Santos,5lwmRuXgjX8xIwlnauTZIP,38900000
DrefQuila,5pughe5rcsOq3GF0utMOs5,2000000
Pablo Mas,2f6TzIGIIxEuwp6o7kEbhy,1300000
Buscabulla,0MoaBi6dSquXp6rrlqlF8R,5100000
Poison Kid,5gdLCbByMUjFLhbOj8NC14,198400
Ronald El Killa,4AhvSLMUmjis3Am4Wo0ggW,0
Antuan,2S1PWH5qsCefFtECfRKfqZ,46200
Neo Pistea,01m2XZ7m7rAz6KY3scTdaV,2800000
0-600,07Hm9w6ksRaggaDBpN8RRd,53200
Mike Southside,4jIPjVHNkAKmqfWjfwg960,126800
Cris Mj,1Yj5Xey7kTwvZla8sqdsdE,32799999
Bstk Prod,2UqToiWReZnULxGGHkTMGW,68000
Benny Benni,5gUZ67Vzi1FV2SnrWl1GlE,1700000
Darkiel,4z19QMyPVRwbd4Fs2LisBa,5600000
Mackie,4LyGCVZ22bGCY4BaW04Uyl,2600000
Yomo,4myAXQmMuS1lZe8T6Y7eBg,2500000
Jowell & Randy,4IMAo2UQchVFyPH24PAjUs,20200000
Adan La Amenaza,0dQUkvpKTvHbsTxXKcIN0S,1200000
Shelo,3yVK2HqNKKReejFoMLfXYw,614300
Luxian,6pU1pqpZXzQZIQizJpYv95,64099
Magdalena Fleitas,7vUHOeU5ADsenylCCvlaQV,324800
Vuelta Canela,32MqW6QPGJov4Vtl2xYs7a,198800
El Perro Chocolo,0faquf5nQ5cxd4mePfoe7m,242800
J-King y Maximan,6UBb8ZUUyarsyod6snflAR,2600000
Basty Corvalan,6p9BBRwixGcXxZ1gdcqmpd,370700
Cosculluela,00me4Ke1LsvMxt5kydlMyU,16200000
Ape Drums,4HJnsUVBubdKJ2aV0sr48u,938500
Boza,2NfSBtmWe7oPw1EmetJVso,14400000
Nikxz,1hQJhlI1r2oa893f8N6wcg,165600
Joyce Santana,4zOhMWD0LoBe2nP7s9cHhX,1500000
Deborah Blues,4Vkh0xWH9HQAX6X1kG7FLX,52200
Arte Elegante,1F6ZW5IEGN0HB9LTtldRq0,860900
CLUB HATS,3Nk2mAv4k4ZOzrP5tpXL2G,739500
Yaga & Mackie,16Juw2gfa9IxEL3Vu69cH7,5600000
DIGITAL KINGZ,57KTCkLFeUtf1TdKiRMGnG,2200
Makano,5F73ZVq8ivLhsYF2pGg4Fc,2600000
Sussie 4,62r23J4b195KwCZIpRB2Jb,185600
Pato Machete,0Wvud7hEqI5zaI0o0iIkj2,94000
El Tigre García,7bPe5EaEek8X3IZ1Aw1zIE,56
Melora1n,4AIh4fSPNhJnPbtMV7LTHz,33200
Ribele,26sXxFxSND2L2CdFFl4YSR,30
skillstayla,,
El Futuro Fuera De Orbita,7thOJx5gcuoJcEcaoHsPAk,230100
Pailita,4yxLYO2imECxGYTTV7RQKb,4099999
Azulhema,2w9BVj8E3Xm1jD5gi2z6tq,963
Kendo Kaponi,1WMwuNKzEFtU6pPkdtryYS,4500000
Almighty,6P6GTRTigHBp8ZesNtpCKH,6300000
Manny Montes,0fYfYphxFJlUiyqGvvNlkF,0
Keylon,2GxzgycJFZivGAteZpqUe5,16600
Cachureos,5hxYWdlTGKGOsKVrxdKA9f,136400
Duo Tiempo de Sol,58IHn7WX5UYrLG9BhjAiEA,2600000
DELLAFUENTE,4bJh7sMPcVRiqe5jlnsWQV,4500000
Victor Cardenas,00CMSJdbf36zOzKB3z8JrR,2000000
Dj Adoni,3JfbHWZ07sSBjbojTU2hAt,1600000
Camilo,28gNT5KBp7IjEOQoevXf9N,20800000
Big Soto,2TQ4CGgxxCWHqa9yYIGDoU,2900000
King Savage,0dw1Z0fiT2mOYzTXIaEaUg,6400
Yelsid,0BkX3f2WgeqNgvulzPLc7R,1200000
Mazapán,7rcYk7wXrIQYA2qBccfscc,121900
Luis Pescetti,1G1eDCwDbEX8SQwhq7fPmJ,85200
Marta Gómez,759Wbu0yM5VsYUEFnWcYHY,266000
Pe & Pa,0N43nEba1YVsM1HZbEhMvJ,25300
Keed Baby,5QSZ4mP3ycTPK4b0VJNmK4,177100
Panam y Circo,0hjh0CtlHZMyBcu4e8y8xW,31700
Pepelota,1JxbzoJyNOUY88eCluQoth,0
Pina Colada Blues,1pSV6wx1cZQB3l7c2wY3mE,139600
Anumita Nadesan,1nmKYy6efdYl8sIcT0gCLJ,2900000
Sayanth S,7ImKOVIYXQFPwQHBNdejsy,92300
Gowry Lekshmi,4Te1MOr4Y7E4lMvaeuyEjR,1300000
Sajeer Koppam,7Ea6gI259RLD4aFoAsPtph,376900
K. S. Harisankar,4JXqxFqi9dxlsiXKZhKvzB,3300000
Kailas,2y67yyQYTtfZsXMP6CmZ61,1300000
Sachin Warrier,7wkeZcQtvDAeGvrTQO2hfK,2200000
Havoc Brothers,5pa1YQyC2QId306LA64Wfh,526300
Ouseppachan,4TmYziQdNas2jkgbykiajR,329
Havoc Mathan,2IN8qLfCFoORFJKagOHLhi,724600
Krishnaprasad,3RLXJhzeMiO0CMZiQiTEoN,15500
Vinesh,1VxfWLpir73wQpTn2u9qxY,21000
Matadoria,16HrBYlg7ETaVKRZ8qVc9B,170700
Marthyan,0lOLPZ7YJFRdpjon1K9f4T,56000
Sushin Shyam,1qFp8zDvsXyCsC5dqz8X4S,4200000
Ribin Richard,0Ojbc9kF43BrPCBPe04v8C,482300
ThirumaLi,6AmkU4hUrXJPIiNFsZlDzJ,1300000
Nihal Sadiq,4tn4Tbdms5VG0yWwqryYhh,982000
Nikhil Chandran,5PNeVXZSF6jNVjvA9NGk9B,220900
Nikhil mathew,75IXbZzUYShK1S4MKcnXbb,857500
Dhilip Varman,4mnyuJe27mz21c8w4wo3z2,660600
Thila Laxshman,4hOt4NszxtYXKVTh14rLEO,264800
Psychomantra,3as8HCXqsoGHDGPMcqaJOW,334800
Saint(TFC),1Im8ga1cR4Ms4dCEUjtvhx,264600
Job Kurian,4rJY6amSC7TWtV9oifBnrS,1800000
Havoc Naven,5ZWUML76b3ZPdKdYXm0cNf,654000
Swathy Manu,3CH8QjibeHbkVF9fC7TnQX,282700
Vijin Cholakkal,2WMJeAIHB2egsPOHpOTb9s,276100
Priyashankari,2uhjPLTC6bHZYvLXsHgrf8,309000
Ramya Nambessan,2jLNoI1JBkPjnIa0qCWLVa,942700
Ratty Adhiththan,06qlB4GYIEJsYDEh6yhTuF,309400
Selojan,3LarUwOHm8HD027JGUMJwU,278800
Noel Toms,3k4ieeq8zZ9g68p2Uj7qwD,144300
Arun Muraleedharan,7pdqSPB4dkmIhAs4TpN6bR,983200
Najim Arshad,4v0D49goEdstHHCMMlbpt1,1900000
Manjari,1jtuCB1QvOAOiyXxqxBeOz,1600000
Sangeetha Sreekanth,0hIbJYhtDiMWxgMtXge4gl,678900
Rahul Rajeev,3z5opViziMWmmhLoBVrvaP,32200
Sibi Mathew Alex,3cYv2Z47I1jTxuY3kyrzGu,3200
Thakara,528QfTIbfkN7BD1AM2I0SC,96200
Sangeeth,3eLmrMxtn3oTcqng8BNoPZ,83500
Neha.S.Nair,1fdZ6RzH2tU7deCTg3hZ1o,11800
NJ,,
Niranj Suresh,29sPAq2xKxzxPXG6NEEfdV,463300
Ranjin Raj,4HhPs1nwYZNmP72fuE30BV,1400000
Street Academics,0LZRSRpEniupzKWif9FXh6,135200
V3K,6iB0ogM87q6Z4h2fHZNbhe,52700
Archana Mohan Iyer,28aw8AhOzmnkmx07DqMkFX,50600
Roshan Jamrock,2ITH4nPbFeZ2Dj4zAIvl7S,773600
